,location,total_sqft,bath,price,bhk
0,Electronic City Phase II,1056.0,2.0,39.07,2.0
1,Chikka Tirupathi,2600.0,5.0,120.0,4.0
2,Uttarahalli,1440.0,2.0,62.0,3.0
3,Lingadheeranahalli,1521.0,3.0,95.0,3.0
4,Kothanur,1200.0,2.0,51.0,2.0
5,Whitefield,1170.0,2.0,38.0,2.0
6,Old Airport Road,2732.0,4.0,204.0,4.0
8,Marathahalli,1310.0,3.0,63.25,3.0
10,Whitefield,1800.0,2.0,70.0,3.0
11,Whitefield,2785.0,5.0,295.0,4.0
12,7th Phase JP Nagar,1000.0,2.0,38.0,2.0
13,Gottigere,1100.0,2.0,40.0,2.0
14,Sarjapur,2250.0,3.0,148.0,3.0
15,Mysore Road,1175.0,2.0,73.5,2.0
16,Bisuvanahalli,1180.0,3.0,48.0,3.0
17,Raja Rajeshwari Nagar,1540.0,3.0,60.0,3.0
19,other,1100.0,2.0,48.0,2.0
20,Kengeri,600.0,1.0,15.0,1.0
21,Binny Pete,1755.0,3.0,122.0,3.0
23,Bellandur,1767.0,3.0,103.0,3.0
24,Thanisandra,510.0,1.0,25.25,1.0
25,other,1250.0,3.0,56.0,3.0
26,Electronic City,660.0,1.0,23.1,2.0
27,Whitefield,1610.0,3.0,81.0,3.0
28,Ramagondanahalli,1151.0,2.0,48.77,2.0
29,Electronic City,1025.0,2.0,47.0,3.0
30,Yelahanka,2475.0,4.0,186.0,4.0
31,Bisuvanahalli,1075.0,2.0,35.0,3.0
32,Hebbal,1760.0,2.0,123.0,3.0
33,Raja Rajeshwari Nagar,1693.0,3.0,57.39,3.0
34,Kasturi Nagar,1925.0,3.0,125.0,3.0
35,Kanakpura Road,700.0,2.0,36.0,2.0
36,Electronics City Phase 1,1070.0,2.0,45.5,2.0
37,Kundalahalli,1724.0,3.0,125.0,3.0
38,Chikkalasandra,1290.0,2.0,56.12,3.0
39,Uttarahalli,1143.0,2.0,45.0,2.0
40,Murugeshpalya,1296.0,2.0,81.0,2.0
41,Sarjapur  Road,1254.0,3.0,38.0,3.0
42,other,600.0,1.0,38.0,1.0
43,Yelahanka,660.0,1.0,48.0,1.0
44,Kanakpura Road,1330.74,2.0,91.79,2.0
46,Doddathoguru,970.0,2.0,33.0,2.0
47,Whitefield,1459.0,2.0,94.82,2.0
49,other,869.0,2.0,36.0,2.0
50,other,1270.0,2.0,50.0,2.0
51,Bhoganhalli,1670.0,3.0,99.0,3.0
52,Whitefield,2010.0,3.0,91.0,3.0
53,Lakshminarayana Pura,1185.0,2.0,75.0,2.0
54,Yelahanka,1600.0,2.0,75.0,3.0
55,Begur Road,1200.0,2.0,44.0,2.0
56,Devanahalli,3210.0,2.0,192.0,4.0
59,other,840.0,2.0,45.0,2.0
60,other,4395.0,3.0,240.0,3.0
61,other,845.0,2.0,55.0,2.0
63,Varthur,1160.0,2.0,44.0,2.0
64,Bommanahalli,3000.0,8.0,140.0,8.0
65,Doddathoguru,1100.0,2.0,62.0,2.0
66,Gunjur,1140.0,2.0,43.0,2.0
67,Marathahalli,1220.0,2.0,57.0,2.0
69,Kanakpura Road,1005.0,2.0,36.68,2.0
71,Begur Road,1358.0,2.0,80.58,2.0
72,Hegde Nagar,1569.0,3.0,101.0,3.0
73,Haralur Road,1240.0,2.0,70.0,2.0
74,Hennur Road,2089.0,3.0,140.0,3.0
75,Kothannur,1206.0,2.0,48.23,2.0
76,Kalena Agrahara,1150.0,2.0,40.0,2.0
77,other,2511.0,3.0,205.0,3.0
79,ISRO Layout,4400.0,6.0,250.0,6.0
80,other,1660.0,2.0,105.0,3.0
81,Hennur Road,3203.5,2.0,224.5,4.0
82,Yelahanka,1326.0,2.0,78.0,2.0
83,Garudachar Palya,1325.0,2.0,60.8,3.0
84,EPIP Zone,1499.0,5.0,102.0,3.0
85,Hegde Nagar,3000.0,7.0,210.0,6.0
86,Kanakpura Road,1665.0,3.0,88.0,3.0
87,Dasanapura,708.0,2.0,37.0,2.0
88,Kasavanhalli,1060.0,2.0,58.06,2.0
90,Sanjay nagar,1000.0,2.0,70.0,2.0
91,Electronic City,1000.0,2.0,28.88,2.0
92,other,1450.0,2.0,70.0,3.0
94,Thanisandra,1296.0,2.0,80.0,2.0
95,Domlur,1540.0,3.0,90.0,3.0
96,Kengeri,2894.0,4.0,245.0,4.0
97,Sarjapura - Attibele Road,1330.0,2.0,48.0,3.0
98,other,1200.0,2.0,65.0,2.0
99,other,1200.0,3.0,90.0,3.0
100,Yeshwanthpur,2502.0,3.0,138.0,3.0
101,Chandapura,650.0,1.0,17.0,2.0
102,Kothanur,2400.0,2.0,150.0,3.0
103,other,1007.0,2.0,43.0,2.0
104,other,1200.0,2.0,50.0,2.0
105,other,966.0,2.0,49.9,2.0
106,Nagarbhavi,1630.0,2.0,98.0,3.0
108,other,782.0,2.0,55.68,2.0
109,Devanahalli,1260.0,2.0,66.78,2.0
110,other,1800.0,3.0,120.0,3.0
111,other,1413.0,2.0,75.0,3.0
112,Whitefield,1116.0,2.0,51.91,2.0
113,Electronic City,1530.0,2.0,45.9,3.0
114,Ramamurthy Nagar,3700.0,4.0,225.0,4.0
115,Sarjapur  Road,2497.0,3.0,140.0,3.0
116,Kengeri,1540.0,2.0,64.0,3.0
117,Thanisandra,1436.0,3.0,74.75,3.0
118,Malleshwaram,1100.0,2.0,75.0,2.0
120,Thanisandra,1427.0,3.0,120.0,3.0
121,Akshaya Nagar,2061.0,3.0,200.0,3.0
122,Hebbal,5611.5,4.0,477.0,4.0
123,Shampura,2650.0,4.0,150.0,4.0
124,Devanahalli,1282.0,2.0,68.52,3.0
125,Kadugodi,1050.0,2.0,34.0,2.0
126,LB Shastri Nagar,1600.0,3.0,65.0,3.0
127,other,945.0,2.0,54.0,2.0
128,Hormavu,1500.0,2.0,78.0,2.0
130,other,1870.0,3.0,110.0,3.0
131,Sarjapur,1600.0,3.0,75.0,3.0
132,Electronic City,880.0,1.0,16.5,2.0
134,Kudlu Gate,1535.0,3.0,83.0,3.0
135,Kanakpura Road,950.0,2.0,57.0,2.0
136,Devanahalli,1360.0,2.0,65.0,2.0
137,8th Phase JP Nagar,1073.5,2.0,54.005,2.0
138,Bommasandra Industrial Area,1280.0,3.0,50.4,3.0
139,other,1260.0,2.0,85.05,3.0
140,Hennur Road,5000.0,8.0,250.0,8.0
141,Yelahanka,3050.0,5.0,213.0,5.0
142,Kasavanhalli,1563.05,3.0,105.0,3.0
143,ISRO Layout,1000.0,2.0,60.0,2.0
144,Anandapura,1167.0,2.0,43.76,2.0
145,Vishveshwarya Layout,4000.0,7.0,225.0,7.0
146,Kothanur,1828.0,3.0,110.0,3.0
147,Kengeri Satellite Town,890.0,2.0,35.0,2.0
148,other,1612.0,3.0,46.74,3.0
150,Mysore Road,1710.0,4.0,91.31,3.0
151,Kannamangala,957.0,2.0,58.0,2.0
152,Devarachikkanahalli,1250.0,2.0,44.0,3.0
153,other,2795.0,4.0,235.0,3.0
154,Hulimavu,1125.0,2.0,50.0,2.0
155,Electronic City Phase II,1020.0,2.0,30.6,2.0
156,Kalena Agrahara,1200.0,2.0,50.0,2.0
157,Thanisandra,1735.0,3.0,135.0,3.0
158,Thanisandra,2050.0,3.0,145.0,3.0
160,other,1350.0,2.0,48.0,3.0
161,Hosa Road,1063.0,2.0,32.0,2.0
162,other,1904.0,3.0,150.0,3.0
163,Whitefield,4200.0,4.0,420.0,4.0
164,other,2000.0,3.0,175.0,3.0
165,Sarjapur,1242.5,2.0,43.49,2.0
166,other,1425.0,2.0,75.0,3.0
167,Electronic City,1500.0,2.0,64.5,3.0
168,Electronic City,1060.0,2.0,60.0,2.0
169,other,1470.0,2.0,70.0,3.0
171,Attibele,450.0,1.0,11.0,1.0
172,Electronic City,1152.0,2.0,64.5,2.0
173,Electronic City,1350.0,2.0,56.0,3.0
174,CV Raman Nagar,1550.0,3.0,65.0,3.0
175,other,1500.0,3.0,100.0,3.0
177,Nagavara,400.0,1.0,14.0,1.0
178,Malleshwaram,705.0,1.0,67.0,1.0
179,Electronic City,770.0,1.0,36.0,2.0
180,Hulimavu,1242.0,2.0,51.0,2.0
181,Hebbal Kempapura,1700.0,3.0,155.0,3.0
182,Thanisandra,2144.0,3.0,145.0,3.0
183,Vijayanagar,1704.0,3.0,110.0,3.0
184,Electronic City,1070.0,2.0,52.0,2.0
186,other,1340.0,2.0,55.7,2.0
187,Electronic City,1025.0,2.0,46.0,2.0
188,KR Puram,1277.5,2.0,56.8,2.0
189,Marathahalli,1200.0,2.0,52.0,2.0
190,Kanakpura Road,2250.0,4.0,110.0,4.0
191,Pattandur Agrahara,1550.0,2.0,80.0,3.0
194,Marathahalli,1200.0,2.0,60.0,2.0
195,Yelahanka,1327.0,2.0,98.0,2.0
196,Kothanur,1186.0,2.0,58.0,2.0
197,other,1783.0,3.0,115.0,3.0
198,HSR Layout,1400.0,3.0,56.0,3.0
199,Nagasandra,980.0,2.0,48.0,2.0
200,EPIP Zone,1285.0,2.0,82.0,2.0
201,other,912.0,2.0,70.0,3.0
202,Whitefield,1225.0,2.0,47.6,2.0
203,Whitefield,1075.0,2.0,53.0,2.0
204,Kadugodi,1260.0,2.0,54.0,3.0
205,Yelahanka,1282.0,2.0,48.7,3.0
206,Kogilu,1909.0,3.0,88.0,3.0
207,Panathur,1359.0,2.0,87.0,2.0
208,other,1207.0,2.0,43.5,2.0
209,Padmanabhanagar,1736.0,6.0,190.0,4.0
211,Kammasandra,1595.0,3.0,65.0,3.0
212,other,1798.0,3.0,89.0,3.0
213,Electronics City Phase 1,1475.0,3.0,78.29,3.0
214,other,1580.0,3.0,100.0,3.0
215,Dasarahalli,1295.0,2.0,65.0,2.0
216,Magadi Road,3600.0,6.0,141.0,6.0
217,Electronic City,589.0,1.0,27.0,1.0
218,other,1415.0,3.0,78.0,3.0
219,Sarjapur  Road,1787.0,3.0,98.29,3.0
220,Sarjapur  Road,1787.0,3.0,125.0,3.0
221,Koramangala,1475.0,2.0,90.0,3.0
222,other,2000.0,4.0,75.5,4.0
223,Sarjapur  Road,984.0,2.0,44.28,2.0
224,Devanahalli,1630.0,2.0,74.82,3.0
226,7th Phase JP Nagar,1080.0,2.0,72.0,2.0
227,other,1500.0,2.0,115.0,2.0
228,Hebbal,1900.0,3.0,119.0,3.0
229,Dommasandra,805.0,2.0,22.14,2.0
230,Budigere,1153.0,2.0,56.4,2.0
231,other,1148.0,2.0,60.0,2.0
232,other,1110.0,2.0,55.0,2.0
233,Electronic City,1100.0,2.0,42.0,2.0
235,other,1500.0,2.0,65.0,3.0
236,other,1080.0,2.0,39.0,2.0
237,Vijayanagar,1933.0,3.0,129.0,3.0
238,Ramamurthy Nagar,3500.0,5.0,150.0,5.0
239,other,1060.0,2.0,60.0,2.0
240,Chandapura,645.0,1.0,16.45,1.0
242,Chandapura,645.0,1.0,16.45,1.0
243,other,1644.0,3.0,84.0,3.0
244,other,1285.0,2.0,72.5,2.0
245,Electronic City,1200.0,3.0,90.0,3.0
246,Electronic City,910.0,2.0,40.0,2.0
247,Kothanur,1577.0,3.0,70.0,3.0
248,other,4050.0,3.0,280.0,3.0
249,OMBR Layout,2420.0,3.0,185.0,3.0
250,Chandapura,800.0,1.0,20.0,2.0
251,other,1060.0,2.0,55.0,2.0
252,7th Phase JP Nagar,1270.0,2.0,93.0,2.0
253,other,900.0,2.0,22.5,2.0
254,other,1280.0,2.0,69.0,2.0
255,Horamavu Agara,1200.0,2.0,95.0,4.0
256,Sarjapur  Road,1025.0,2.0,36.0,2.0
257,Electronic City,1108.0,2.0,63.0,2.0
259,other,3045.0,3.0,170.0,3.0
260,Ambedkar Nagar,2900.0,3.0,300.0,4.0
261,Vijayanagar,1500.0,3.0,75.5,3.0
262,Raja Rajeshwari Nagar,1295.0,2.0,43.9,2.0
263,Budigere,1162.0,2.0,59.9,2.0
264,Sarjapur  Road,1035.0,2.0,49.2,2.0
265,Attibele,1600.0,4.0,52.8,4.0
266,other,1464.0,3.0,46.0,3.0
267,Hennur Road,1866.0,2.0,61.58,3.0
268,other,700.0,1.0,26.0,2.0
269,Kalena Agrahara,1804.0,3.0,120.0,3.0
270,Sarjapur,913.0,2.0,32.0,2.0
271,Talaghattapura,1868.0,3.0,131.0,3.0
272,Kengeri Satellite Town,883.0,2.0,45.0,2.0
274,Kogilu,1664.0,2.0,73.95,3.0
275,Hegde Nagar,2026.0,3.0,132.0,3.0
276,Balagere,1210.0,2.0,80.9,2.0
277,other,4111.0,4.0,250.0,4.0
278,Kadugodi,1762.0,3.0,91.45,3.0
279,Jigani,1252.0,3.0,55.0,3.0
280,Gollarapalya Hosahalli,861.0,2.0,34.5,2.0
281,7th Phase JP Nagar,1420.0,2.0,100.0,3.0
283,Electronics City Phase 1,1490.0,3.0,78.8,3.0
284,Bisuvanahalli,1075.0,2.0,46.0,3.0
285,Old Madras Road,1425.0,2.0,94.0,3.0
286,Kalena Agrahara,1200.0,2.0,40.0,2.0
287,Kaggadasapura,1280.0,2.0,56.0,3.0
288,other,1084.0,2.0,50.0,2.0
289,Chandapura,1015.0,2.0,25.88,2.0
290,Kanakpura Road,1017.0,2.0,51.25,2.0
291,Haralur Road,1027.0,2.0,44.0,2.0
292,Electronic City Phase II,1069.0,2.0,45.0,2.0
293,Hebbal,1349.0,2.0,98.2,2.0
294,9th Phase JP Nagar,1005.0,2.0,50.0,2.0
295,Jakkur,1417.0,2.0,75.0,2.0
296,TC Palaya,1475.0,3.0,98.0,3.0
297,other,950.0,2.0,47.0,2.0
298,other,2000.0,4.0,120.0,4.0
300,Sarjapur  Road,1863.0,3.0,104.0,4.0
301,Singasandra,1010.0,2.0,29.5,2.0
302,Kalena Agrahara,1425.0,2.0,70.0,3.0
303,Vijayanagar,1450.0,3.0,100.0,3.0
304,Kothanur,1847.0,3.0,105.0,3.0
305,AECS Layout,1100.0,2.0,45.0,2.0
306,Kanakpura Road,525.0,1.0,26.0,1.0
307,Mallasandra,1665.0,3.0,95.0,3.0
308,Begur,1664.0,4.0,65.0,4.0
309,JP Nagar,1850.0,3.0,150.0,3.0
310,Panathur,1438.0,2.0,100.0,2.0
311,other,1560.0,3.0,115.0,3.0
312,Yelahanka,1350.0,2.0,55.55,2.0
313,Kanakpura Road,1550.0,3.0,67.0,3.0
314,Malleshpalya,1140.0,2.0,46.5,2.0
316,other,850.0,2.0,27.0,2.0
317,Whitefield,1280.0,2.0,75.0,2.0
318,Munnekollal,1170.0,2.0,52.0,2.0
319,other,1113.0,2.0,51.0,2.0
320,Hennur Road,1385.0,2.0,83.09,2.0
321,Electronic City,1128.0,2.0,65.0,2.0
326,Haralur Road,1464.0,3.0,56.0,3.0
327,other,1200.0,2.0,55.0,2.0
328,Kaval Byrasandra,1200.0,2.0,52.0,2.0
329,Kaggalipura,1150.0,2.0,55.0,3.0
330,other,1645.0,3.0,95.0,3.0
331,Sarjapur  Road,1000.0,2.0,67.0,2.0
332,Haralur Road,2650.0,4.0,198.0,4.0
333,6th Phase JP Nagar,1192.0,2.0,74.0,2.0
334,Ulsoor,2135.0,3.0,215.0,3.0
335,Whitefield,1173.0,2.0,58.0,2.0
336,Uttarahalli,1020.0,2.0,45.0,2.0
337,Thigalarapalya,3122.0,6.0,230.0,4.0
338,Somasundara Palya,1600.0,3.0,64.0,3.0
339,other,1200.0,2.0,79.0,2.0
340,other,1230.0,2.0,48.0,2.0
341,Devarachikkanahalli,1250.0,2.0,40.0,2.0
342,Kalena Agrahara,1325.0,2.0,76.0,2.0
343,7th Phase JP Nagar,1850.0,3.0,150.0,3.0
344,Kanakpura Road,525.0,2.0,21.53,1.0
345,Basaveshwara Nagar,1200.0,2.0,65.0,2.0
347,Bommasandra,1260.0,3.0,49.36,3.0
348,other,1800.0,3.0,150.0,3.0
350,Ardendale,1100.0,2.0,43.25,2.0
351,Harlur,1508.0,2.0,77.0,2.0
352,other,1592.0,3.0,75.0,3.0
353,Akshaya Nagar,1388.0,2.0,57.0,2.0
354,Electronic City Phase II,630.0,1.0,28.35,1.0
356,other,1762.0,3.0,125.0,3.0
357,other,950.0,2.0,50.0,2.0
358,Kodihalli,3252.0,5.0,335.0,4.0
359,Magadi Road,1116.0,2.0,50.0,2.0
360,Narayanapura,1308.0,2.0,89.04,2.0
361,other,1200.0,3.0,90.0,3.0
363,Bannerghatta Road,500.0,1.0,18.5,1.0
364,Hennur,1075.0,2.0,52.0,2.0
365,Chandapura,530.0,1.0,11.66,1.0
366,Bellandur,1205.0,2.0,66.0,2.0
367,5th Phase JP Nagar,1075.0,2.0,60.0,2.0
368,KR Puram,930.0,2.0,39.0,2.0
369,Balagere,1380.0,2.0,60.0,2.0
370,Hebbal,2483.0,5.0,212.0,4.0
371,Kodigehaali,1166.0,2.0,55.0,2.0
372,Bannerghatta Road,1050.0,2.0,65.0,2.0
374,Begur Road,1200.0,2.0,46.8,2.0
375,Lakshminarayana Pura,1600.0,2.0,108.0,3.0
376,Billekahalli,1935.0,3.0,110.0,3.0
377,8th Phase JP Nagar,451.0,1.0,29.9,1.0
378,Electronic City,1800.0,3.0,95.0,3.0
379,Jalahalli,1400.0,3.0,77.0,3.0
380,Hegde Nagar,1801.0,3.0,115.0,3.0
381,Mahadevpura,1451.0,2.0,90.0,2.0
382,Anekal,1200.0,1.0,36.0,2.0
383,Begur Road,1160.0,2.0,44.0,2.0
384,Kengeri,1000.0,2.0,25.0,2.0
385,Kanakpura Road,950.0,2.0,40.0,2.0
386,other,1629.0,3.0,79.0,3.0
387,Vijayanagar,1580.0,2.0,134.0,3.0
388,Vijayanagar,1826.0,3.0,121.0,3.0
389,7th Phase JP Nagar,1245.0,2.0,94.0,2.0
390,Raja Rajeshwari Nagar,1145.0,2.0,45.79,2.0
391,Sompura,825.0,2.0,33.0,2.0
392,Yeshwanthpur,1693.0,3.0,108.0,3.0
393,Electronics City Phase 1,1113.27,2.0,53.0,2.0
394,other,1460.0,2.0,58.0,2.0
395,Doddathoguru,1050.0,2.0,32.0,2.0
396,Dodda Nekkundi,1260.0,2.0,55.0,2.0
398,Hosur Road,1656.0,2.0,120.0,2.0
399,Chandapura,1208.0,3.0,45.0,3.0
400,Whitefield,1910.0,3.0,161.0,3.0
401,Whitefield,3252.0,4.0,230.0,4.0
402,Battarahalli,1200.0,2.0,65.0,2.0
404,7th Phase JP Nagar,1175.0,2.0,82.0,2.0
406,Bannerghatta Road,1200.0,2.0,125.0,4.0
411,other,1185.0,2.0,38.0,2.0
412,Kengeri,750.0,2.0,38.0,2.0
414,Kanakpura Road,1550.0,3.0,64.5,3.0
415,other,1760.0,3.0,88.0,3.0
416,Billekahalli,1125.0,2.0,62.0,2.0
418,Anandapura,1000.0,2.0,55.0,2.0
419,Bommasandra Industrial Area,1090.0,2.0,31.48,2.0
420,TC Palaya,1200.0,2.0,60.0,2.0
421,Budigere,1991.0,4.0,103.0,3.0
422,Bommasandra,1060.0,2.0,26.5,2.0
423,Ambalipura,1105.0,2.0,75.0,2.0
424,Hoodi,985.0,2.0,67.0,2.0
426,Balagere,1590.0,3.0,79.0,3.0
427,CV Raman Nagar,1120.0,2.0,55.0,2.0
428,other,1069.0,2.0,55.0,2.0
429,Marathahalli,1933.0,3.0,140.0,3.0
430,Hosur Road,1194.0,2.0,69.0,2.0
431,Brookefield,1150.0,2.0,69.0,2.0
432,Yelenahalli,1240.0,2.0,47.12,2.0
433,Raja Rajeshwari Nagar,1419.0,2.0,48.1,2.0
436,other,1450.0,3.0,55.0,3.0
437,other,1630.0,3.0,68.29,3.0
438,Dasanapura,708.0,1.0,40.0,2.0
440,Whitefield,11890.0,4.0,700.0,4.0
441,Bellandur,1250.0,2.0,76.0,2.0
442,7th Phase JP Nagar,1400.0,2.0,95.0,3.0
443,Sarjapur  Road,1670.0,2.0,57.0,3.0
444,Ardendale,1750.0,3.0,100.0,3.0
445,Vittasandra,1404.0,2.0,71.0,2.0
446,Hoodi,1715.0,2.0,95.0,3.0
447,Electronic City,630.0,1.0,34.65,1.0
448,Harlur,1752.12,3.0,135.0,3.0
449,Hulimavu,1650.0,3.0,78.0,3.0
450,Raja Rajeshwari Nagar,1295.0,2.0,55.47,2.0
452,Sarjapur  Road,1346.0,2.0,74.03,2.0
454,Hormavu,1150.0,2.0,55.0,2.0
455,other,3309.0,4.0,325.0,4.0
456,Chandapura,1190.0,2.0,30.35,3.0
457,AECS Layout,1620.0,3.0,98.0,3.0
458,Marathahalli,950.0,2.0,46.96,2.0
459,other,5000.0,9.0,360.0,11.0
460,Harlur,2450.0,3.0,120.0,3.0
461,Electronic City Phase II,1220.0,2.0,35.23,3.0
462,other,850.0,2.0,30.0,2.0
463,Padmanabhanagar,1020.0,2.0,63.0,2.0
464,Chikkalasandra,1100.0,2.0,50.0,2.0
466,Hebbal,1760.0,2.0,130.0,3.0
467,Ambalipura,1800.0,3.0,110.0,3.0
468,Akshaya Nagar,1070.0,2.0,54.0,2.0
470,Vidyaranyapura,1440.0,2.0,95.0,2.0
471,Amruthahalli,900.0,2.0,40.0,2.0
473,Whitefield,1130.0,2.0,42.16,2.0
475,Kodigehalli,1270.0,2.0,98.0,2.0
476,other,1200.0,2.0,62.0,2.0
477,other,4800.0,4.0,235.0,4.0
478,other,1200.0,2.0,74.0,2.0
479,Subramanyapura,929.0,2.0,50.17,2.0
484,other,1464.0,3.0,56.0,3.0
486,other,2000.0,4.0,99.0,4.0
487,Chikkalasandra,1208.0,2.0,49.0,2.0
488,Hebbal Kempapura,1130.0,2.0,60.0,2.0
489,other,1753.0,3.0,120.0,3.0
490,Old Madras Road,4500.0,7.0,337.0,5.0
492,Hoodi,1196.0,2.0,94.42,2.0
493,5th Phase JP Nagar,1150.0,3.0,52.5,2.0
494,Electronic City,1128.0,2.0,63.0,2.0
495,other,1000.0,2.0,53.0,2.0
496,Yelahanka,1035.0,2.0,45.0,2.0
497,Kereguddadahalli,950.0,2.0,32.0,2.0
498,Bisuvanahalli,1075.0,2.0,36.0,3.0
499,Whitefield,1040.0,2.0,48.5,2.0
500,other,720.0,2.0,45.0,2.0
501,Lingadheeranahalli,1511.0,3.0,95.0,3.0
502,other,1300.0,3.0,58.0,3.0
503,Hoodi,1545.0,3.0,68.75,3.0
504,Shampura,375.0,2.0,26.0,1.0
505,Vidyaranyapura,1062.0,2.0,38.0,2.0
506,other,1115.0,2.0,40.0,2.0
507,JP Nagar,1000.0,2.0,35.0,2.0
508,Kambipura,883.0,2.0,45.0,2.0
509,Sarjapur  Road,1195.0,2.0,70.0,2.0
511,other,700.0,1.0,41.0,1.0
512,Vittasandra,1246.0,2.0,67.0,2.0
514,Banashankari Stage III,8500.0,4.0,145.0,4.0
515,other,1600.0,4.0,80.0,4.0
516,Haralur Road,2805.0,5.0,154.0,4.0
517,Begur Road,1584.0,3.0,65.0,3.0
518,Sector 7 HSR Layout,3000.0,5.0,275.0,4.0
519,Hosur Road,1175.0,2.0,48.0,3.0
520,other,1595.0,3.0,115.0,3.0
521,other,1353.0,2.0,110.0,2.0
522,Electronic City,1599.0,3.0,125.0,3.0
523,Whitefield,1150.0,2.0,70.0,2.0
524,Jakkur,5230.0,6.0,465.0,4.0
525,KR Puram,1155.0,2.0,42.74,2.0
526,other,1200.0,2.0,85.0,1.0
527,Electronic City Phase II,1000.0,2.0,25.0,2.0
528,Thanisandra,3000.0,4.0,120.0,4.0
529,Rajiv Nagar,1867.0,3.0,160.0,3.0
530,Ramagondanahalli,1251.0,2.0,47.0,2.0
531,other,1028.0,2.0,45.5,2.0
532,Arekere,1222.0,2.0,45.0,2.0
533,Bannerghatta Road,1170.0,2.0,66.0,3.0
535,other,1385.0,2.0,48.48,3.0
536,HSR Layout,1372.0,2.0,68.0,2.0
537,Magadi Road,1282.0,2.0,49.0,3.0
538,Mico Layout,5000.0,9.0,210.0,9.0
540,Kanakpura Road,1135.0,2.0,39.73,2.0
541,Whitefield,1768.0,3.0,101.0,3.0
542,other,1325.0,2.0,90.0,3.0
543,Electronic City,1599.0,3.0,99.0,3.0
544,Whitefield,1500.0,3.0,61.95,3.0
546,Uttarahalli,1286.0,2.0,63.0,2.0
547,Kammanahalli,2845.0,5.0,140.0,5.0
548,other,1600.0,2.0,50.0,3.0
549,Hennur Road,1317.5,2.0,63.77,2.0
550,Hebbal,3450.0,5.0,260.0,3.0
551,Munnekollal,1102.0,2.0,53.67,2.0
552,Yelahanka,1350.0,2.0,54.0,2.0
553,Banashankari,1200.0,2.0,42.0,3.0
555,other,1800.0,1.0,80.0,2.0
556,Chikkabanavar,950.0,2.0,40.0,2.0
557,Kanakpura Road,525.0,1.0,27.25,1.0
558,Attibele,656.0,2.0,25.0,2.0
559,Marathahalli,1780.0,4.0,175.0,4.0
560,other,1056.0,2.0,80.0,2.0
561,Bannerghatta Road,595.0,1.0,33.32,1.0
562,other,1080.0,2.0,50.0,2.0
563,7th Phase JP Nagar,2225.0,3.0,160.0,3.0
564,Bommasandra,1126.0,2.0,28.15,2.0
565,Electronics City Phase 1,1490.0,3.0,84.0,3.0
567,Sarjapur  Road,1550.0,3.0,100.0,3.0
568,other,1600.0,3.0,86.0,3.0
569,other,1160.0,2.0,55.0,2.0
570,Whitefield,4144.0,4.0,315.0,4.0
571,Sarjapur  Road,2100.0,3.0,125.0,3.0
572,Vittasandra,1404.0,2.0,69.3,2.0
573,Sarjapur  Road,2230.0,4.0,225.0,4.0
574,other,1544.0,3.0,120.0,3.0
575,Banashankari Stage III,1305.0,2.0,58.7,3.0
576,Marathahalli,1230.0,2.0,80.0,2.0
577,other,1200.0,2.0,65.0,2.0
578,Harlur,1460.0,3.0,73.0,3.0
580,Gottigere,967.0,2.0,45.0,2.0
581,other,540.0,1.0,36.0,1.0
582,Hormavu,715.0,1.0,46.0,1.0
585,Mysore Road,1020.0,2.0,48.95,2.0
586,Jigani,1020.0,2.0,40.0,2.0
587,Koramangala,1253.0,2.0,102.0,2.0
588,other,1180.0,2.0,42.0,2.0
589,Nehru Nagar,961.0,2.0,38.0,2.0
590,Kanakapura,1419.0,3.0,75.0,3.0
591,Harlur,1709.0,3.0,150.0,3.0
592,other,1600.0,2.0,115.0,2.0
593,other,416.0,1.0,18.5,1.0
595,HSR Layout,1430.0,2.0,65.0,3.0
596,other,1260.0,2.0,45.0,2.0
597,other,1630.0,3.0,85.0,3.0
598,Sarjapur  Road,1249.0,3.0,44.71,3.0
599,Kalena Agrahara,1450.0,2.0,85.0,3.0
600,Konanakunte,2791.0,3.0,223.0,3.0
602,other,834.0,1.0,60.0,1.0
603,other,1125.0,4.0,70.0,3.0
604,Arekere,2060.0,3.0,140.0,3.0
606,Gottigere,891.0,2.0,25.0,2.0
607,Raja Rajeshwari Nagar,1133.0,2.0,49.07,2.0
608,Bisuvanahalli,1075.0,2.0,37.0,3.0
609,other,3000.0,5.0,260.0,4.0
611,Vidyaranyapura,1200.0,2.0,55.0,2.0
612,Thanisandra,1075.0,2.0,45.8,2.0
613,Kaggadasapura,1140.0,2.0,40.0,2.0
616,Raja Rajeshwari Nagar,1090.0,2.0,42.0,2.0
617,R.T. Nagar,1500.0,4.0,70.0,4.0
618,Whitefield,4104.0,4.0,360.0,4.0
619,Whitefield,1790.0,3.0,100.0,3.0
620,Hebbal,1920.0,3.0,134.0,3.0
621,HRBR Layout,1374.0,2.0,95.0,2.0
622,Bannerghatta Road,1445.0,3.0,95.0,3.0
623,Kanakapura,711.0,1.0,36.0,1.0
624,Tumkur Road,1500.0,3.0,95.0,3.0
625,Whitefield,1720.0,3.0,100.0,3.0
626,Vasanthapura,1400.0,3.0,60.0,3.0
627,Kundalahalli,1030.0,2.0,49.0,2.0
628,Mysore Road,1200.0,2.0,85.0,2.0
629,other,1375.0,3.0,70.0,3.0
630,Hegde Nagar,1050.0,1.0,56.0,2.0
631,Jalahalli,2250.0,3.0,160.0,3.0
632,Bellandur,1000.0,2.0,50.0,2.0
633,other,469.0,1.0,25.0,1.0
634,Marathahalli,3800.0,4.0,250.0,4.0
635,Kambipura,883.0,2.0,29.0,2.0
636,GM Palaya,1820.0,2.0,86.0,3.0
637,Singasandra,1440.0,2.0,65.0,3.0
638,other,3600.0,4.0,160.0,6.0
640,Mahadevpura,1225.0,2.0,48.0,2.0
642,Chikkalasandra,875.0,2.0,52.8,2.0
643,Jalahalli East,750.0,1.0,40.0,1.0
644,6th Phase JP Nagar,1180.0,2.0,80.0,2.0
645,Haralur Road,1194.0,2.0,47.0,2.0
646,Hennur Road,1500.0,2.0,62.0,3.0
647,other,1160.0,2.0,52.2,2.0
650,Sarjapur,1128.0,2.0,60.0,2.0
651,Hebbal,1500.0,3.0,150.0,3.0
652,other,1220.0,2.0,35.23,3.0
653,Sarjapur  Road,1210.0,2.0,58.0,2.0
654,Kanakpura Road,1100.0,2.0,58.0,3.0
655,Bommasandra,1200.0,3.0,46.0,3.0
656,Haralur Road,3385.0,5.0,260.0,4.0
657,other,1641.0,3.0,66.0,3.0
658,Horamavu Agara,1200.0,2.0,45.0,2.0
659,Raja Rajeshwari Nagar,1260.0,2.0,67.39,2.0
660,Mahadevpura,1720.0,3.0,78.0,3.0
661,Yelahanka,1132.5,2.0,48.13,2.0
662,Yelahanka,1210.0,2.0,45.98,2.0
663,Indira Nagar,2200.0,4.0,200.0,4.0
664,Bisuvanahalli,1075.0,2.0,45.0,3.0
665,Thanisandra,1702.0,3.0,130.0,3.0
667,Raja Rajeshwari Nagar,1141.0,2.0,38.55,2.0
668,other,2072.0,3.0,108.0,3.0
669,JP Nagar,5520.0,2.0,375.0,5.0
670,other,1200.0,2.0,70.0,3.0
671,other,1350.0,3.0,77.0,3.0
673,other,1180.0,2.0,78.34,3.0
676,other,600.0,1.0,50.0,1.0
678,Bannerghatta Road,1640.0,2.0,120.0,3.0
680,Kodichikkanahalli,1190.0,2.0,57.0,3.0
682,Marathahalli,1019.0,2.0,49.85,2.0
683,other,1875.0,3.0,165.0,3.0
684,Akshaya Nagar,1250.0,3.0,40.0,3.0
686,Whitefield,1140.0,2.0,56.0,2.0
687,Lingadheeranahalli,1683.0,3.0,109.0,3.0
688,Kaggadasapura,1515.0,3.0,83.3,3.0
689,Hoodi,2118.0,4.0,111.0,4.0
690,Bannerghatta Road,1380.0,3.0,58.0,4.0
691,Varthur Road,1083.0,2.0,61.75,2.0
693,other,2300.0,3.0,120.0,3.0
694,other,1240.0,2.0,60.0,2.0
695,other,1750.0,3.0,120.0,3.0
696,other,1230.0,2.0,43.48,2.0
697,Anjanapura,1500.0,3.0,139.0,3.0
698,Abbigere,985.0,2.0,40.39,2.0
699,Tindlu,1500.0,2.0,87.0,3.0
700,Electronic City,1125.0,2.0,32.49,2.0
701,other,950.0,2.0,44.0,2.0
702,JP Nagar,5600.0,2.0,548.5,5.0
703,Kothanur,1580.0,3.0,76.0,3.0
704,other,1092.0,2.0,98.5,3.0
705,Electronic City Phase II,1090.0,2.0,28.34,2.0
706,Hennur Road,2264.0,3.0,159.0,3.0
707,Dommasandra,1033.0,2.0,25.53,3.0
708,Kammasandra,810.0,2.0,24.5,2.0
709,other,1045.0,2.0,45.0,2.0
710,Hebbal,1337.0,2.0,82.0,2.0
711,Chandapura,1200.0,2.0,32.0,2.0
712,Koramangala,1580.0,3.0,160.0,3.0
713,Begur Road,1500.0,2.0,54.0,3.0
714,Whitefield,1640.0,4.0,91.0,3.0
715,other,1570.0,3.0,62.0,3.0
716,Gubbalala,1470.0,2.0,82.0,3.0
717,Kengeri,1160.0,2.0,40.61,2.0
718,7th Phase JP Nagar,1050.0,2.0,71.0,2.0
720,Bannerghatta Road,1460.0,2.0,90.0,3.0
721,Hulimavu,1823.0,3.0,100.0,3.0
722,Electronic City,1094.0,2.0,42.0,2.0
723,Budigere,1153.0,2.0,57.0,2.0
724,other,1325.0,3.0,57.0,3.0
725,Parappana Agrahara,1200.0,3.0,85.0,4.0
726,Jakkur,1590.0,2.0,125.0,3.0
729,other,1202.0,2.0,48.0,2.0
730,Haralur Road,1202.0,2.0,53.0,2.0
731,other,1200.0,2.0,62.5,2.0
732,Panathur,1688.0,3.0,118.0,3.0
733,Kaval Byrasandra,1020.0,2.0,52.0,2.0
734,Sarjapur,1185.0,2.0,47.0,2.0
735,Ramagondanahalli,1235.0,2.0,52.04,2.0
737,Banashankari,1077.0,2.0,37.64,2.0
738,Kengeri Satellite Town,1415.0,2.0,66.0,3.0
739,EPIP Zone,2330.0,3.0,162.0,3.0
740,Whitefield,805.0,2.0,35.0,2.0
741,other,425.0,1.0,20.03,1.0
742,Whitefield,1155.0,2.0,59.95,2.0
744,Anekal,656.0,2.0,22.0,2.0
745,other,1100.0,2.0,48.0,2.0
746,Mahadevpura,1150.0,2.0,52.0,2.0
750,Whitefield,2280.0,4.0,126.0,3.0
751,Hegde Nagar,1341.0,2.0,97.0,2.0
752,Jakkur,1279.0,2.0,77.0,2.0
753,Electronic City Phase II,2225.0,4.0,98.88,4.0
754,Thanisandra,1185.0,2.0,43.51,2.0
755,other,1750.0,3.0,85.0,3.0
756,Kudlu,1152.0,2.0,53.5,2.0
758,Hulimavu,1300.0,2.0,36.0,2.0
759,Varthur Road,2760.0,4.0,155.0,4.0
760,5th Phase JP Nagar,1070.0,2.0,39.0,2.0
761,Uttarahalli,1101.0,2.0,45.0,2.0
762,other,775.0,2.0,55.0,2.0
763,Yeshwanthpur,667.0,1.0,36.85,1.0
764,Electronic City,1070.0,2.0,55.0,2.0
765,Old Airport Road,1875.0,2.0,110.0,3.0
766,Kundalahalli,735.0,2.0,57.99,2.0
767,Sarjapur,4360.0,4.0,90.0,5.0
768,Koramangala,1750.0,3.0,130.0,3.0
769,Marathahalli,1215.0,2.0,67.0,2.0
771,Vishwapriya Layout,820.0,2.0,30.0,2.0
772,Banashankari Stage VI,1177.5,2.0,59.935,2.0
773,Battarahalli,1779.0,3.0,89.61,3.0
774,other,1105.0,2.0,58.0,2.0
776,Whitefield,1650.0,3.0,60.0,3.0
778,Hosakerehalli,2376.0,3.0,203.0,3.0
779,Cox Town,1975.0,3.0,150.0,3.0
780,Kammasandra,674.0,2.0,33.0,2.0
781,Kaggadasapura,1185.0,2.0,41.0,2.0
782,Thanisandra,445.0,1.0,28.0,1.0
784,HSR Layout,1475.0,3.0,75.0,3.0
785,Gottigere,1618.0,3.0,82.5,3.0
786,Koramangala,1120.0,2.0,65.0,2.0
787,Marathahalli,2181.0,3.0,152.0,4.0
788,Vidyaranyapura,1200.0,4.0,90.0,4.0
790,Bannerghatta Road,1556.0,2.0,59.13,3.0
791,Bannerghatta Road,1179.0,2.0,66.02,2.0
792,Thanisandra,1296.0,2.0,83.0,2.0
793,Kaggadasapura,1275.0,2.0,52.0,2.0
795,Kathriguppe,1400.0,2.0,77.0,3.0
796,Gottigere,1222.0,2.0,63.0,2.0
797,Electronic City,940.0,2.0,41.0,2.0
798,Thanisandra,1185.0,2.0,42.6,2.0
799,Tumkur Road,1779.0,3.0,112.0,3.0
800,Begur Road,1615.0,3.0,59.76,3.0
801,JP Nagar,4624.5,2.0,453.0,4.0
802,Haralur Road,1056.0,2.0,61.0,2.0
803,7th Phase JP Nagar,1100.0,2.0,46.0,2.0
804,Arekere,920.0,2.0,40.0,2.0
805,other,1602.0,2.0,75.0,3.0
806,Padmanabhanagar,1176.0,2.0,62.0,2.0
808,other,1352.0,3.0,135.0,3.0
809,Kasavanhalli,1717.0,3.0,99.0,3.0
811,Bhoganhalli,2119.0,4.0,111.0,4.0
812,Vittasandra,1246.0,2.0,67.3,2.0
813,Anandapura,1141.0,2.0,42.79,2.0
814,Hennur Road,1157.0,2.0,84.0,2.0
815,Chandapura,1025.0,2.0,27.68,2.0
816,Yelahanka New Town,650.0,1.0,33.0,1.0
817,Hebbal,1349.0,2.0,98.0,2.0
818,Narayanapura,1566.0,3.0,83.3,3.0
819,Sahakara Nagar,2830.0,3.0,195.0,4.0
820,Electronic City,1320.0,2.0,38.13,3.0
821,other,1780.0,3.0,84.83,3.0
822,Varthur,1091.0,2.0,34.9,2.0
823,Rachenahalli,3670.0,4.0,300.0,4.0
824,7th Phase JP Nagar,918.0,2.0,50.49,2.0
825,Yeshwanthpur,1950.0,4.0,130.0,4.0
826,Panathur,1695.0,3.0,90.0,3.0
827,Yelahanka,1705.0,3.0,95.0,3.0
828,Kalyan nagar,1375.0,3.0,75.0,3.0
829,Kanakpura Road,525.0,1.0,30.0,1.0
830,Whitefield,1447.0,2.0,83.0,2.0
831,Thanisandra,1114.0,2.0,39.0,2.0
832,7th Phase JP Nagar,1450.0,2.0,100.0,3.0
834,Vasanthapura,1022.0,2.0,40.0,2.0
835,Hebbal,1000.0,2.0,45.0,2.0
836,Electronic City,1128.0,2.0,68.75,2.0
837,Kanakpura Road,1180.0,2.0,57.0,2.0
841,Kanakpura Road,1339.0,2.0,75.0,2.0
842,Yelachenahalli,1400.0,2.0,55.0,3.0
843,7th Phase JP Nagar,1040.0,2.0,39.52,2.0
844,Kadugodi,1198.0,2.0,58.0,2.0
845,other,1200.0,3.0,95.0,4.0
846,Sarjapur  Road,1691.0,3.0,113.0,3.0
847,Bisuvanahalli,1075.0,3.0,36.0,3.0
849,8th Phase JP Nagar,1240.0,3.0,43.5,3.0
850,Bannerghatta Road,1122.5,2.0,58.935,2.0
851,Mallasandra,1665.0,3.0,86.58,3.0
852,Marathahalli,2489.0,3.0,94.0,3.0
853,Brookefield,1142.0,2.0,70.0,2.0
854,other,1976.0,3.0,184.0,3.0
855,other,5500.0,4.0,600.0,4.0
856,Kothannur,1853.0,3.0,82.0,3.0
858,Kasturi Nagar,1567.0,2.0,92.0,2.0
859,Talaghattapura,1090.0,2.0,27.24,2.0
862,Electronics City Phase 1,1175.0,2.0,51.47,2.0
863,Subramanyapura,1200.0,2.0,52.0,2.0
864,Kodichikkanahalli,995.0,2.0,41.0,2.0
865,Magadi Road,884.0,2.0,41.1,2.0
867,Yeshwanthpur,1170.0,2.0,57.0,2.0
868,KR Puram,1225.0,2.0,46.55,2.0
869,Electronic City,1342.0,2.0,73.3,2.0
870,Uttarahalli,1345.0,2.0,67.0,2.0
871,Kodigehaali,1320.0,3.0,65.0,3.0
873,Raja Rajeshwari Nagar,1140.0,2.0,49.39,2.0
874,Battarahalli,1300.0,2.0,50.0,2.0
875,Hosa Road,1652.0,3.0,85.0,3.0
876,Thigalarapalya,2072.0,4.0,142.0,3.0
877,Arekere,1740.0,2.0,95.0,3.0
878,Electronic City,1360.0,2.0,71.0,3.0
879,Hosur Road,1145.0,2.0,60.0,3.0
880,Uttarahalli,1540.0,2.0,40.0,3.0
881,Sarjapur  Road,1278.0,2.0,95.0,2.0
882,Electronic City Phase II,630.0,1.0,40.0,1.0
883,Kanakpura Road,1100.0,3.0,58.0,3.0
884,other,1200.0,3.0,95.0,3.0
885,other,2500.0,6.0,115.0,7.0
886,Chandapura,582.5,1.0,15.135,1.0
887,Chandapura,1015.0,2.0,25.88,2.0
888,Hosur Road,3300.0,5.0,240.0,5.0
889,Basaveshwara Nagar,4500.0,5.0,415.0,5.0
890,Gunjur,1356.0,2.0,66.0,3.0
891,other,823.0,2.0,28.0,2.0
892,TC Palaya,1200.0,2.0,66.0,3.0
893,Ramamurthy Nagar,1050.0,2.0,37.0,2.0
894,other,1180.0,2.0,69.0,2.0
895,Whitefield,1116.0,2.0,51.91,2.0
896,7th Phase JP Nagar,1070.0,2.0,42.79,2.0
897,Varthur,1385.0,2.0,80.0,2.0
898,Varthur,1000.0,1.0,70.0,1.0
899,Whitefield,1897.0,3.0,130.0,3.0
900,Magadi Road,1005.0,2.0,55.78,2.0
901,Green Glen Layout,1575.0,3.0,125.0,3.0
902,Subramanyapura,975.0,2.0,65.0,2.0
903,Hennur Road,1904.0,3.0,120.0,3.0
904,Kengeri Satellite Town,930.0,1.0,30.0,1.0
905,Kanakpura Road,525.0,1.0,26.0,1.0
906,other,686.0,1.0,17.0,1.0
907,Electronic City Phase II,2400.0,3.0,150.0,2.0
909,Sarjapur  Road,2238.0,3.0,140.0,3.0
910,Harlur,1174.0,2.0,69.0,2.0
911,Thubarahalli,3800.0,4.0,239.0,4.0
912,Whitefield,2225.0,2.0,125.0,3.0
914,Jigani,918.0,2.0,52.0,2.0
915,Mahadevpura,1250.0,2.0,52.0,2.0
916,Sarjapur  Road,1800.0,3.0,110.0,3.0
917,Marathahalli,1170.0,2.0,53.0,2.0
919,Bannerghatta Road,793.0,2.0,45.0,2.0
920,Jakkur,1710.0,3.0,107.0,3.0
921,Kambipura,1082.0,2.0,57.5,3.0
922,other,1001.0,2.0,33.03,2.0
924,Yelahanka,1590.0,2.0,54.0,3.0
925,other,2400.0,2.0,80.0,3.0
926,Horamavu Banaswadi,1554.0,3.0,55.0,3.0
927,Thanisandra,1142.5,2.0,43.415,2.0
928,Bellandur,4239.0,5.0,423.0,5.0
929,Konanakunte,884.0,1.0,58.0,2.0
931,Marathahalli,1019.0,2.0,49.86,2.0
932,Ambedkar Nagar,1935.0,4.0,130.0,3.0
933,Uttarahalli,1135.0,2.0,39.73,3.0
934,Lakshminarayana Pura,1680.0,3.0,150.0,3.0
935,Hebbal,2470.0,5.0,247.0,4.0
936,1st Phase JP Nagar,2825.0,4.0,250.0,4.0
939,Ramamurthy Nagar,1800.0,4.0,187.0,5.0
940,Kasavanhalli,1799.0,3.0,90.0,3.0
941,Whitefield,4348.5,2.0,304.0,4.0
942,Attibele,400.0,1.0,11.0,1.0
943,Kundalahalli,1047.0,2.0,82.0,2.0
944,other,1282.0,2.0,87.0,2.0
945,NGR Layout,1020.0,2.0,45.9,2.0
947,Whitefield,1495.0,2.0,79.5,2.0
948,Kasavanhalli,3260.0,4.0,240.0,4.0
949,other,1611.0,2.0,64.44,3.0
951,other,1500.0,2.0,95.0,3.0
952,Sahakara Nagar,1500.0,2.0,95.0,3.0
953,Yelahanka,3206.0,5.0,270.0,4.0
954,Uttarahalli,1540.0,3.0,50.0,3.0
955,Hosa Road,1639.0,3.0,80.0,3.0
957,Raja Rajeshwari Nagar,1303.0,2.0,55.79,2.0
959,Kammasandra,657.5,1.0,18.41,1.0
960,Chandapura,1305.0,3.0,33.28,3.0
963,Brookefield,1440.0,2.0,68.0,3.0
964,Seegehalli,901.0,2.0,35.14,2.0
966,Sarjapur,900.0,2.0,42.0,3.0
967,BEML Layout,1060.0,2.0,55.0,2.0
968,NGR Layout,1020.0,2.0,48.45,2.0
969,Varthur,1535.0,3.0,65.99,3.0
970,other,530.0,1.0,20.0,1.0
971,Haralur Road,1464.0,3.0,56.0,3.0
972,other,1350.0,2.0,80.0,2.0
973,Sarjapur  Road,1115.0,2.0,50.0,2.0
974,Uttarahalli,1175.0,2.0,47.0,2.0
975,Whitefield,1113.0,2.0,62.0,2.0
978,Giri Nagar,650.0,2.0,42.0,2.0
979,Marathahalli,1325.0,2.0,71.55,2.0
980,Electronics City Phase 1,950.0,2.0,31.0,2.0
981,Jakkur,1396.0,2.0,86.51,3.0
982,Rachenahalli,1050.0,2.0,52.07,2.0
983,Thanisandra,1825.0,3.0,100.0,3.0
984,7th Phase JP Nagar,1190.0,2.0,49.98,2.0
985,Marathahalli,1220.0,2.0,56.5,2.0
986,NRI Layout,1565.0,2.0,75.0,3.0
987,Hennur Road,1891.0,3.0,109.0,3.0
988,other,900.0,2.0,27.0,2.0
989,Hosa Road,1161.0,2.0,55.15,2.0
990,Sarjapur,649.5,1.0,17.535,1.0
991,other,2400.0,6.0,125.0,8.0
993,Yeshwanthpur,665.0,1.0,36.85,1.0
994,Mysore Road,1175.0,2.0,73.5,2.0
995,Hoodi,1425.0,2.0,80.0,2.0
996,Chikkabanavar,1200.0,1.0,20.0,1.0
997,ITPL,1200.0,3.0,56.12,3.0
998,Somasundara Palya,1255.0,2.0,67.0,2.0
999,Hegde Nagar,2112.95,4.0,145.0,3.0
1000,Raja Rajeshwari Nagar,600.0,1.0,22.0,1.0
1001,Haralur Road,1810.0,3.0,100.0,3.0
1002,Indira Nagar,1200.0,2.0,93.0,2.0
1003,Harlur,1033.0,2.0,49.0,2.0
1004,ITPL,1548.0,3.0,89.5,3.0
1005,Horamavu Banaswadi,1611.0,3.0,66.0,3.0
1006,Electronic City Phase II,1400.0,2.0,40.43,3.0
1007,Vidyaranyapura,1485.0,2.0,67.0,3.0
1008,Margondanahalli,2400.0,2.0,82.0,2.0
1009,Pattandur Agrahara,1025.0,2.0,44.5,2.0
1011,other,1225.0,2.0,53.0,2.0
1012,5th Phase JP Nagar,1256.0,2.0,62.8,2.0
1013,Whitefield,2268.0,3.0,163.0,4.0
1014,Kanakpura Road,1100.0,3.0,53.0,3.0
1015,other,1141.0,2.0,62.0,2.0
1016,Attibele,400.0,1.0,12.0,1.0
1017,Chandapura,1400.0,2.0,60.0,2.0
1018,other,4100.0,7.0,140.0,7.0
1021,other,1175.0,2.0,48.27,2.0
1022,Sahakara Nagar,1100.0,2.0,56.0,2.0
1023,Kanakpura Road,1843.0,3.0,95.84,3.0
1025,Horamavu Banaswadi,1460.0,2.0,80.5,2.0
1026,Rachenahalli,1530.0,2.0,74.5,3.0
1027,HSR Layout,1467.0,2.0,55.0,2.0
1028,other,950.0,1.0,40.0,1.0
1029,Vittasandra,1246.0,2.0,64.5,2.0
1030,Kanakapura,711.0,1.0,38.0,1.0
1031,Haralur Road,1194.0,2.0,46.0,2.0
1032,Babusapalaya,1358.0,2.0,43.4,3.0
1034,Hoodi,1420.0,2.0,75.0,2.0
1035,Kathriguppe,1250.0,2.0,68.75,3.0
1036,Akshaya Nagar,1280.0,2.0,58.0,2.0
1037,other,1209.0,2.0,50.0,2.0
1038,other,4200.0,5.0,225.0,5.0
1040,Panathur,1315.0,2.0,54.8,3.0
1041,other,1800.0,3.0,90.0,3.0
1042,other,1600.0,4.0,125.0,5.0
1043,TC Palaya,1600.0,2.0,65.0,3.0
1045,other,1563.0,3.0,52.0,3.0
1046,Whitefield,1560.0,2.0,72.0,3.0
1047,Brookefield,2169.0,4.0,115.0,3.0
1049,Rachenahalli,1050.0,2.0,55.5,2.0
1050,Iblur Village,3235.0,3.0,235.0,3.0
1051,TC Palaya,1200.0,3.0,66.0,3.0
1052,HSR Layout,1140.0,2.0,46.0,2.0
1054,Horamavu Agara,1560.0,3.0,75.0,3.0
1055,JP Nagar,1100.0,2.0,70.0,2.0
1056,Kasavanhalli,1260.0,2.0,40.32,3.0
1057,Hebbal,1036.0,2.0,50.0,2.0
1058,Akshaya Nagar,1662.0,3.0,85.1,3.0
1059,Yelachenahalli,1464.0,2.0,105.0,3.0
1060,Yelahanka,1234.0,2.0,80.0,2.0
1061,Sarjapur  Road,1403.0,3.0,55.0,3.0
1064,Seegehalli,1150.0,2.0,42.9,3.0
1065,Hebbal,3900.0,4.0,410.0,4.0
1067,Kanakapura,929.0,2.0,46.0,2.0
1069,TC Palaya,1350.0,2.0,75.0,3.0
1070,Vasanthapura,1135.0,2.0,39.73,2.0
1071,other,1405.0,2.0,70.0,2.0
1072,Whitefield,1200.0,2.0,45.84,2.0
1073,Haralur Road,2805.0,4.0,154.0,4.0
1074,Yeshwanthpur,1161.0,2.0,64.08,2.0
1075,Kanakpura Road,1290.0,2.0,74.0,2.0
1076,Yeshwanthpur,2557.0,3.0,141.0,3.0
1077,other,1480.0,3.0,90.0,3.0
1079,Old Madras Road,1350.0,3.0,54.54,3.0
1080,Kadugodi,1580.0,2.0,65.0,3.0
1081,Banashankari,1470.0,2.0,88.64,3.0
1082,Ananth Nagar,500.0,1.0,14.0,1.0
1083,Sarjapur  Road,1346.0,2.0,61.92,2.0
1084,other,1600.0,3.0,90.0,3.0
1088,other,1200.0,2.0,35.0,2.0
1089,Channasandra,1340.0,2.0,48.33,3.0
1090,Devanahalli,6136.0,4.0,560.0,4.0
1091,Jigani,918.0,2.0,48.0,2.0
1092,other,1500.0,3.0,115.0,3.0
1093,Yelahanka,1315.0,2.0,85.0,2.0
1095,Uttarahalli,1390.0,2.0,62.55,3.0
1096,Uttarahalli,1330.0,2.0,56.0,3.0
1097,Jalahalli,3100.0,4.0,265.0,5.0
1098,other,1824.0,3.0,125.0,3.0
1099,7th Phase JP Nagar,1420.0,2.0,96.0,3.0
1100,other,750.0,1.0,56.25,1.0
1101,Jalahalli East,1260.0,2.0,60.0,3.0
1102,Hennur Road,1561.0,3.0,95.0,3.0
1104,other,1060.0,2.0,42.0,2.0
1106,Haralur Road,1225.0,2.0,67.38,2.0
1107,Thanisandra,2144.0,3.0,135.0,3.0
1109,Electronic City,880.0,2.0,29.0,2.0
1110,Hoodi,1639.0,3.0,110.0,3.0
1111,Thanisandra,1240.0,2.0,62.0,3.0
1112,Kanakpura Road,1500.0,2.0,69.0,2.0
1113,Haralur Road,1243.0,2.0,46.0,2.0
1114,Marathahalli,1575.0,3.0,78.0,3.0
1115,Haralur Road,1027.0,2.0,44.0,2.0
1116,Kambipura,1082.0,2.0,56.0,3.0
1117,Konanakunte,1637.0,3.0,73.0,3.0
1118,Kanakpura Road,1665.0,3.0,86.58,3.0
1119,Electronic City,1265.0,2.0,56.93,2.0
1120,Electronic City,1691.0,2.0,102.0,3.0
1121,Thanisandra,1100.0,2.0,38.0,2.0
1123,other,1500.0,3.0,62.0,3.0
1125,Kammanahalli,1666.0,4.0,150.0,5.0
1126,Choodasandra,1115.0,2.0,50.0,2.0
1127,Mysore Road,1070.0,2.0,45.0,2.0
1129,Budigere,1162.0,2.0,57.0,2.0
1130,other,1339.0,2.0,55.0,2.0
1131,Mahadevpura,1192.0,2.0,75.0,2.0
1132,Haralur Road,1920.0,3.0,115.0,3.0
1133,Hennur,1255.0,2.0,52.32,2.0
1135,other,1600.0,3.0,75.0,3.0
1136,other,1225.0,2.0,55.11,2.0
1137,Whitefield,2400.0,4.0,200.0,4.0
1138,Kasturi Nagar,1570.0,3.0,80.0,3.0
1139,Thanisandra,1093.0,2.0,70.0,2.0
1140,Basaveshwara Nagar,1865.0,3.0,145.0,3.0
1142,Kaikondrahalli,1039.0,2.0,80.0,2.0
1143,Vittasandra,1246.0,2.0,64.5,2.0
1144,Whitefield,1985.0,3.0,75.0,3.0
1145,Hosakerehalli,1590.0,3.0,49.0,3.0
1147,Electronic City Phase II,775.0,2.0,38.0,2.0
1148,other,1000.0,2.0,50.0,2.0
1149,Hebbal Kempapura,1800.0,3.0,175.0,3.0
1150,Bommasandra,1035.0,2.0,41.0,2.0
1151,Dasarahalli,1520.0,2.0,75.0,3.0
1152,Whitefield,1360.0,2.0,95.0,2.0
1153,other,6000.0,5.0,400.0,4.0
1154,Kodigehaali,1117.0,2.0,56.0,2.0
1155,KR Puram,1200.0,4.0,120.0,4.0
1156,EPIP Zone,1330.0,2.0,92.5,2.0
1157,Marathahalli,1937.0,3.0,160.0,3.0
1158,Electronic City,1128.0,2.0,65.49,2.0
1159,Neeladri Nagar,1053.0,2.0,45.0,2.0
1160,Panathur,1198.0,2.0,77.0,2.0
1161,Marathahalli,1152.0,2.0,56.0,2.0
1163,Frazer Town,1625.0,2.0,75.0,2.0
1164,Kundalahalli,1397.0,3.0,105.0,3.0
1166,Kambipura,883.0,2.0,45.0,2.0
1167,Kaggalipura,700.0,1.0,38.0,1.0
1168,Yelahanka,1170.0,2.0,62.5,2.0
1169,Kanakpura Road,1200.0,2.0,42.0,3.0
1170,other,2400.0,3.0,170.0,3.0
1171,other,1480.0,2.0,65.0,2.0
1172,Akshaya Nagar,1897.0,3.0,120.0,3.0
1173,Rachenahalli,996.0,2.0,67.0,2.0
1174,Haralur Road,1875.0,3.0,110.0,3.0
1175,other,1500.0,2.0,98.0,3.0
1178,Yelahanka,1450.0,3.0,65.255,3.0
1179,Yelahanka,697.0,1.0,45.0,1.0
1180,Sarjapur  Road,710.0,1.0,27.0,1.0
1181,other,910.0,2.0,30.5,2.0
1182,Sompura,1025.0,2.0,48.0,3.0
1183,Magadi Road,1000.0,2.0,46.5,2.0
1185,Horamavu Agara,1453.0,2.0,46.48,3.0
1186,Sarjapur  Road,3335.0,5.0,300.0,4.0
1187,Thanisandra,971.5,2.0,36.435,2.0
1188,Bellandur,1281.0,2.0,74.0,2.0
1189,Cooke Town,565.0,1.0,35.0,1.0
1190,Varthur,1024.0,2.0,42.0,2.0
1191,Electronic City,1620.0,3.0,62.0,3.0
1192,Whitefield,1254.0,2.0,40.0,2.0
1193,Banashankari,1300.0,2.0,75.0,3.0
1194,Doddakallasandra,1233.0,2.0,43.0,2.0
1195,other,1200.0,1.0,28.0,1.0
1196,Hosur Road,1510.0,2.0,105.0,3.0
1197,Kaggalipura,950.0,2.0,65.0,2.0
1198,Battarahalli,1945.0,3.0,97.42,3.0
1199,Uttarahalli,1008.0,2.0,45.0,2.0
1200,Thanisandra,1265.0,2.0,79.0,3.0
1201,Hebbal,1255.0,2.0,77.68,3.0
1202,Kanakpura Road,2689.0,6.0,220.0,4.0
1203,Yelenahalli,1200.0,2.0,46.17,2.0
1204,Sarjapur  Road,1403.0,3.0,51.63,3.0
1205,Kudlu Gate,1535.0,3.0,85.0,3.0
1206,other,1500.0,3.0,100.0,3.0
1207,Chamrajpet,1475.0,2.0,120.0,3.0
1208,Uttarahalli,1390.0,2.0,60.47,3.0
1209,Raja Rajeshwari Nagar,1278.0,2.0,53.76,3.0
1210,other,1133.0,2.0,55.0,2.0
1211,other,1560.0,5.0,145.0,5.0
1212,other,2900.0,5.0,90.0,5.0
1213,Kogilu,1170.0,2.0,51.99,2.0
1215,Whitefield,1697.0,3.0,94.79,3.0
1216,Thanisandra,1651.0,3.0,97.38,3.0
1218,Hennur Road,1192.0,2.0,60.0,3.0
1219,OMBR Layout,1078.0,2.0,65.0,2.0
1221,Kasavanhalli,1349.0,2.0,78.0,2.0
1223,7th Phase JP Nagar,1680.0,3.0,120.0,3.0
1224,Rayasandra,1314.0,2.0,63.0,3.0
1225,Garudachar Palya,1060.0,2.0,48.7,2.0
1226,Kalyan nagar,820.0,2.0,39.0,2.0
1227,Whitefield,5000.0,4.0,400.0,4.0
1228,BEML Layout,2000.0,3.0,85.0,3.0
1229,other,856.0,2.0,40.0,2.0
1230,Rajaji Nagar,1621.0,4.0,130.0,3.0
1231,ITPL,1200.0,3.0,68.4,3.0
1232,Bannerghatta Road,1484.0,3.0,52.5,3.0
1234,other,14000.0,3.0,800.0,4.0
1235,Yelahanka New Town,500.0,1.0,20.0,1.0
1236,other,485.0,1.0,15.0,1.0
1237,7th Phase JP Nagar,1050.0,2.0,42.0,2.0
1238,Uttarahalli,1617.0,3.0,66.68,3.0
1240,other,1384.0,3.0,62.28,3.0
1241,Devanahalli,1408.0,2.0,85.0,2.0
1242,Uttarahalli,1150.0,2.0,49.0,2.0
1243,Akshaya Nagar,1410.0,2.0,75.0,3.0
1244,Kaggadasapura,2150.0,4.0,100.0,4.0
1247,other,1508.0,3.0,70.25,3.0
1248,Ramamurthy Nagar,1040.0,2.0,50.0,2.0
1249,TC Palaya,1240.0,2.0,60.0,2.0
1250,Kudlu Gate,1535.0,3.0,78.0,3.0
1251,Lakshminarayana Pura,1180.0,2.0,75.0,2.0
1252,Abbigere,2200.0,6.0,68.0,6.0
1253,Bannerghatta Road,1400.0,2.0,78.0,2.0
1254,Raja Rajeshwari Nagar,500.0,1.0,25.0,1.0
1255,Whitefield,4800.0,4.0,525.0,4.0
1256,Sarjapur  Road,1984.0,4.0,146.0,3.0
1257,Whitefield,3000.0,5.0,250.0,4.0
1258,Garudachar Palya,1960.0,3.0,160.0,3.0
1259,Sarjapur  Road,1035.0,2.0,45.0,2.0
1260,other,2150.0,4.0,80.0,4.0
1261,Whitefield,1700.0,3.0,115.0,3.0
1262,Hosakerehalli,3024.0,5.0,248.0,4.0
1263,Tumkur Road,1586.0,3.0,100.0,3.0
1264,Hennur,2264.0,2.0,155.0,3.0
1265,Chikka Tirupathi,2325.0,4.0,120.0,4.0
1266,Yelahanka,1120.0,2.0,55.0,2.0
1267,Yelahanka,1662.0,2.0,67.98,3.0
1268,Sarjapur  Road,1128.0,2.0,59.0,2.0
1270,Jigani,924.0,2.0,65.0,2.0
1271,other,1600.0,3.0,52.0,3.0
1272,Pai Layout,1006.0,2.0,35.0,2.0
1273,Amruthahalli,1200.0,2.0,55.0,2.0
1274,other,1250.0,2.0,62.0,2.0
1276,Kannamangala,957.0,2.0,56.0,2.0
1277,Whitefield,1140.0,2.0,41.0,2.0
1278,other,1050.0,2.0,67.0,2.0
1279,Kasturi Nagar,1565.0,3.0,88.5,3.0
1280,Whitefield,1190.0,2.0,57.0,2.0
1281,Whitefield,2842.0,3.0,162.0,3.0
1282,Kanakpura Road,1558.67,2.0,65.0,3.0
1283,Electronics City Phase 1,630.0,1.0,39.0,1.0
1284,Whitefield,1403.0,2.0,60.81,3.0
1285,Kanakpura Road,1542.0,2.0,85.0,3.0
1286,Haralur Road,2750.0,4.0,220.0,4.0
1287,Iblur Village,3596.0,5.0,290.0,4.0
1288,Kengeri Satellite Town,1635.0,2.0,78.0,3.0
1289,Mysore Road,1239.0,2.0,53.0,2.0
1290,Haralur Road,1194.0,2.0,47.0,2.0
1291,other,1596.0,3.0,105.0,3.0
1292,Channasandra,1009.0,2.0,38.34,2.0
1293,Hosa Road,1726.0,3.0,81.99,3.0
1294,Kudlu Gate,1535.0,3.0,86.0,3.0
1295,Banashankari Stage V,1300.0,2.0,58.5,3.0
1297,other,1800.0,3.0,80.0,3.0
1298,Binny Pete,665.0,1.0,50.75,1.0
1300,TC Palaya,1500.0,2.0,100.0,3.0
1301,other,925.0,2.0,48.0,2.0
1302,Old Airport Road,3356.0,4.0,251.0,4.0
1303,other,1395.0,2.0,63.59,2.0
1304,Sonnenahalli,1415.0,2.0,55.0,3.0
1305,Begur,1419.0,2.0,59.0,3.0
1306,Kasavanhalli,1121.0,2.0,78.0,2.0
1307,Kambipura,1082.0,2.0,45.0,3.0
1308,KR Puram,1100.0,2.0,47.0,2.0
1309,Hoodi,1606.0,3.0,89.55,3.0
1310,Billekahalli,1650.0,3.0,88.0,3.0
1312,Old Airport Road,1206.0,2.0,75.0,2.0
1313,Sarjapur  Road,1495.0,2.0,64.0,3.0
1315,Electronic City,710.0,2.0,16.0,2.0
1316,Balagere,1210.0,2.0,72.0,2.0
1317,Nagarbhavi,1523.0,2.0,53.4,3.0
1318,Whitefield,1232.0,2.0,45.0,2.0
1319,Rachenahalli,680.0,1.0,44.0,1.0
1320,Hebbal,1355.0,3.0,83.87,3.0
1321,Thanisandra,1430.0,2.0,51.46,3.0
1322,Kothannur,1275.0,2.0,43.85,3.0
1323,Electronic City,1070.0,2.0,56.1,2.0
1324,other,1200.0,3.0,85.0,3.0
1325,Electronic City,2000.0,4.0,120.0,4.0
1326,Bommanahalli,1200.0,2.0,40.0,2.0
1327,Marathahalli,1610.0,3.0,90.0,3.0
1328,Haralur Road,1140.0,2.0,43.0,2.0
1329,Raja Rajeshwari Nagar,1143.0,2.0,38.65,2.0
1330,Jakkur,3467.86,6.0,249.0,4.0
1331,Rachenahalli,1530.0,2.0,74.4,3.0
1332,7th Phase JP Nagar,980.0,2.0,69.0,2.0
1333,Whitefield,1485.0,3.0,65.0,3.0
1334,Whitefield,1500.0,3.0,130.0,3.0
1335,Whitefield,1280.0,2.0,75.0,2.0
1336,Thanisandra,1265.0,2.0,85.0,2.0
1337,other,1132.0,2.0,67.0,2.0
1338,other,1262.0,2.0,63.0,2.0
1339,JP Nagar,940.0,2.0,49.0,2.0
1340,other,1515.0,3.0,88.0,3.0
1342,Kothanur,1840.0,3.0,69.0,3.0
1343,Electronic City,890.0,2.0,45.0,2.0
1344,other,1655.0,3.0,86.06,3.0
1345,Hennur Road,2060.0,3.0,149.0,3.0
1346,Bommanahalli,1730.0,3.0,96.0,3.0
1347,Yelahanka,2195.0,4.0,127.0,3.0
1348,Kathriguppe,1650.0,3.0,125.0,3.0
1349,KR Puram,1200.0,2.0,71.0,2.0
1350,Hosa Road,1079.0,2.0,32.37,2.0
1351,Panathur,1085.0,2.0,36.0,2.0
1352,other,5000.0,7.0,299.0,7.0
1353,Yelahanka,1075.0,2.0,51.5,2.0
1354,other,1380.0,2.0,80.0,2.0
1355,other,1450.0,3.0,65.0,3.0
1356,Thubarahalli,1200.0,2.0,78.0,2.0
1358,Hoodi,1639.0,3.0,98.32,3.0
1359,other,1200.0,2.0,54.0,2.0
1360,Vijayanagar,1739.0,3.0,116.0,3.0
1362,Old Madras Road,935.0,2.0,32.72,2.0
1363,Thanisandra,510.0,1.0,25.25,1.0
1365,other,1178.0,2.0,47.0,2.0
1366,Chikkalasandra,1375.0,2.0,50.0,3.0
1367,Chandapura,1065.0,2.0,33.0,3.0
1368,2nd Phase Judicial Layout,1450.0,2.0,50.75,3.0
1369,BEML Layout,999.0,2.0,45.0,2.0
1372,Kothannur,1100.0,2.0,40.0,2.0
1373,Koramangala,1835.0,2.0,155.0,3.0
1374,Hoodi,2090.0,4.0,95.1,4.0
1375,Lingadheeranahalli,1519.0,3.0,93.0,3.0
1376,Dommasandra,1267.0,3.0,56.0,3.0
1377,Sanjay nagar,1150.0,2.0,72.2,2.0
1378,Marathahalli,1146.0,2.0,70.0,2.0
1380,Kannamangala,1550.0,3.0,65.0,3.0
1381,Chandapura,850.0,1.0,18.5,2.0
1382,other,2200.0,3.0,187.0,3.0
1383,other,3329.0,3.0,330.0,3.0
1384,Electronics City Phase 1,785.0,1.0,55.0,1.0
1386,Raja Rajeshwari Nagar,1610.0,3.0,74.0,3.0
1387,Bellandur,921.0,2.0,40.0,2.0
1389,Bannerghatta Road,2700.0,5.0,158.0,5.0
1390,Sarjapur  Road,1700.0,3.0,110.0,3.0
1391,Sarjapur,1020.0,2.0,35.0,2.0
1392,Billekahalli,1090.0,2.0,52.0,2.0
1393,other,3600.0,4.0,300.0,4.0
1394,Haralur Road,1027.0,2.0,44.0,2.0
1395,Thanisandra,1185.0,2.0,42.1,2.0
1396,Doddathoguru,850.0,2.0,25.0,2.0
1397,Harlur,1197.0,2.0,84.0,2.0
1399,Poorna Pragna Layout,920.0,2.0,39.55,2.0
1401,Raja Rajeshwari Nagar,1105.0,2.0,65.0,2.0
1402,Yeshwanthpur,1850.0,3.0,100.0,3.0
1403,Judicial Layout,1300.0,3.0,64.0,3.0
1404,other,1595.0,3.0,76.0,3.0
1406,Horamavu Agara,755.0,2.0,37.49,2.0
1407,Nagasandra,4050.0,5.0,140.0,5.0
1408,Kanakpura Road,1300.0,2.0,69.0,3.0
1409,Bannerghatta Road,1215.0,2.0,50.0,2.0
1410,Kanakpura Road,900.0,2.0,46.0,2.0
1411,Banashankari Stage III,1145.0,2.0,58.4,2.0
1412,other,1093.0,2.0,65.0,2.0
1413,Babusapalaya,1213.0,2.0,41.39,3.0
1414,Bannerghatta Road,1654.0,3.0,100.0,3.0
1415,NGR Layout,1105.0,2.0,52.48,2.0
1416,Babusapalaya,1611.0,2.0,66.0,3.0
1417,other,1367.0,2.0,62.0,2.0
1418,Devanahalli,1010.0,2.0,51.0,2.0
1420,other,1535.0,3.0,95.0,3.0
1421,Anekal,620.0,2.0,22.0,2.0
1422,Horamavu Agara,982.0,2.0,47.65,2.0
1424,Whitefield,1330.0,2.0,71.0,2.0
1425,JP Nagar,2500.0,3.0,135.0,3.0
1426,Poorna Pragna Layout,1475.0,2.0,58.99,3.0
1427,Bhoganhalli,1410.0,3.0,65.0,3.0
1428,Yelahanka New Town,440.0,1.0,16.5,1.0
1429,Yelahanka,1614.0,3.0,95.0,3.0
1430,Neeladri Nagar,1363.0,2.0,68.0,2.0
1431,Kogilu,650.0,2.0,28.0,2.0
1432,other,1015.0,2.0,45.0,2.0
1433,Horamavu Banaswadi,1156.0,2.0,46.0,2.0
1434,other,1100.0,2.0,62.7,2.0
1435,KR Puram,1455.0,3.0,46.0,3.0
1436,other,930.0,2.0,45.0,2.0
1437,other,1650.0,2.0,80.0,3.0
1438,KR Puram,1200.0,2.0,90.0,2.0
1440,Karuna Nagar,2900.0,3.0,135.0,4.0
1441,Kadugodi,1890.0,4.0,127.0,3.0
1444,other,1240.0,2.0,46.0,3.0
1445,HRBR Layout,1440.0,2.0,98.0,2.0
1446,Kodichikkanahalli,650.0,1.0,38.0,1.0
1447,Budigere,764.0,1.0,32.0,1.0
1449,Raja Rajeshwari Nagar,1693.0,3.0,57.39,3.0
1450,Hoodi,1445.0,3.0,65.0,3.0
1451,Kanakpura Road,900.0,1.0,45.0,2.0
1452,Singasandra,1030.0,2.0,55.0,2.0
1453,Yelahanka,1381.0,2.0,52.48,3.0
1454,other,1100.0,2.0,60.0,2.0
1455,Hoodi,1575.0,3.0,66.39,3.0
1456,Thigalarapalya,1200.0,2.0,65.0,2.0
1457,Begur Road,1200.0,2.0,43.2,2.0
1458,Kasturi Nagar,1080.0,2.0,80.0,2.0
1459,Hebbal Kempapura,2280.0,5.0,200.0,5.0
1460,Akshaya Nagar,1360.0,2.0,85.0,3.0
1461,Jakkur,1865.0,3.0,124.0,3.0
1462,Sarjapur  Road,1157.0,2.0,75.0,3.0
1463,Kammasandra,674.0,2.0,29.0,2.0
1464,Whitefield,1405.0,2.0,78.0,3.0
1465,Begur Road,1160.0,2.0,44.08,2.0
1466,other,1600.0,3.0,172.0,4.0
1467,Hebbal,1790.0,3.0,127.0,3.0
1468,Electronic City,1128.0,2.0,65.65,2.0
1469,Panathur,1180.0,2.0,70.0,2.0
1470,other,1450.0,2.0,85.0,3.0
1471,Kengeri,340.0,1.0,10.0,1.0
1472,other,2000.0,3.0,166.0,4.0
1473,Rachenahalli,1050.0,2.0,53.5,2.0
1474,Varthur,1125.0,2.0,40.0,2.0
1475,Vittasandra,1246.0,2.0,68.0,2.0
1476,HSR Layout,1372.0,2.0,61.0,2.0
1477,Uttarahalli,1330.0,2.0,56.0,3.0
1478,Binny Pete,2465.0,5.0,234.0,3.0
1479,Dasarahalli,1300.0,2.0,55.0,2.0
1482,Channasandra,1065.0,2.0,35.0,2.0
1483,other,700.0,2.0,27.0,2.0
1484,Hebbal,687.325,2.0,42.72,2.0
1485,other,1050.0,2.0,45.0,2.0
1486,other,1250.0,3.0,39.5,3.0
1487,Electronic City,865.0,2.0,42.0,2.0
1488,Uttarahalli,1200.0,2.0,44.0,2.0
1489,other,1756.0,3.0,100.0,3.0
1491,Yelahanka,628.0,1.0,24.0,1.0
1493,5th Phase JP Nagar,1207.0,2.0,63.0,2.0
1494,Kalena Agrahara,1765.0,3.0,125.0,3.0
1495,Electronic City,1130.0,2.0,32.64,2.0
1496,other,1532.0,3.0,92.0,3.0
1497,other,1650.0,3.0,110.0,3.0
1498,Horamavu Banaswadi,1200.0,4.0,105.0,4.0
1500,Doddathoguru,1200.0,2.0,75.0,2.0
1501,Kengeri,1197.0,2.0,50.0,2.0
1502,other,1200.0,2.0,66.0,2.0
1503,Uttarahalli,1385.0,2.0,48.48,3.0
1505,Whitefield,2225.0,3.0,115.0,3.0
1506,other,1180.0,2.0,48.0,2.0
1507,other,1525.0,2.0,122.0,3.0
1508,Ananth Nagar,1100.0,2.0,31.5,2.0
1509,other,1435.0,3.0,70.0,3.0
1510,Attibele,400.0,1.0,14.0,1.0
1511,Dommasandra,1200.0,2.0,50.0,2.0
1512,Whitefield,1272.0,2.0,95.05,2.0
1513,Whitefield,1205.0,2.0,39.0,2.0
1514,Kalena Agrahara,980.0,2.0,40.0,2.0
1515,Malleshpalya,1225.0,2.0,46.86,2.0
1516,Whitefield,1541.0,3.0,72.0,3.0
1517,Ramagondanahalli,1610.0,2.0,111.0,3.0
1518,Jalahalli,1694.0,2.0,125.0,2.0
1520,Kaggalipura,950.0,2.0,39.0,2.0
1521,other,1560.0,2.0,66.0,3.0
1522,Chandapura,1201.0,2.0,27.0,2.0
1523,Chandapura,1500.0,2.0,60.0,2.0
1524,Malleshpalya,1785.0,3.0,75.0,3.0
1525,Raja Rajeshwari Nagar,1258.0,2.0,63.53,2.0
1526,Electronic City,910.0,2.0,42.0,2.0
1528,Kundalahalli,1291.0,2.0,49.0,2.0
1529,other,1070.0,2.0,42.0,2.0
1530,Varthur,1012.0,2.0,66.5,2.0
1531,Mahadevpura,1260.0,2.0,57.6,2.0
1532,Sarjapur  Road,1282.0,2.0,72.0,2.0
1533,Kanakpura Road,1843.0,3.0,92.15,3.0
1534,other,2400.0,3.0,200.0,4.0
1535,Chikka Tirupathi,3356.0,5.0,105.0,5.0
1536,Hebbal,2790.0,5.0,198.0,4.0
1537,EPIP Zone,1330.0,2.0,86.98,2.0
1538,Konanakunte,1400.0,2.0,73.0,3.0
1539,Whitefield,1192.0,2.0,71.0,2.0
1541,Thigalarapalya,1297.0,2.0,103.0,2.0
1542,Sarjapur  Road,615.0,1.0,17.835,1.0
1543,Vijayanagar,1490.0,3.0,100.0,3.0
1544,Rayasandra,1373.0,3.0,72.0,3.0
1545,7th Phase JP Nagar,1035.0,2.0,41.39,2.0
1546,Kadugodi,3750.0,4.0,210.0,4.0
1547,Doddakallasandra,1010.0,2.0,40.39,2.0
1548,Sarjapur,1195.0,2.0,42.0,2.0
1549,HSR Layout,1750.0,3.0,95.0,3.0
1550,Malleshpalya,1052.0,2.0,50.0,2.0
1551,Horamavu Banaswadi,1180.0,2.0,58.0,2.0
1553,Hormavu,2100.0,3.0,73.0,3.0
1554,Hoodi,2863.0,4.0,140.0,4.0
1555,Raja Rajeshwari Nagar,1128.0,2.0,38.24,2.0
1557,JP Nagar,1120.0,2.0,33.6,2.0
1558,HSR Layout,2424.0,3.0,90.0,3.0
1559,other,1300.0,2.0,60.0,2.0
1560,Kanakapura,1090.0,2.0,32.69,2.0
1561,Yelahanka,2710.0,3.0,251.0,3.0
1562,other,3040.0,1.0,180.0,2.0
1563,Uttarahalli,1330.0,2.0,46.55,3.0
1564,Hosur Road,1427.0,2.0,80.63,3.0
1565,Banjara Layout,1294.0,2.0,48.0,3.0
1566,Begur,1580.0,3.0,75.0,3.0
1568,Chikka Tirupathi,1808.0,4.0,80.27,3.0
1570,Parappana Agrahara,1194.0,2.0,47.0,2.0
1571,Kanakpura Road,900.0,2.0,46.0,2.0
1572,other,1310.0,2.0,50.0,3.0
1573,Kanakpura Road,900.0,2.0,46.0,2.0
1574,Singasandra,3850.0,6.0,195.0,4.0
1576,Yelachenahalli,2400.0,1.0,150.0,2.0
1577,Koramangala,1290.0,2.0,100.0,2.0
1578,Yelahanka,3770.0,6.0,110.0,6.0
1579,other,1390.0,3.0,120.0,3.0
1580,other,1200.0,4.0,72.0,4.0
1581,Bisuvanahalli,845.0,2.0,33.0,2.0
1582,Yelahanka,1537.0,3.0,120.0,3.0
1583,other,1135.0,2.0,68.0,2.0
1584,Hoodi,1512.0,3.0,75.77,3.0
1585,other,900.0,2.0,55.0,2.0
1586,Jigani,1230.0,3.0,54.0,3.0
1587,other,1378.0,2.0,42.33,3.0
1588,Whitefield,1277.0,2.0,61.3,2.0
1589,Hebbal,1985.0,4.0,189.0,3.0
1590,Kengeri,8000.0,5.0,500.0,5.0
1591,other,1210.0,2.0,62.0,2.0
1592,Yelahanka,890.0,2.0,40.0,2.0
1594,Sarjapur,1200.0,5.0,110.0,4.0
1595,Ardendale,3198.0,4.0,200.0,4.0
1596,other,1464.0,3.0,56.0,3.0
1597,Hebbal,2483.0,5.0,215.0,4.0
1598,Begur,1550.0,4.0,130.0,4.0
1599,Sarjapur  Road,4111.0,4.0,310.0,4.0
1600,Electronic City,975.0,2.0,37.5,2.0
1601,other,2500.0,3.0,250.0,3.0
1602,Rajiv Nagar,1690.0,3.0,125.0,3.0
1603,Hosa Road,1063.0,2.0,31.89,2.0
1606,other,1600.0,3.0,80.0,3.0
1607,other,1250.0,3.0,39.5,3.0
1608,Bommanahalli,520.0,1.0,19.5,1.0
1609,Marathahalli,4000.0,5.0,212.0,4.0
1610,Munnekollal,1390.0,3.0,68.0,3.0
1611,Whitefield,1185.0,2.0,40.0,2.0
1612,Sahakara Nagar,1219.0,2.0,48.0,2.0
1613,Kudlu Gate,1564.0,2.0,92.0,3.0
1614,Sarjapur  Road,3430.0,6.0,228.5,4.0
1615,Hosa Road,1100.0,2.0,37.1,2.0
1616,Kothannur,1300.0,2.0,60.0,3.0
1617,Chikkabanavar,1600.0,2.0,80.0,3.0
1618,Ramamurthy Nagar,1600.0,3.0,75.0,3.0
1619,Hennur Road,1482.0,2.0,92.0,3.0
1620,Marsur,1000.0,4.0,66.0,3.0
1621,Shampura,1200.0,2.0,53.0,2.0
1623,Kengeri,1200.0,2.0,58.0,2.0
1625,Nagarbhavi,2400.0,3.0,160.0,3.0
1626,Marathahalli,1469.0,3.0,89.0,3.0
1627,Kanakapura,551.0,1.0,30.0,1.0
1628,Electronics City Phase 1,1160.0,2.0,52.0,2.0
1629,Balagere,1205.0,2.0,78.5,2.0
1630,Kasavanhalli,1550.0,2.0,52.0,3.0
1631,Gubbalala,1745.0,3.0,125.0,3.0
1632,AECS Layout,1028.0,2.0,42.0,2.0
1634,Karuna Nagar,1200.0,2.0,34.0,3.0
1635,Kodihalli,2700.0,4.0,270.0,3.0
1636,other,1100.0,2.0,50.0,2.0
1637,Ramamurthy Nagar,1200.0,3.0,72.0,2.0
1638,other,1269.72,2.0,68.0,2.0
1639,Electronic City Phase II,1266.0,2.0,59.0,2.0
1640,Mysore Road,1060.0,2.0,62.0,2.0
1641,other,1168.0,3.0,70.0,3.0
1642,other,1552.0,2.0,51.0,2.0
1643,Talaghattapura,2038.5,3.0,120.0,3.0
1644,Attibele,500.0,1.0,17.0,1.0
1645,Hulimavu,1080.0,2.0,43.2,2.0
1646,other,2100.0,4.0,155.0,4.0
1647,other,1300.0,2.0,65.0,2.0
1648,Electronics City Phase 1,920.0,2.0,33.0,2.0
1650,Harlur,1310.0,2.0,50.0,2.0
1651,Horamavu Agara,1650.0,2.0,75.0,3.0
1652,other,1515.0,3.0,93.93,3.0
1653,Raja Rajeshwari Nagar,1157.0,2.0,53.8,2.0
1654,other,2400.0,5.0,85.0,4.0
1655,Konanakunte,3000.0,4.0,160.0,4.0
1656,Basavangudi,2200.0,2.0,162.0,3.0
1657,other,1243.0,2.0,58.0,2.0
1658,Rachenahalli,1530.0,2.0,74.39,3.0
1659,Judicial Layout,2070.0,3.0,162.0,3.0
1660,Yelahanka,1815.0,3.0,82.0,3.0
1661,Sarjapur  Road,3900.0,4.0,300.0,4.0
1662,Electronic City Phase II,1000.0,2.0,28.88,2.0
1663,Ananth Nagar,982.0,2.0,24.55,2.0
1664,Hennur Road,1232.0,2.0,89.0,2.0
1666,Yelahanka,654.0,1.0,38.4,1.0
1667,Bannerghatta Road,1181.0,2.0,55.0,2.0
1668,Bisuvanahalli,1075.0,2.0,45.0,3.0
1670,other,1616.0,3.0,75.0,3.0
1671,other,1800.0,6.0,44.5,5.0
1673,Whitefield,1306.0,3.0,54.65,3.0
1674,Whitefield,1626.0,3.0,89.0,3.0
1675,other,2700.0,4.0,214.0,6.0
1676,Whitefield,1585.0,3.0,88.0,3.0
1677,7th Phase JP Nagar,1370.0,2.0,56.17,2.0
1679,Kanakpura Road,1495.0,2.0,90.0,2.0
1682,Bannerghatta,1375.0,3.0,57.0,3.0
1683,Old Madras Road,3715.0,6.0,224.5,4.0
1684,Kereguddadahalli,1400.0,2.0,48.0,3.0
1686,Whitefield,665.0,2.0,28.585,1.0
1688,Yelahanka,1150.0,2.0,46.0,2.0
1689,Hebbal,1080.0,2.0,54.0,2.0
1690,Kaikondrahalli,1645.0,3.0,100.0,3.0
1691,other,1760.0,3.0,176.0,3.0
1692,other,595.0,1.0,42.0,1.0
1694,JP Nagar,4624.5,4.0,314.5,4.0
1695,other,1410.0,2.0,67.0,2.0
1696,other,1090.0,2.0,31.48,2.0
1697,Ramagondanahalli,540.0,1.0,30.0,1.0
1698,Sarjapur  Road,1300.0,2.0,60.0,2.0
1699,9th Phase JP Nagar,1890.0,2.0,85.0,3.0
1700,other,1254.0,2.0,53.0,2.0
1701,other,2800.0,7.0,125.0,7.0
1703,Kathriguppe,1245.0,2.0,68.48,3.0
1704,other,1170.0,2.0,86.0,2.0
1705,Panathur,1193.0,2.0,86.0,2.0
1706,Chandapura,850.0,2.0,25.4,2.0
1707,Marathahalli,1678.0,3.0,70.0,3.0
1708,Gunjur,1600.0,3.0,75.0,3.0
1709,Electronics City Phase 1,1750.0,3.0,84.0,3.0
1710,Whitefield,1125.0,2.0,62.0,2.0
1711,other,2200.0,4.0,235.0,4.0
1713,HBR Layout,2800.0,2.0,200.0,3.0
1715,other,1000.0,2.0,50.0,2.0
1717,Electronic City Phase II,1320.0,2.0,38.13,3.0
1719,Ardendale,2422.0,4.0,160.0,4.0
1720,Kasavanhalli,1100.0,2.0,50.0,2.0
1721,Uttarahalli,882.0,2.0,30.0,2.0
1722,Bisuvanahalli,845.0,2.0,37.0,2.0
1723,Kambipura,883.0,2.0,39.0,2.0
1724,Thanisandra,776.5,2.0,48.145,1.0
1725,Brookefield,1595.0,3.0,88.0,3.0
1726,Whitefield,1280.0,2.0,85.0,2.0
1728,other,920.0,2.0,35.0,2.0
1729,Choodasandra,1300.0,2.0,57.0,2.0
1731,Harlur,1757.0,3.0,132.0,3.0
1732,Anekal,600.0,1.0,16.5,1.0
1733,other,2400.0,3.0,142.0,4.0
1734,Sarjapur,1240.0,2.0,44.0,2.0
1736,EPIP Zone,1330.0,2.0,93.36,2.0
1737,8th Phase JP Nagar,1062.0,2.0,42.47,2.0
1738,JP Nagar,1078.0,2.0,45.0,2.0
1739,Bannerghatta Road,1460.0,2.0,72.0,3.0
1740,Whitefield,1200.0,3.0,68.5,3.0
1741,Laggere,1200.0,1.0,48.0,1.0
1742,Kammasandra,912.0,2.0,39.0,3.0
1745,Prithvi Layout,2028.0,4.0,162.0,4.0
1746,Mysore Road,980.0,2.0,45.47,2.0
1747,Sarjapur  Road,1000.0,2.0,40.0,2.0
1748,Sarjapur  Road,1050.0,2.0,62.0,2.0
1749,Bannerghatta,2611.0,3.0,239.0,3.0
1750,Domlur,1875.0,2.0,150.0,3.0
1751,Hennur Road,1065.0,2.0,42.6,2.0
1752,Sanjay nagar,1800.0,3.0,180.0,3.0
1754,Tumkur Road,1098.0,2.0,72.0,2.0
1755,5th Phase JP Nagar,1725.0,2.0,100.0,3.0
1756,Whitefield,4000.0,4.0,330.0,4.0
1757,Thubarahalli,1128.0,2.0,75.0,2.0
1759,Yelahanka,1705.0,3.0,74.16,3.0
1760,Thigalarapalya,1418.0,2.0,95.0,2.0
1762,Hebbal,1100.0,2.0,50.0,2.0
1763,other,1464.0,3.0,56.0,3.0
1764,Hebbal,812.0,2.0,55.0,2.0
1765,Binny Pete,2817.5,2.0,204.0,4.0
1766,other,1280.0,2.0,40.0,2.0
1771,Old Airport Road,2774.0,4.0,207.0,4.0
1772,other,2000.0,3.0,85.0,3.0
1773,HBR Layout,1722.0,3.0,95.0,3.0
1777,other,840.0,2.0,27.0,2.0
1778,Jigani,914.0,2.0,47.0,2.0
1779,Hennur Road,1482.0,2.0,83.73,3.0
1780,Kundalahalli,1724.0,3.0,127.0,3.0
1781,other,1670.0,3.0,91.86,3.0
1782,Banaswadi,1184.0,2.0,53.0,2.0
1783,Kodigehaali,1200.0,2.0,55.0,2.0
1784,TC Palaya,1200.0,2.0,65.0,2.0
1785,Jigani,927.0,2.0,55.0,2.0
1786,other,1242.0,2.0,39.7,2.0
1787,Electronic City Phase II,1220.0,3.0,35.23,3.0
1788,Electronic City,1360.0,2.0,75.0,3.0
1789,Brookefield,2800.0,4.0,240.0,4.0
1790,7th Phase JP Nagar,1180.0,2.0,72.0,2.0
1791,Whitefield,1697.0,3.0,108.0,3.0
1793,Hennur,1225.0,2.0,57.0,2.0
1794,other,1690.0,2.0,55.0,3.0
1796,other,1488.0,3.0,57.0,3.0
1797,other,1250.0,2.0,80.0,3.0
1798,JP Nagar,1050.0,1.0,44.0,1.0
1799,HSR Layout,1027.0,2.0,44.0,2.0
1800,Kanakpura Road,1699.0,3.0,81.94,3.0
1801,Whitefield,1205.0,2.0,58.0,2.0
1803,Horamavu Agara,950.0,2.0,39.0,2.0
1804,TC Palaya,1200.0,2.0,70.0,2.0
1805,Akshaya Nagar,1476.0,3.0,120.0,3.0
1806,CV Raman Nagar,1070.0,2.0,55.0,2.0
1807,EPIP Zone,2160.0,4.0,172.0,3.0
1808,Sector 2 HSR Layout,1296.0,2.0,75.0,2.0
1809,Chikkalasandra,1800.0,1.0,128.0,2.0
1810,Kanakpura Road,1570.0,3.0,64.5,3.0
1812,Sarjapur,1550.0,2.0,65.0,4.0
1813,Electronic City,770.0,1.0,40.0,2.0
1814,Jalahalli,1870.0,3.0,110.0,3.0
1815,other,1650.0,4.0,160.0,3.0
1816,Domlur,1429.0,3.0,86.0,3.0
1817,Babusapalaya,1167.0,2.0,39.98,3.0
1818,Bommasandra,1035.0,2.0,41.73,2.0
1819,Kengeri,1188.0,2.0,38.0,3.0
1822,Nagarbhavi,884.0,2.0,36.0,1.0
1823,Haralur Road,1194.0,2.0,46.0,2.0
1824,Hoodi,1026.0,2.0,60.87,2.0
1826,Kaikondrahalli,1115.0,2.0,50.0,2.0
1828,Old Airport Road,2690.0,4.0,191.0,4.0
1829,Subramanyapura,975.0,2.0,58.0,2.0
1831,Chamrajpet,1900.0,2.0,170.0,4.0
1833,OMBR Layout,1101.0,2.0,65.5,2.0
1834,Sarjapur  Road,1700.0,3.0,135.0,3.0
1835,Whitefield,3606.0,4.0,312.0,4.0
1837,Kanakpura Road,1560.0,3.0,92.0,3.0
1838,Old Madras Road,3630.0,6.0,195.0,4.0
1840,Hebbal,2790.0,4.0,198.0,4.0
1841,Badavala Nagar,1494.0,2.0,94.55,3.0
1842,Hennur Road,1482.0,2.0,87.0,3.0
1843,other,800.0,2.0,50.0,2.0
1844,Raja Rajeshwari Nagar,1185.0,2.0,47.39,2.0
1845,Hulimavu,1100.0,2.0,71.5,2.0
1848,Hulimavu,1758.0,3.0,65.0,3.0
1849,Banaswadi,1145.0,2.0,55.0,2.0
1850,Hormavu,1180.0,2.0,50.0,2.0
1851,other,1260.0,2.0,58.0,2.0
1852,Yelahanka,3461.0,2.0,173.0,4.0
1853,Arekere,1190.0,2.0,55.0,2.0
1854,Sarjapur  Road,1691.0,3.0,119.0,3.0
1855,other,3675.0,4.0,367.0,4.0
1856,Frazer Town,1305.0,3.0,95.45,3.0
1861,Kogilu,1140.0,2.0,50.66,2.0
1862,other,1250.0,2.0,65.0,2.0
1864,other,1225.0,2.0,48.0,2.0
1865,Kereguddadahalli,800.0,2.0,28.0,2.0
1866,Jalahalli East,1020.0,2.0,58.0,2.0
1867,TC Palaya,2100.0,2.0,50.0,4.0
1868,other,1350.0,2.0,80.0,2.0
1869,Anekal,925.0,2.0,40.0,2.0
1871,other,2000.0,3.0,100.0,3.0
1872,Frazer Town,1510.0,2.0,75.0,3.0
1874,other,1614.0,3.0,110.0,3.0
1876,Gottigere,1200.0,2.0,95.0,2.0
1877,TC Palaya,900.0,2.0,55.0,2.0
1878,Bommenahalli,1632.0,3.0,145.0,4.0
1879,OMBR Layout,1041.0,2.0,65.5,2.0
1880,7th Phase JP Nagar,5080.0,7.0,450.0,6.0
1881,Bannerghatta,3012.0,6.0,250.0,4.0
1882,Marathahalli,1530.0,3.0,74.5,3.0
1883,Sector 2 HSR Layout,1450.0,2.0,135.0,3.0
1884,Bannerghatta Road,1200.0,2.0,75.0,2.0
1885,Sahakara Nagar,1200.0,4.0,130.0,4.0
1886,Hosur Road,1508.0,2.0,110.0,3.0
1888,other,1188.0,2.0,73.0,2.0
1889,Old Airport Road,2690.0,4.0,199.0,4.0
1890,Harlur,1174.0,2.0,76.0,2.0
1891,Old Madras Road,1350.0,3.0,58.99,3.0
1892,Frazer Town,1870.0,3.0,185.0,3.0
1893,Kengeri Satellite Town,1072.0,2.0,25.0,2.0
1895,Kengeri,726.0,2.0,31.0,2.0
1896,Hosur Road,1345.0,2.0,106.0,2.0
1897,Begur Road,1200.0,2.0,45.0,2.0
1898,Nagavarapalya,980.0,2.0,37.0,2.0
1899,Hormavu,1050.0,2.0,77.0,2.0
1900,Uttarahalli,993.0,2.0,39.71,2.0
1901,7th Phase JP Nagar,1300.0,2.0,52.0,3.0
1902,Vittasandra,1743.0,3.0,85.0,3.0
1903,Whitefield,1204.0,4.0,125.0,4.0
1904,Hormavu,1200.0,2.0,67.0,2.0
1905,other,1480.0,3.0,90.0,3.0
1906,Sarjapur,950.0,2.0,32.5,2.0
1907,Domlur,640.0,1.0,55.0,1.0
1908,Electronic City Phase II,972.0,2.0,44.0,2.0
1909,Marathahalli,1840.0,3.0,98.0,3.0
1910,Electronic City,1128.0,2.0,64.0,2.0
1911,other,680.0,2.0,42.0,2.0
1912,other,2400.0,2.0,95.0,2.0
1913,other,1045.0,2.0,42.0,2.0
1914,other,955.0,2.0,53.55,2.0
1915,Doddakallasandra,1360.0,2.0,54.39,3.0
1916,BTM Layout,1150.0,2.0,63.0,2.0
1917,Hennur Road,3450.0,4.0,294.0,4.0
1918,other,1115.0,2.0,56.87,2.0
1919,Jigani,920.0,2.0,46.0,2.0
1920,Bommasandra Industrial Area,1030.0,2.0,41.0,2.0
1921,Thanisandra,1564.0,3.0,101.0,3.0
1922,Uttarahalli,1045.0,2.0,45.0,2.0
1923,Hegde Nagar,1200.0,4.0,83.0,4.0
1924,Subramanyapura,1277.0,2.0,55.0,2.0
1925,other,2479.13,3.0,215.0,3.0
1926,Sarjapur  Road,1846.0,3.0,140.0,3.0
1928,other,1690.0,3.0,75.0,3.0
1929,Hormavu,1200.0,3.0,70.0,2.0
1930,Yelahanka,3042.0,4.0,131.0,4.0
1932,other,1068.0,2.0,40.05,2.0
1933,Kanakpura Road,1135.0,2.0,58.0,2.0
1934,other,1925.0,3.0,120.0,3.0
1935,Begur Road,1615.0,3.0,60.0,3.0
1936,other,650.0,1.0,26.0,1.0
1938,Kaggadasapura,1150.0,2.0,42.0,2.0
1940,other,1410.0,2.0,45.12,3.0
1943,Tumkur Road,1354.0,3.0,90.0,3.0
1945,Arekere,600.0,1.0,28.0,1.0
1946,Varthur,1320.0,2.0,110.0,4.0
1947,Koramangala,1600.0,3.0,88.0,3.0
1948,Kanakpura Road,3500.0,6.0,225.0,4.0
1949,GM Palaya,1000.0,2.0,36.0,2.0
1950,other,1130.0,3.0,38.0,3.0
1951,Vittasandra,1238.0,2.0,67.0,2.0
1954,Kudlu Gate,1364.0,2.0,46.38,3.0
1955,other,900.0,2.0,45.0,2.0
1956,Gubbalala,1745.0,3.0,104.0,3.0
1957,Kogilu,1200.0,2.0,53.33,2.0
1958,Kanakapura,1020.0,2.0,42.83,2.0
1959,Banashankari Stage III,1650.0,3.0,118.0,3.0
1960,other,1550.0,2.0,70.0,3.0
1961,5th Phase JP Nagar,1440.0,2.0,60.0,2.0
1962,Sarjapura - Attibele Road,1329.0,2.0,45.95,3.0
1963,other,916.0,2.0,42.0,2.0
1964,Hulimavu,688.0,1.0,50.0,1.0
1965,other,1358.0,3.0,50.0,3.0
1966,Kanakpura Road,1331.0,2.0,107.0,2.0
1967,Malleshwaram,686.0,1.0,62.5,1.0
1968,Hoodi,1050.0,2.0,50.0,2.0
1969,Talaghattapura,2106.0,3.0,126.0,3.0
1970,Bhoganhalli,1718.0,3.0,90.2,3.0
1971,Raja Rajeshwari Nagar,1530.0,3.0,57.0,3.0
1972,5th Block Hbr Layout,1206.0,2.0,56.0,2.0
1973,Hebbal,1075.0,2.0,52.0,2.0
1974,Sarjapur  Road,1200.0,3.0,95.0,3.0
1975,other,1936.0,2.0,54.21,3.0
1976,Nagavara,2172.65,3.0,120.0,4.0
1977,Sahakara Nagar,1100.0,2.0,75.0,3.0
1981,Sarjapur  Road,1117.0,2.0,29.99,2.0
1982,other,1685.0,2.0,110.0,3.0
1983,CV Raman Nagar,740.0,2.0,37.0,2.0
1985,Magadi Road,1500.0,2.0,93.0,4.0
1986,Banashankari,1800.0,3.0,115.0,3.0
1987,Yelachenahalli,1700.0,3.0,130.0,3.0
1988,Uttarahalli,850.0,2.0,37.93,2.0
1989,Hennur Road,1891.0,3.0,139.0,3.0
1990,Jalahalli,1400.0,1.0,80.0,2.0
1991,Lakshminarayana Pura,1172.0,2.0,82.0,2.0
1992,Electronic City Phase II,1400.0,2.0,40.43,3.0
1993,Sonnenahalli,896.0,2.0,43.75,2.0
1994,Vijayanagar,1180.0,2.0,65.0,2.0
1996,other,850.0,2.0,33.0,2.0
1997,Anekal,530.0,1.0,18.0,1.0
1998,other,1550.0,3.0,110.0,3.0
1999,Kanakapura,1699.0,3.0,97.0,3.0
2000,Bellandur,2025.0,4.0,109.0,4.0
2001,Ananth Nagar,500.0,2.0,14.0,1.0
2002,other,500.0,1.0,20.0,1.0
2003,other,1146.0,2.0,38.5,2.0
2006,Seegehalli,800.0,1.0,50.0,2.0
2007,Abbigere,765.0,2.0,30.0,1.0
2008,Lingadheeranahalli,1521.0,3.0,94.99,3.0
2009,Gottigere,1600.0,2.0,55.0,3.0
2011,Hebbal Kempapura,2900.0,4.0,240.0,3.0
2012,other,1765.0,3.0,105.0,3.0
2013,Kasavanhalli,1980.0,3.0,88.0,3.0
2014,Amruthahalli,1900.0,3.0,135.0,3.0
2015,other,1265.0,2.0,70.0,2.0
2016,Bommasandra,1034.0,2.0,40.0,2.0
2017,other,1012.0,2.0,59.0,2.0
2018,Electronic City,1070.0,2.0,54.0,2.0
2019,Mahadevpura,3555.0,4.0,230.0,4.0
2020,5th Block Hbr Layout,1270.0,2.0,70.0,3.0
2022,other,2045.0,4.0,154.0,3.0
2023,Bellandur,1490.0,2.0,98.0,3.0
2025,Mysore Road,883.0,2.0,40.0,2.0
2026,Yeshwanthpur,671.0,1.0,36.85,1.0
2027,Kammasandra,1156.0,2.0,32.0,2.0
2028,Haralur Road,2017.0,3.0,125.0,3.0
2029,Thigalarapalya,3122.0,6.0,235.0,4.0
2030,Ramagondanahalli,1635.0,3.0,62.0,3.0
2031,other,4400.0,9.0,120.0,7.0
2032,Kanakpura Road,1296.0,2.0,89.0,2.0
2034,Budigere,1139.0,2.0,62.0,2.0
2035,CV Raman Nagar,1230.0,3.0,47.0,2.0
2036,other,581.91,2.0,25.0,1.0
2037,Binny Pete,1245.0,2.0,86.28,2.0
2038,other,1158.0,2.0,85.0,3.0
2039,Marathahalli,3951.0,4.0,220.0,4.0
2041,Ramamurthy Nagar,360.0,1.0,26.0,1.0
2042,Electronics City Phase 1,1350.0,3.0,55.0,3.0
2043,Green Glen Layout,1670.0,3.0,120.0,3.0
2044,Akshaya Nagar,1600.0,2.0,65.0,3.0
2045,Horamavu Banaswadi,1307.0,2.0,51.6,2.0
2046,7th Phase JP Nagar,1050.0,2.0,57.0,3.0
2047,Hennur Road,1703.0,3.0,101.0,3.0
2048,Kaggalipura,1210.0,2.0,58.0,3.0
2049,Electronic City,1025.0,2.0,29.6,2.0
2050,Haralur Road,1140.0,2.0,43.0,2.0
2051,7th Phase JP Nagar,1343.0,2.0,56.41,3.0
2052,R.T. Nagar,1560.0,3.0,85.0,3.0
2053,other,925.0,2.0,51.0,2.0
2054,Kanakpura Road,1420.0,2.0,75.0,3.0
2055,other,1415.0,2.0,110.0,2.0
2056,other,1210.0,2.0,60.0,2.0
2057,Yeshwanthpur,1852.0,3.0,160.0,3.0
2058,Hoskote,1250.0,3.0,50.0,3.0
2059,9th Phase JP Nagar,1100.0,2.0,65.0,2.0
2060,2nd Phase Judicial Layout,1150.0,2.0,40.25,2.0
2061,Jakkur,1100.0,2.0,53.35,2.0
2062,Magadi Road,1350.0,1.0,100.0,2.0
2063,Panathur,1546.0,3.0,99.0,3.0
2064,Ambedkar Nagar,1424.0,2.0,90.0,2.0
2065,Bellandur,1398.0,3.0,68.0,3.0
2067,HBR Layout,1200.0,4.0,120.0,4.0
2068,Brookefield,1476.0,3.0,105.0,3.0
2070,Magadi Road,1322.0,2.0,58.82,3.0
2072,other,1100.0,2.0,55.0,2.0
2074,Sarjapur,1285.0,2.0,68.0,3.0
2075,Ambalipura,1150.0,2.0,80.0,2.0
2076,Thanisandra,1430.0,2.0,56.0,3.0
2077,Marathahalli,1350.0,2.0,62.0,3.0
2079,Thubarahalli,1185.0,2.0,65.0,2.0
2080,Bannerghatta Road,1760.0,3.0,67.0,3.0
2082,Kanakpura Road,900.0,2.0,41.0,2.0
2083,Kanakpura Road,1297.0,2.0,105.0,2.0
2084,other,1840.0,3.0,155.0,3.0
2085,Ramamurthy Nagar,950.0,2.0,50.79,2.0
2087,BTM 2nd Stage,950.0,2.0,52.0,2.0
2088,Yeshwanthpur,1277.5,2.0,95.815,2.0
2089,Electronic City,1571.0,3.0,89.0,3.0
2090,Electronic City Phase II,1031.0,2.0,55.0,2.0
2091,Whitefield,1485.0,2.0,90.0,2.0
2092,Ananth Nagar,1109.0,2.0,60.0,2.0
2093,Koramangala,2200.0,3.0,180.0,3.0
2094,Whitefield,950.0,1.0,50.0,1.0
2096,Hosa Road,1161.0,2.0,55.15,2.0
2098,Electronic City Phase II,1003.0,2.0,40.6,2.0
2100,9th Phase JP Nagar,1080.0,2.0,37.0,2.0
2101,Hulimavu,1255.0,2.0,73.0,2.0
2102,Banaswadi,1250.0,2.0,60.0,2.0
2103,Brookefield,1700.0,4.0,152.0,4.0
2104,Ramamurthy Nagar,1200.0,2.0,66.0,3.0
2105,other,824.0,2.0,60.0,2.0
2106,1st Phase JP Nagar,1875.0,3.0,167.0,3.0
2107,Bommasandra Industrial Area,1320.0,2.0,38.12,3.0
2108,Kothanur,9600.0,5.0,550.0,5.0
2109,Uttarahalli,1330.0,2.0,47.0,3.0
2110,Kaikondrahalli,1220.0,3.0,56.0,3.0
2111,Electronic City,1111.0,3.0,50.0,3.0
2112,Kothannur,1197.0,2.0,47.88,2.0
2113,Marathahalli,2519.0,5.0,185.0,4.0
2114,other,1340.0,2.0,100.0,3.0
2115,Old Madras Road,1450.0,3.0,132.0,4.0
2116,Hoodi,1837.0,3.0,145.0,3.0
2118,Kudlu Gate,1238.0,2.0,55.0,2.0
2119,7th Phase JP Nagar,1405.0,2.0,59.01,3.0
2120,Doddaballapur,1690.0,3.0,80.0,4.0
2121,other,1620.0,2.0,110.0,3.0
2122,Kanakpura Road,1673.0,3.0,115.0,3.0
2123,Margondanahalli,1090.0,2.0,58.0,2.0
2124,Varthur,1112.0,2.0,40.0,2.0
2125,Marathahalli,1385.0,2.0,66.65,3.0
2127,Subramanyapura,985.0,2.0,58.0,2.0
2128,Kanakpura Road,825.0,1.0,36.29,1.0
2129,Kanakpura Road,1080.0,2.0,37.8,2.0
2130,Hosa Road,1430.0,2.0,97.52,2.0
2131,Kengeri Satellite Town,1050.0,2.0,43.0,2.0
2132,Kumaraswami Layout,2000.0,4.0,139.0,4.0
2133,Banashankari Stage VI,4800.0,4.0,190.0,4.0
2134,other,1533.0,3.0,115.0,3.0
2137,Lakshminarayana Pura,1750.0,3.0,150.0,3.0
2138,TC Palaya,1200.0,2.0,66.0,3.0
2139,Prithvi Layout,1352.0,2.0,87.5,2.0
2140,Harlur,1754.0,3.0,125.0,3.0
2141,other,1560.0,3.0,85.0,3.0
2142,Bannerghatta,3012.0,6.0,268.0,4.0
2143,Whitefield,3584.0,4.0,199.0,4.0
2144,Channasandra,1470.0,2.0,90.0,3.0
2145,9th Phase JP Nagar,1035.0,2.0,45.0,2.0
2147,Kammanahalli,1160.0,2.0,52.0,2.0
2148,Jakkur,1100.0,2.0,52.0,2.0
2149,Horamavu Agara,1170.0,2.0,38.0,2.0
2150,Bannerghatta Road,595.0,1.0,31.83,1.0
2151,HSR Layout,1650.0,3.0,110.0,3.0
2154,other,1375.0,2.0,48.06,3.0
2155,Ramagondanahalli,1235.0,2.0,46.8,2.0
2156,other,750.0,1.0,25.0,1.0
2157,7th Phase JP Nagar,1400.0,3.0,115.0,3.0
2158,Poorna Pragna Layout,1270.0,2.0,50.79,3.0
2159,Bannerghatta Road,1105.0,2.0,51.0,2.0
2160,other,1375.0,2.0,85.0,3.0
2161,Attibele,2168.0,4.0,95.0,4.0
2163,Yelahanka,1065.0,2.0,40.84,2.0
2166,Whitefield,825.0,1.0,45.0,1.0
2167,other,1095.0,2.0,40.0,2.0
2169,other,1440.0,2.0,60.33,3.0
2170,Electronic City,870.0,2.0,39.5,2.0
2171,Panathur,1195.0,2.0,84.0,2.0
2172,other,1200.0,2.0,49.5,2.0
2173,Raja Rajeshwari Nagar,1530.0,3.0,61.2,3.0
2174,Padmanabhanagar,1708.0,2.0,90.5,3.0
2175,other,975.0,2.0,43.0,2.0
2176,KR Puram,750.0,2.0,25.0,2.0
2178,Iblur Village,1920.0,3.0,130.0,3.0
2180,Thanisandra,1183.0,2.0,58.56,2.0
2182,Mico Layout,1550.0,2.0,65.0,3.0
2183,Kaggadasapura,1110.0,2.0,53.0,2.0
2185,Kaggadasapura,1105.0,2.0,38.67,2.0
2186,Anekal,1800.0,3.0,68.0,3.0
2187,other,2800.0,4.0,200.0,5.0
2188,Bommanahalli,1000.0,2.0,29.9,2.0
2189,Prithvi Layout,1190.0,2.0,68.0,2.0
2191,Hebbal,3067.0,4.0,230.0,4.0
2192,Sarjapur  Road,1929.0,4.0,103.0,3.0
2193,Ramamurthy Nagar,1525.0,3.0,100.0,3.0
2194,Nehru Nagar,1775.0,3.0,110.0,3.0
2195,Banashankari,1125.0,2.0,63.0,2.0
2196,other,900.0,2.0,42.0,2.0
2197,Sarjapur  Road,1155.0,2.0,58.0,2.0
2198,Hulimavu,1200.0,4.0,75.0,4.0
2199,Sonnenahalli,1268.0,2.0,73.0,2.0
2200,other,1500.0,3.0,88.0,3.0
2201,Electronic City,630.0,1.0,47.0,1.0
2202,Seegehalli,1525.0,3.0,65.0,3.0
2203,Kaggadasapura,1060.0,2.0,48.0,2.0
2204,Lingadheeranahalli,1687.0,3.0,127.0,3.0
2205,Thanisandra,1847.0,3.0,123.0,3.0
2206,Begur Road,1410.0,2.0,53.0,3.0
2207,7th Phase JP Nagar,1075.0,2.0,42.99,2.0
2210,Basavangudi,1500.0,2.0,143.0,3.0
2211,other,1010.0,2.0,46.0,2.0
2212,Haralur Road,1875.0,3.0,110.0,3.0
2214,Kanakpura Road,983.0,2.0,50.6,2.0
2215,Kasturi Nagar,1101.0,2.0,65.0,2.0
2216,other,1140.0,2.0,76.0,2.0
2218,Kengeri Satellite Town,1007.0,2.0,42.0,2.0
2219,Bellandur,2039.0,3.0,168.0,3.0
2221,other,1198.0,2.0,84.0,2.0
2223,other,1470.0,4.0,34.5,4.0
2224,other,1370.0,2.0,75.0,2.0
2225,other,1316.0,2.0,55.5,2.0
2226,Kaggadasapura,1350.0,3.0,55.5,3.0
2227,other,1050.0,2.0,43.0,2.0
2228,KR Puram,1128.76,3.0,47.405,3.0
2229,Electronic City,921.0,2.0,34.0,2.0
2230,Kundalahalli,1010.0,2.0,49.27,2.0
2231,KR Puram,1015.0,2.0,43.0,2.0
2232,TC Palaya,1200.0,2.0,66.5,3.0
2233,Lakshminarayana Pura,1179.0,2.0,75.0,2.0
2234,Anjanapura,1850.0,4.0,86.0,4.0
2235,Kammasandra,870.0,2.0,24.0,2.0
2236,Bellandur,1605.0,3.0,85.0,3.0
2237,Banashankari Stage VI,2800.0,4.0,89.0,4.0
2240,other,2400.0,7.0,110.0,6.0
2241,other,1000.0,1.0,55.0,2.0
2242,Ramamurthy Nagar,1200.0,2.0,80.0,2.0
2244,Kammasandra,1200.0,2.0,66.0,2.0
2245,other,1200.0,2.0,50.0,2.0
2246,Hennur,1255.0,2.0,57.5,2.0
2247,Hosur Road,1085.0,2.0,30.38,2.0
2248,Kanakpura Road,1592.0,3.0,125.0,3.0
2249,other,1313.0,2.0,58.27,2.0
2250,Kogilu,1934.0,3.0,150.0,3.0
2251,Harlur,1200.0,2.0,49.5,2.0
2252,Uttarahalli,3600.0,6.0,120.0,6.0
2253,Old Madras Road,935.0,2.0,45.0,2.0
2254,Bommasandra,877.0,2.0,30.0,2.0
2255,other,936.0,2.0,42.0,2.0
2256,Nagasandra,1470.0,2.0,110.0,3.0
2257,other,1050.0,1.0,70.0,1.0
2258,Hennur Road,1232.0,2.0,69.61,2.0
2259,Ambedkar Nagar,2225.0,4.0,169.0,3.0
2260,other,1200.0,2.0,80.0,3.0
2261,Dasarahalli,1901.0,3.0,119.0,3.0
2262,Sarjapur  Road,1819.0,3.0,100.0,3.0
2263,other,1464.0,3.0,56.0,3.0
2265,Old Madras Road,3715.0,6.0,200.5,4.0
2266,9th Phase JP Nagar,5000.0,4.0,290.0,4.0
2268,other,1256.0,2.0,60.0,2.0
2269,7th Phase JP Nagar,1100.0,2.0,44.0,2.0
2270,TC Palaya,4800.0,3.0,302.0,4.0
2271,Kothanur,1435.0,3.0,70.0,3.0
2272,6th Phase JP Nagar,3245.0,4.0,250.0,4.0
2273,Sarjapur  Road,1845.0,4.0,110.0,3.0
2274,Jigani,2400.0,4.0,130.0,3.0
2275,HSR Layout,1140.0,2.0,46.0,2.0
2276,Ulsoor,1200.0,2.0,60.0,2.0
2277,Talaghattapura,2254.0,3.0,170.0,3.0
2278,Frazer Town,1750.0,3.0,150.0,3.0
2279,other,1020.0,2.0,37.0,2.0
2280,Bommanahalli,515.0,1.0,25.0,1.0
2281,Lingadheeranahalli,1893.0,3.0,140.0,3.0
2283,other,830.0,2.0,34.0,2.0
2284,Singasandra,600.0,2.0,36.5,2.0
2285,Bisuvanahalli,1075.0,2.0,90.0,3.0
2287,Kasavanhalli,1200.0,2.0,78.0,2.0
2288,Sarjapur  Road,1233.0,2.0,77.65,2.0
2289,Bannerghatta Road,1255.0,2.0,65.26,2.0
2290,Begur Road,1200.0,2.0,37.8,2.0
2291,Varthur,2145.0,3.0,175.0,3.0
2292,1st Phase JP Nagar,1500.0,5.0,85.0,5.0
2293,Kothannur,740.0,2.0,34.0,2.0
2294,Kengeri,1250.0,3.0,48.0,3.0
2295,other,1210.0,2.0,40.0,2.0
2296,Sarjapur  Road,1525.0,2.0,60.0,3.0
2297,Kogilu,540.0,1.0,36.0,1.0
2298,Tumkur Road,1240.0,2.0,84.0,3.0
2299,Subramanyapura,1245.0,2.0,68.0,3.0
2301,Hosa Road,1104.0,2.0,36.43,2.0
2302,Bisuvanahalli,1075.0,2.0,35.99,3.0
2303,Nagavara,2200.0,2.0,55.0,2.0
2304,Whitefield,1155.0,2.0,60.0,2.0
2305,other,1520.0,2.0,62.0,2.0
2306,Thigalarapalya,3122.0,6.0,245.0,4.0
2307,Harlur,1290.0,2.0,85.0,2.0
2308,other,2300.0,3.0,80.0,3.0
2309,Kannamangala,3000.0,4.0,200.0,4.0
2311,other,400.0,1.0,14.0,1.0
2312,Banashankari,1340.0,2.0,53.6,3.0
2315,Hennur Road,987.0,2.0,49.0,2.0
2316,Old Madras Road,1720.0,3.0,100.0,3.0
2317,Hebbal,1040.0,2.0,50.0,2.0
2318,Anandapura,900.0,2.0,64.0,2.0
2319,Raja Rajeshwari Nagar,1030.0,2.0,50.0,2.0
2320,Neeladri Nagar,2556.0,3.0,133.0,3.0
2321,Basavangudi,1850.0,3.0,168.0,3.0
2323,Balagere,1028.0,2.0,31.86,2.0
2324,7th Phase JP Nagar,1270.0,2.0,83.0,2.0
2325,Sahakara Nagar,1655.0,3.0,115.0,3.0
2326,Electronics City Phase 1,940.0,2.0,40.0,2.0
2327,Domlur,1050.0,2.0,85.0,2.0
2329,other,946.0,2.0,38.0,2.0
2330,CV Raman Nagar,1726.0,3.0,145.0,3.0
2332,Vittasandra,1404.0,2.0,75.0,2.0
2333,Sarjapur,1525.0,2.0,48.0,3.0
2334,Kengeri,1025.0,2.0,57.0,2.0
2335,other,1575.0,4.0,150.0,5.0
2336,other,860.0,1.0,43.0,2.0
2337,Talaghattapura,1223.0,2.0,42.81,3.0
2339,Kothannur,1197.0,2.0,47.8,2.0
2340,Garudachar Palya,1150.0,2.0,52.75,2.0
2342,R.T. Nagar,1040.0,2.0,46.0,2.0
2343,Banashankari,1310.0,2.0,80.0,2.0
2344,Uttarahalli,1788.0,3.0,98.34,3.0
2345,Raja Rajeshwari Nagar,1144.0,2.0,38.55,2.0
2346,Anjanapura,1070.0,2.0,39.0,2.0
2347,other,1200.0,2.0,70.0,2.0
2348,Ambedkar Nagar,1862.0,3.0,120.0,3.0
2349,Margondanahalli,1200.0,2.0,58.5,2.0
2350,Begur Road,970.0,2.0,27.0,2.0
2351,Kasavanhalli,1646.0,3.0,79.5,3.0
2352,Sarjapur  Road,4395.0,4.0,242.0,4.0
2354,Iblur Village,1995.0,3.0,135.0,3.0
2356,Hosakerehalli,1085.0,2.0,47.74,2.0
2357,Budigere,1139.0,2.0,56.8,2.0
2358,Haralur Road,1092.0,2.0,44.0,2.0
2359,Pattandur Agrahara,1767.0,3.0,98.0,3.0
2360,other,1700.0,3.0,80.0,3.0
2361,Bellandur,1692.0,3.0,88.0,3.0
2362,6th Phase JP Nagar,1645.0,3.0,100.0,3.0
2363,Uttarahalli,1345.0,2.0,57.0,3.0
2364,other,1100.0,2.0,60.0,2.0
2365,Gollarapalya Hosahalli,1408.0,3.0,62.0,3.0
2366,Banashankari Stage III,2400.0,4.0,240.0,4.0
2367,Kadugodi,1920.0,4.0,200.0,4.0
2368,other,6040.0,4.0,170.0,5.0
2369,Thigalarapalya,2072.0,4.0,150.0,3.0
2371,Electronics City Phase 1,2040.0,3.0,137.0,3.0
2372,Sarjapur  Road,1220.0,3.0,56.0,3.0
2374,other,1300.0,2.0,79.0,2.0
2375,Electronics City Phase 1,1150.0,2.0,39.0,2.0
2376,KR Puram,1470.0,2.0,86.0,2.0
2377,Hosa Road,1063.0,2.0,31.9,2.0
2378,other,1311.0,2.0,48.0,2.0
2379,other,3500.0,4.0,350.0,4.0
2381,other,1400.0,2.0,55.0,3.0
2382,Kanakpura Road,2200.0,2.0,62.0,2.0
2383,Thanisandra,1430.0,2.0,56.0,3.0
2384,Vidyaranyapura,1060.0,2.0,55.0,2.0
2386,Sector 7 HSR Layout,1760.0,3.0,145.0,3.0
2387,Whitefield,2010.0,3.0,92.0,3.0
2388,Kanakpura Road,1480.0,2.0,64.23,3.0
2389,8th Phase JP Nagar,1230.0,2.0,43.5,3.0
2390,Gottigere,1300.0,3.0,65.0,3.0
2392,Frazer Town,4850.0,6.0,385.0,4.0
2393,Singasandra,1100.0,2.0,52.0,2.0
2394,Harlur,1752.12,3.0,116.0,3.0
2395,Marathahalli,957.0,2.0,46.9,2.0
2396,Balagere,790.5,1.0,41.9,1.0
2397,other,1942.0,3.0,102.0,3.0
2398,other,1000.0,2.0,53.0,2.0
2399,Yeshwanthpur,668.0,1.0,36.85,1.0
2402,Uttarahalli,1089.0,2.0,43.55,2.0
2403,Thanisandra,1800.0,3.0,90.0,3.0
2404,Yelahanka New Town,960.0,2.0,18.0,1.0
2405,Yelahanka,1036.0,2.0,39.35,2.0
2406,Marathahalli,1583.0,3.0,105.0,3.0
2407,7th Phase JP Nagar,3300.0,4.0,150.0,4.0
2408,Padmanabhanagar,1100.0,2.0,65.0,2.0
2410,Vittasandra,1246.0,2.0,65.0,2.0
2411,Dodda Nekkundi,850.0,2.0,28.0,2.0
2412,Raja Rajeshwari Nagar,1196.0,2.0,51.51,2.0
2413,Thanisandra,1697.0,3.0,114.0,3.0
2414,TC Palaya,1000.0,2.0,64.0,2.0
2415,HRBR Layout,1567.0,3.0,90.0,3.0
2416,Anekal,1200.0,1.0,36.0,2.0
2417,Sarjapur  Road,3750.0,6.0,290.0,4.0
2418,other,950.0,2.0,45.0,2.0
2419,other,1022.0,2.0,52.0,2.0
2420,Kammasandra,1018.0,2.0,23.45,2.0
2421,other,2000.0,3.0,25.0,4.0
2422,Bharathi Nagar,1322.0,2.0,68.0,2.0
2423,Marsur,1800.0,4.0,145.0,4.0
2424,Doddakallasandra,1460.0,2.0,58.39,3.0
2425,other,990.0,2.0,44.55,2.0
2427,Whitefield,1635.0,2.0,85.0,3.0
2429,Padmanabhanagar,3400.0,3.0,210.0,4.0
2431,EPIP Zone,3035.0,5.0,200.0,4.0
2432,other,1533.0,3.0,85.0,3.0
2433,Akshaya Nagar,1720.0,3.0,134.0,3.0
2434,Frazer Town,2000.0,3.0,200.0,3.0
2435,Yeshwanthpur,1185.0,2.0,75.84,2.0
2436,Varthur Road,900.0,2.0,27.0,2.0
2437,Attibele,395.0,1.0,10.25,1.0
2438,Electronic City Phase II,1031.0,2.0,56.35,2.0
2440,Thanisandra,2650.0,4.0,240.0,4.0
2442,Uttarahalli,1330.0,2.0,46.55,3.0
2443,Hennur,1259.0,2.0,57.0,2.0
2444,Raja Rajeshwari Nagar,1570.0,3.0,88.0,3.0
2445,Bisuvanahalli,1075.0,2.0,36.0,3.0
2446,Whitefield,1216.0,2.0,79.0,2.0
2447,Sarjapur  Road,1428.0,2.0,66.0,3.0
2448,Begur Road,1160.0,2.0,40.59,2.0
2450,other,1475.0,3.0,70.0,3.0
2451,Harlur,1754.0,3.0,135.0,3.0
2452,Rayasandra,1639.0,3.0,83.0,3.0
2453,Hennur Road,1804.0,3.0,102.0,3.0
2454,Whitefield,1200.0,3.0,56.2,3.0
2455,other,1135.0,2.0,55.0,2.0
2456,Begur Road,1260.0,2.0,46.62,2.0
2458,Hennur Road,2160.0,3.0,160.0,3.0
2460,Rachenahalli,1220.0,2.0,59.5,2.0
2461,Margondanahalli,1200.0,2.0,67.0,2.0
2462,Yelahanka,1300.0,2.0,65.0,2.0
2463,Cox Town,605.0,1.0,29.0,1.0
2465,Bhoganhalli,1444.0,2.0,75.97,2.0
2466,Amruthahalli,924.0,2.0,45.0,2.0
2467,Kaikondrahalli,1000.0,2.0,30.0,2.0
2470,Bisuvanahalli,845.0,2.0,29.0,2.0
2471,Kanakpura Road,700.0,2.0,35.0,2.0
2472,Kothanur,1187.0,2.0,58.0,2.0
2473,Kaggadasapura,1625.0,3.0,55.0,3.0
2474,Devarachikkanahalli,1200.0,2.0,83.0,2.0
2475,other,1452.55,2.0,110.0,2.0
2476,other,2357.0,3.0,151.0,3.0
2477,Kaval Byrasandra,1200.0,2.0,49.5,2.0
2478,Budigere,1139.0,2.0,56.85,2.0
2480,Kanakpura Road,1660.0,3.0,75.0,3.0
2482,Somasundara Palya,1448.0,2.0,68.0,2.0
2483,Kadugodi,1762.0,3.0,110.0,3.0
2484,Kaggadasapura,1105.0,2.0,38.65,2.0
2485,Yelahanka,1825.0,3.0,105.0,3.0
2488,Thanisandra,1185.0,2.0,43.0,2.0
2489,Electronic City Phase II,1320.0,2.0,38.12,3.0
2490,Hulimavu,1058.0,2.0,48.0,2.0
2491,Bellandur,1220.0,2.0,60.0,2.0
2492,Sarjapur,925.0,2.0,25.0,2.0
2493,Old Madras Road,1200.0,2.0,72.0,2.0
2494,Kengeri,1160.0,2.0,40.6,3.0
2496,other,1411.0,3.0,91.72,3.0
2497,Bannerghatta Road,1550.0,3.0,78.0,3.0
2498,Green Glen Layout,3250.0,4.0,230.0,4.0
2499,Haralur Road,2475.0,4.0,130.0,3.0
2500,Jakkur,3181.0,2.0,260.5,4.0
2501,7th Phase JP Nagar,2503.0,4.0,188.0,4.0
2502,Marathahalli,2524.0,5.0,190.0,4.0
2503,Kaggadasapura,1063.0,2.0,42.0,2.0
2504,Kanakpura Road,1077.0,2.0,37.7,2.0
2505,other,1200.0,3.0,44.0,2.0
2506,Hosakerehalli,1500.0,3.0,70.0,4.0
2507,Jalahalli,1045.0,2.0,76.77,2.0
2508,Kanakapura,1290.0,2.0,45.15,3.0
2509,Hoodi,1400.0,2.0,78.0,2.0
2510,Begur Road,1600.0,3.0,58.14,3.0
2512,Nagavara,1545.0,2.0,58.0,3.0
2513,Sarjapur  Road,1680.0,3.0,112.0,3.0
2514,other,1350.0,2.0,67.5,2.0
2515,Gottigere,950.0,2.0,38.0,2.0
2516,Thanisandra,1050.0,2.0,45.0,2.0
2517,Banashankari Stage V,1305.0,2.0,49.0,3.0
2519,Kodichikkanahalli,2700.0,7.0,125.0,5.0
2520,other,1100.0,3.0,78.0,3.0
2521,Thanisandra,3500.0,5.0,160.0,6.0
2522,Begur Road,1634.0,3.0,83.33,3.0
2523,Prithvi Layout,1352.0,2.0,85.0,2.0
2524,Balagere,1145.0,2.0,65.0,2.0
2525,other,1240.0,2.0,43.79,2.0
2526,7th Phase JP Nagar,2200.0,3.0,190.0,3.0
2527,Bommasandra Industrial Area,1020.0,2.0,39.0,2.0
2528,other,3600.0,4.0,365.0,4.0
2529,Raja Rajeshwari Nagar,1168.0,2.0,61.0,2.0
2530,Electronic City Phase II,1205.0,2.0,75.0,2.0
2532,CV Raman Nagar,1028.0,2.0,49.0,2.0
2533,other,1175.0,2.0,48.27,2.0
2534,Pai Layout,1550.0,2.0,90.0,3.0
2535,Yeshwanthpur,1826.0,3.0,165.0,3.0
2536,Hoodi,2400.0,5.0,160.0,5.0
2537,Yelahanka,1603.0,3.0,96.0,3.0
2538,Marathahalli,1350.0,3.0,72.0,3.0
2539,KR Puram,714.0,1.0,28.0,1.0
2540,Whitefield,1215.0,2.0,65.0,2.0
2541,Malleshpalya,1405.0,2.0,77.0,3.0
2542,KR Puram,1142.0,2.0,51.0,2.0
2543,other,4000.0,4.0,170.0,4.0
2544,Whitefield,1870.0,3.0,90.0,3.0
2545,Subramanyapura,1313.0,2.0,73.0,2.0
2546,other,1945.0,3.0,120.0,3.0
2547,Thanisandra,1573.0,3.0,95.0,3.0
2548,Sarjapur  Road,1255.0,2.0,92.0,2.0
2549,Benson Town,1400.0,3.0,91.15,4.0
2550,Kannamangala,1235.0,2.0,43.63,2.0
2551,Sarjapur  Road,1380.0,2.0,52.0,3.0
2553,Vittasandra,1238.0,2.0,67.0,2.0
2554,other,1465.0,2.0,74.72,3.0
2555,Thigalarapalya,1418.0,2.0,103.0,2.0
2556,other,1650.0,3.0,165.0,3.0
2557,Anekal,351.0,1.0,16.0,1.0
2558,Uttarahalli,1279.0,2.0,48.0,2.0
2561,Hebbal,2526.0,2.0,250.0,3.0
2562,other,1550.0,2.0,150.0,3.0
2564,Uttarahalli,1845.0,2.0,68.27,3.0
2565,other,1360.0,2.0,59.27,3.0
2566,other,1150.0,2.0,75.0,3.0
2567,Whitefield,1260.0,2.0,49.5,2.0
2568,other,1200.0,3.0,74.0,3.0
2569,Dasanapura,965.0,2.0,42.5,2.0
2570,Hoodi,1350.0,2.0,48.0,3.0
2571,Bhoganhalli,1447.0,2.0,75.97,2.0
2572,other,1229.0,3.0,86.03,3.0
2573,Kudlu,1027.0,2.0,43.0,2.0
2574,Gottigere,1153.0,2.0,48.5,2.0
2575,Whitefield,2856.0,5.0,145.5,4.0
2576,Malleshpalya,1065.0,2.0,50.0,2.0
2577,other,1030.0,2.0,61.0,2.0
2578,Mallasandra,1340.0,2.0,61.0,2.0
2579,Marathahalli,4000.0,5.0,212.0,4.0
2580,other,600.0,1.0,32.0,1.0
2581,Begur Road,1410.0,2.0,44.42,3.0
2582,Varthur,1055.0,2.0,45.35,2.0
2583,Yelahanka,1304.0,2.0,79.0,2.0
2585,Kammasandra,990.0,2.0,31.5,2.0
2586,7th Phase JP Nagar,1035.0,2.0,39.33,2.0
2587,Tumkur Road,700.0,1.0,30.09,1.0
2588,Sonnenahalli,1120.0,2.0,43.0,2.0
2589,Haralur Road,1300.0,2.0,73.0,2.0
2590,Tumkur Road,1239.0,2.0,82.0,2.0
2591,Sarjapur  Road,1403.0,3.0,51.63,3.0
2592,Hosa Road,1365.0,2.0,92.0,2.0
2594,Subramanyapura,1130.0,2.0,45.19,3.0
2595,Green Glen Layout,1776.42,3.0,105.0,3.0
2597,Haralur Road,1194.0,2.0,47.0,2.0
2598,other,1107.0,2.0,33.0,2.0
2599,Nagavara,2319.0,3.0,180.0,3.0
2600,other,1520.0,3.0,80.0,3.0
2601,Kannamangala,1536.0,3.0,89.0,3.0
2602,other,3000.0,4.0,240.0,4.0
2603,other,1050.0,2.0,38.0,2.0
2604,Hoodi,1850.0,3.0,146.0,3.0
2605,Billekahalli,1112.0,2.0,62.0,2.0
2606,Marathahalli,1535.0,3.0,72.5,3.0
2607,Kanakpura Road,1050.0,2.0,35.0,2.0
2609,7th Phase JP Nagar,1250.0,3.0,65.0,3.0
2610,Kalena Agrahara,1187.0,2.0,52.0,2.0
2611,9th Phase JP Nagar,1164.0,2.0,56.0,2.0
2612,Electronic City Phase II,1395.0,2.0,62.78,3.0
2613,Arekere,2072.0,3.0,108.0,3.0
2614,Kanakpura Road,1450.0,3.0,60.91,3.0
2615,Bannerghatta Road,1550.0,3.0,82.0,3.0
2616,other,1315.0,2.0,90.0,2.0
2617,Hebbal,3067.0,4.0,230.0,4.0
2618,other,1210.0,2.0,72.0,2.0
2619,Bisuvanahalli,1075.0,2.0,47.0,3.0
2620,other,11338.0,9.0,1000.0,6.0
2621,other,1215.0,3.0,42.2,3.0
2622,Kaggadasapura,1470.0,2.0,75.0,3.0
2623,other,30000.0,4.0,2100.0,4.0
2624,Hosur Road,1590.0,2.0,125.0,3.0
2625,Kanakpura Road,1050.0,2.0,36.75,2.0
2626,Raja Rajeshwari Nagar,1306.0,2.0,55.91,2.0
2628,other,1445.0,3.0,64.0,3.0
2629,Sarjapur  Road,1220.0,3.0,58.0,3.0
2630,Sarjapur,3190.0,3.0,160.0,4.0
2631,Ramagondanahalli,1215.0,2.0,51.26,2.0
2632,Budigere,1920.0,2.0,88.0,3.0
2633,Dodda Nekkundi,1390.0,2.0,60.0,2.0
2636,Hoodi,1196.0,2.0,71.74,2.0
2637,Bannerghatta Road,1550.0,2.0,75.0,3.0
2638,Thigalarapalya,1418.0,2.0,101.0,2.0
2639,Varthur Road,1655.0,3.0,115.0,3.0
2640,KR Puram,1115.0,2.0,33.45,2.0
2641,other,1170.0,2.0,68.0,2.0
2642,Anekal,1035.0,2.0,38.3,2.0
2643,Singasandra,1306.0,2.0,58.0,3.0
2644,Kengeri,750.0,2.0,22.0,2.0
2645,Thanisandra,1917.0,3.0,122.0,3.0
2646,Kaggadasapura,1615.0,3.0,58.0,3.0
2647,Marathahalli,1071.0,2.0,52.25,2.0
2650,5th Phase JP Nagar,1400.0,2.0,88.0,3.0
2651,Tumkur Road,1246.0,2.0,82.0,2.0
2652,Sarjapur,1215.0,2.0,40.0,2.0
2653,Munnekollal,1200.0,2.0,49.5,2.0
2655,Kodigehaali,1200.0,2.0,60.0,2.0
2656,Kaval Byrasandra,945.0,2.0,50.0,2.0
2658,Hormavu,1175.0,2.0,52.0,2.0
2659,Whitefield,920.0,2.0,63.0,2.0
2661,other,1600.0,2.0,110.0,2.0
2664,other,955.0,1.0,34.01,2.0
2665,Ardendale,1750.0,3.0,100.0,3.0
2666,Uttarahalli,1425.0,2.0,64.0,3.0
2668,Whitefield,1165.0,2.0,40.5,2.0
2669,Kaggadasapura,1050.0,2.0,48.0,2.0
2670,other,1370.0,2.0,75.0,3.0
2671,Electronic City,1374.0,2.0,72.0,3.0
2672,Harlur,1754.0,3.0,124.0,3.0
2673,Kothanur,1847.0,3.0,110.0,3.0
2674,Ambedkar Nagar,1850.0,4.0,139.0,3.0
2675,Chikka Tirupathi,3297.0,3.0,135.0,3.0
2676,other,1187.0,2.0,45.0,2.0
2677,Bommasandra Industrial Area,1400.0,2.0,40.44,3.0
2680,Doddaballapur,3000.0,2.0,120.0,3.0
2681,Thanisandra,693.0,1.0,34.3,1.0
2683,KR Puram,1021.0,2.0,48.0,2.0
2684,Thigalarapalya,1165.0,2.0,95.0,2.0
2685,Horamavu Agara,1756.0,3.0,92.0,3.0
2686,Bharathi Nagar,1739.0,3.0,105.0,3.0
2687,Varthur,1280.0,2.0,65.0,2.0
2688,Marathahalli,1215.0,2.0,58.86,2.0
2689,Munnekollal,950.0,2.0,46.5,2.0
2690,Kengeri,1082.0,2.0,49.0,3.0
2691,7th Phase JP Nagar,1050.0,2.0,42.0,2.0
2692,Devanahalli,1080.0,2.0,53.35,2.0
2693,Arekere,1100.0,2.0,55.0,2.0
2694,Ardendale,3200.0,4.0,205.0,4.0
2695,Sarjapur  Road,1311.0,2.0,78.0,2.0
2696,Raja Rajeshwari Nagar,1608.0,3.0,67.98,3.0
2697,Begur Road,1160.0,2.0,36.0,2.0
2698,Whitefield,1170.0,2.0,71.0,2.0
2699,Kengeri,1155.0,2.0,40.6,2.0
2700,Hebbal,1255.0,2.0,77.68,3.0
2701,Rayasandra,1065.0,2.0,44.95,2.0
2702,Neeladri Nagar,674.0,1.0,21.0,1.0
2703,Ambedkar Nagar,1936.0,4.0,126.0,3.0
2705,other,1100.0,2.0,38.45,2.0
2706,Ramagondanahalli,2257.0,4.0,157.0,3.0
2707,Nagarbhavi,1055.0,2.0,55.0,2.0
2708,Raja Rajeshwari Nagar,1530.0,3.0,51.87,3.0
2709,other,1700.0,3.0,97.0,3.0
2710,Raja Rajeshwari Nagar,1575.0,2.0,78.0,3.0
2711,Frazer Town,3500.0,4.0,330.0,3.0
2712,Rajiv Nagar,1263.0,2.0,93.32,2.0
2713,KR Puram,1559.0,3.0,69.315,3.0
2714,Kengeri Satellite Town,1043.0,2.0,65.0,2.0
2715,Hennur,1255.0,2.0,53.5,2.0
2716,JP Nagar,1352.5,2.0,93.865,2.0
2717,Chandapura,590.0,1.0,13.57,1.0
2718,Yelahanka,1550.0,3.0,120.0,3.0
2719,Sarjapur  Road,1220.0,3.0,56.0,3.0
2720,other,1900.0,3.0,160.0,3.0
2721,other,1360.0,3.0,55.0,3.0
2722,other,1100.0,2.0,75.0,2.0
2723,8th Phase JP Nagar,1455.0,3.0,73.31,3.0
2724,KR Puram,1035.0,2.0,40.5,2.0
2725,Harlur,1152.0,2.0,69.0,2.0
2726,Bellandur,1299.0,2.0,82.0,2.0
2727,Sarjapur  Road,1157.0,2.0,75.0,3.0
2728,Rachenahalli,1050.0,2.0,52.5,2.0
2729,Pai Layout,1050.0,2.0,40.0,2.0
2730,Vittasandra,1246.0,2.0,67.4,2.0
2731,other,1929.0,3.0,115.0,3.0
2732,Hennur,1285.0,2.0,60.0,2.0
2733,Margondanahalli,1200.0,2.0,65.0,3.0
2734,other,3161.0,4.0,214.0,4.0
2735,BTM 2nd Stage,1850.0,3.0,170.0,3.0
2736,Sompura,1025.0,2.0,37.0,3.0
2737,Malleshwaram,1124.0,3.0,80.0,2.0
2738,Balagere,1012.0,2.0,54.59,2.0
2739,Giri Nagar,4500.0,5.0,250.0,7.0
2740,8th Phase JP Nagar,871.0,2.0,55.0,2.0
2741,other,1020.0,2.0,40.0,2.0
2742,Rachenahalli,1550.0,3.0,73.5,3.0
2744,Akshaya Nagar,1410.0,2.0,80.0,3.0
2745,Chikka Tirupathi,3500.0,5.0,150.0,4.0
2746,Whitefield,1118.0,2.0,75.0,2.0
2747,Thanisandra,1098.0,2.0,68.0,2.0
2748,Kanakapura,1130.0,2.0,45.2,2.0
2749,Sarjapur  Road,1145.0,2.0,75.0,2.0
2750,Kadugodi,950.0,3.0,80.0,3.0
2751,other,1051.0,2.0,33.0,2.0
2753,Marathahalli,1102.0,2.0,53.67,2.0
2755,Chandapura,645.0,1.0,16.45,1.0
2756,Hebbal,823.0,2.0,50.63,2.0
2757,Abbigere,880.0,2.0,35.0,2.0
2759,Budigere,1991.0,4.0,100.0,3.0
2760,TC Palaya,1100.0,3.0,50.0,3.0
2761,Gubbalala,1745.0,3.0,115.0,3.0
2764,other,1100.0,2.0,70.0,2.0
2766,5th Phase JP Nagar,1450.0,2.0,58.0,2.0
2767,Singasandra,3366.0,4.0,120.0,4.0
2768,Sahakara Nagar,1150.0,2.0,54.0,2.0
2769,Kanakpura Road,1843.0,3.0,95.84,3.0
2770,Banashankari Stage VI,2200.0,4.0,195.0,4.0
2771,Bommanahalli,1090.0,3.0,44.0,2.0
2772,Kaggadasapura,1132.0,2.0,42.0,2.0
2773,Hulimavu,1375.0,2.0,80.0,2.0
2775,Thanisandra,760.0,1.0,50.3,1.0
2776,Kaggadasapura,1180.0,2.0,65.0,2.0
2777,Jigani,918.0,2.0,45.0,2.0
2779,Margondanahalli,1200.0,1.0,53.0,2.0
2780,HSR Layout,1372.0,2.0,61.0,2.0
2782,Ardendale,1728.0,3.0,95.0,3.0
2784,BTM 2nd Stage,1200.0,2.0,80.0,2.0
2785,6th Phase JP Nagar,1280.0,2.0,56.0,2.0
2787,other,1455.0,2.0,56.0,3.0
2788,Rachenahalli,440.0,1.0,28.0,1.0
2789,Kanakpura Road,1500.0,3.0,97.0,3.0
2790,Whitefield,1800.0,3.0,110.0,3.0
2791,Mysore Road,1525.0,3.0,96.0,3.0
2792,Rachenahalli,1204.0,2.0,38.5,2.0
2793,Old Madras Road,1225.0,2.0,53.55,2.0
2795,Bannerghatta Road,1650.0,3.0,122.0,3.0
2797,other,4200.0,4.0,255.0,4.0
2798,other,1200.0,2.0,55.0,2.0
2800,9th Phase JP Nagar,1005.0,2.0,42.0,2.0
2801,Whitefield,1562.0,3.0,103.0,3.0
2802,Devanahalli,5000.0,5.0,395.0,4.0
2804,Ramamurthy Nagar,1200.0,2.0,42.0,2.0
2805,Kasavanhalli,1555.0,3.0,82.5,3.0
2806,KR Puram,1550.0,2.0,71.0,2.0
2807,Whitefield,1190.0,2.0,67.0,2.0
2808,Chikkalasandra,1070.0,2.0,50.0,2.0
2810,Jalahalli East,1020.0,2.0,42.48,2.0
2811,Yelahanka,1610.0,3.0,115.0,3.0
2812,other,700.0,1.0,41.0,1.0
2813,other,1300.0,2.0,49.0,3.0
2816,Hebbal,1069.0,3.0,65.4,3.0
2817,Marathahalli,1900.0,3.0,123.0,3.0
2818,Old Airport Road,1655.0,2.0,97.65,2.0
2819,Uttarahalli,1155.0,2.0,40.42,2.0
2820,Sarjapur  Road,1300.0,2.0,70.0,3.0
2821,Electronic City,1100.0,2.0,45.0,2.0
2822,Doddathoguru,1030.0,2.0,42.0,2.0
2823,Vittasandra,2105.0,2.0,70.2,2.0
2824,Bhoganhalli,1700.0,3.0,126.0,3.0
2825,Jakkur,1760.0,3.0,139.0,3.0
2826,Kadugodi,6200.0,9.0,200.0,9.0
2827,other,1400.0,2.0,67.0,2.0
2828,other,1200.0,2.0,53.0,2.0
2829,Bannerghatta Road,912.0,2.0,55.0,2.0
2830,Whitefield,1102.0,2.0,48.0,2.0
2831,other,1535.0,3.0,55.0,3.0
2832,Haralur Road,1243.0,2.0,46.0,2.0
2833,Jigani,918.0,2.0,63.2,2.0
2834,Begur Road,1500.0,2.0,70.0,3.0
2835,other,3000.0,3.0,250.0,3.0
2836,Kasavanhalli,1476.0,3.0,89.0,3.0
2837,Mysore Road,1200.0,2.0,65.0,2.0
2838,Vijayanagar,606.0,1.0,34.78,1.0
2839,other,1100.0,2.0,61.0,2.0
2840,Garudachar Palya,1295.0,2.0,59.5,3.0
2841,Neeladri Nagar,527.0,1.0,26.0,1.0
2842,OMBR Layout,1300.0,2.0,80.0,2.0
2844,other,1260.0,1.0,41.0,1.0
2845,Koramangala,1140.0,2.0,75.2,2.0
2846,other,1500.0,1.0,37.5,1.0
2847,Whitefield,2321.0,4.0,128.0,3.0
2848,Sarjapur  Road,1390.0,2.0,62.0,2.0
2849,Sarjapur  Road,1725.0,3.0,90.0,3.0
2850,Hebbal,3067.0,4.0,310.0,4.0
2851,Hennur Road,1186.0,2.0,63.0,3.0
2852,Kanakpura Road,1230.0,2.0,85.0,2.0
2853,other,600.0,1.0,17.0,1.0
2854,Yeshwanthpur,1313.0,3.0,96.0,3.0
2855,TC Palaya,900.0,2.0,55.0,2.0
2856,Ambalipura,1250.0,2.0,66.25,2.0
2858,Binny Pete,660.0,1.0,54.0,1.0
2861,Old Madras Road,1100.0,2.0,70.0,2.0
2865,Electronics City Phase 1,1015.0,2.0,56.0,2.0
2866,Gottigere,812.0,1.0,26.0,1.0
2867,other,1360.0,2.0,65.0,3.0
2868,Nehru Nagar,2167.0,3.0,170.0,3.0
2869,Raja Rajeshwari Nagar,1200.0,2.0,35.0,2.0
2870,other,1165.0,2.0,75.0,2.0
2871,BTM 2nd Stage,1274.0,2.0,70.0,2.0
2872,Raja Rajeshwari Nagar,1151.0,2.0,39.02,2.0
2874,Thubarahalli,1626.0,2.0,120.0,3.0
2875,Banashankari Stage V,1035.0,2.0,35.77,2.0
2876,other,1272.0,4.0,75.0,3.0
2877,other,965.0,2.0,45.0,2.0
2878,other,1600.0,5.0,140.0,5.0
2879,Kothannur,1070.0,2.0,42.79,2.0
2880,Raja Rajeshwari Nagar,1570.0,2.0,65.0,3.0
2882,other,780.0,2.0,25.0,2.0
2883,other,1000.0,2.0,65.0,3.0
2885,Tindlu,7500.0,7.0,400.0,7.0
2886,5th Phase JP Nagar,1700.0,2.0,100.0,3.0
2887,Haralur Road,1850.0,3.0,110.0,3.0
2888,Kereguddadahalli,904.0,2.0,30.0,2.0
2889,other,1121.0,2.0,43.72,2.0
2890,7th Phase JP Nagar,1385.0,2.0,58.17,3.0
2891,Sahakara Nagar,1270.0,2.0,69.85,2.0
2892,Kanakpura Road,1450.0,3.0,56.0,3.0
2894,Mahadevpura,730.0,1.0,35.0,1.0
2895,Raja Rajeshwari Nagar,1580.0,3.0,53.56,3.0
2896,Thanisandra,1111.0,2.0,50.0,2.0
2898,Varthur,977.0,2.0,36.0,2.0
2899,other,674.0,1.0,19.9,2.0
2901,Sarjapur,2540.0,4.0,115.0,4.0
2902,Jakkur,1290.0,2.0,100.0,2.0
2904,Abbigere,795.0,2.0,32.54,2.0
2905,Kanakpura Road,700.0,1.0,35.0,2.0
2908,other,1306.0,2.0,58.0,3.0
2909,other,2401.0,3.0,185.0,3.0
2910,Bommenahalli,1670.0,3.0,135.0,4.0
2912,Marsur,1200.0,3.0,90.0,3.0
2913,Dodda Nekkundi,1804.0,3.0,121.0,3.0
2915,Hoskote,1225.0,3.0,40.0,3.0
2916,Thanisandra,1185.5,2.0,58.68,2.0
2917,Bellandur,900.0,2.0,56.0,2.0
2918,Binny Pete,1350.0,2.0,91.0,2.0
2919,Kaggalipura,700.0,1.0,36.0,1.0
2920,Mysore Road,1005.0,2.0,35.175,2.0
2921,Poorna Pragna Layout,1160.0,2.0,46.39,2.0
2922,Hennur Road,1680.0,3.0,99.27,3.0
2923,LB Shastri Nagar,1043.0,2.0,55.0,2.0
2924,Hoskote,1200.0,4.0,120.0,4.0
2925,Hebbal,1040.0,2.0,46.0,2.0
2926,Tindlu,1357.0,2.0,65.0,3.0
2928,other,1225.0,2.0,47.0,2.0
2930,Yelachenahalli,1130.0,2.0,40.0,2.0
2931,Basavangudi,2500.0,4.0,150.0,4.0
2932,Sultan Palaya,1700.0,3.0,120.0,3.0
2933,Doddathoguru,1549.0,3.0,65.0,3.0
2934,Yeshwanthpur,1400.0,2.0,100.0,2.0
2935,Dodda Nekkundi,1080.0,2.0,50.0,2.0
2938,Domlur,1800.0,3.0,150.0,3.0
2939,Haralur Road,1225.0,2.0,67.38,2.0
2940,other,890.0,1.0,75.0,1.0
2941,Abbigere,1005.0,2.0,39.59,2.0
2942,Whitefield,1320.0,2.0,95.0,2.0
2943,Anandapura,1475.0,2.0,50.0,4.0
2944,Kudlu Gate,1707.0,2.0,99.745,3.0
2945,other,1110.0,2.0,51.0,2.0
2946,other,1300.0,2.0,54.0,2.0
2948,Electronic City,1128.0,2.0,65.35,2.0
2949,Jakkur,1452.19,2.0,100.0,2.0
2951,Banashankari,2600.0,4.0,135.0,3.0
2953,Sanjay nagar,630.0,1.0,35.0,2.0
2954,Hosa Road,1243.0,2.0,48.5,2.0
2955,other,960.0,2.0,32.0,2.0
2956,other,1690.0,3.0,100.0,3.0
2957,Whitefield,735.0,2.0,35.0,2.0
2958,Banaswadi,1365.0,2.0,73.0,2.0
2959,Rajaji Nagar,2849.0,5.0,300.0,5.0
2960,Hebbal,1420.0,2.0,99.39,2.0
2961,Somasundara Palya,1570.0,3.0,68.0,3.0
2962,Bisuvanahalli,850.0,1.0,32.0,2.0
2963,7th Phase JP Nagar,1575.0,2.0,110.0,3.0
2964,Thigalarapalya,1418.0,2.0,104.0,2.0
2965,Uttarahalli,1050.0,2.0,42.0,2.0
2966,Hennur Road,1065.0,2.0,42.6,2.0
2967,Ulsoor,1340.0,3.0,90.0,3.0
2968,Yelahanka New Town,1610.0,3.0,92.0,3.0
2969,Electronic City Phase II,1160.0,2.0,33.5,2.0
2970,Kudlu,1092.0,2.0,44.0,2.0
2971,Parappana Agrahara,1194.0,2.0,47.0,2.0
2972,Yelahanka,1455.0,3.0,61.5,3.0
2973,Abbigere,734.0,1.0,19.82,1.0
2974,other,799.0,2.0,38.0,2.0
2975,Whitefield,1896.0,3.0,75.0,3.0
2976,Ardendale,1100.0,2.0,48.0,2.0
2977,Bellandur,1350.0,2.0,79.0,2.0
2978,other,1355.0,3.0,61.0,3.0
2979,Electronic City,1128.0,2.0,65.0,2.0
2980,other,1350.0,2.0,90.0,2.0
2982,Kasavanhalli,1493.0,3.0,82.0,3.0
2983,8th Phase JP Nagar,1098.0,2.0,43.91,2.0
2984,Banashankari,1900.0,2.0,170.0,3.0
2985,other,1460.0,3.0,88.0,3.0
2987,Horamavu Banaswadi,1600.0,5.0,140.0,5.0
2988,Varthur,1091.0,2.0,32.0,2.0
2989,Yelahanka,1180.0,2.0,42.0,2.0
2990,Kanakpura Road,1366.0,3.0,76.85,2.0
2991,other,1685.0,3.0,95.0,3.0
2992,Koramangala,1260.0,2.0,100.0,2.0
2993,Whitefield,3010.0,3.0,200.0,3.0
2996,Whitefield,1346.0,2.0,96.17,2.0
2997,Chandapura,630.0,1.0,13.86,1.0
2998,Sarjapur  Road,1476.0,2.0,98.94,3.0
2999,7th Phase JP Nagar,1850.0,3.0,140.0,3.0
3001,Electronic City,755.0,1.0,34.0,2.0
3003,Parappana Agrahara,1194.0,2.0,46.0,2.0
3004,Whitefield,3850.0,5.0,316.0,3.0
3005,Hebbal,4235.0,4.0,365.0,4.0
3006,other,800.0,1.0,52.0,1.0
3007,Rachenahalli,2250.0,3.0,195.0,3.0
3008,Vijayanagar,1352.0,2.0,68.0,2.0
3009,Thanisandra,2002.0,3.0,112.0,3.0
3010,other,4000.0,5.0,280.0,4.0
3011,Kaval Byrasandra,1060.0,2.0,45.0,2.0
3012,Kanakpura Road,1419.59,2.0,59.0,3.0
3013,Raja Rajeshwari Nagar,1196.0,2.0,51.15,2.0
3014,Electronic City,1220.0,2.0,35.24,3.0
3015,Electronics City Phase 1,1595.0,3.0,75.0,3.0
3016,Banashankari,1260.0,2.0,75.0,2.0
3017,Hebbal,1100.0,2.0,47.0,2.0
3019,ISRO Layout,1180.0,2.0,52.0,2.0
3020,Electronic City,4000.0,5.0,150.0,4.0
3021,Akshaya Nagar,1662.0,3.0,85.0,3.0
3022,Hennur,1285.0,2.0,60.0,2.0
3024,Ambedkar Nagar,1862.0,3.0,119.0,3.0
3025,Raja Rajeshwari Nagar,1419.0,2.0,48.0,2.0
3026,Whitefield,1410.0,3.0,43.71,3.0
3027,Raja Rajeshwari Nagar,1560.0,2.0,62.4,3.0
3029,Thanisandra,1634.0,3.0,78.0,3.0
3031,Whitefield,1150.0,2.0,44.0,3.0
3032,other,1100.0,2.0,53.0,2.0
3033,Yelahanka,1616.0,3.0,65.0,3.0
3034,Nagavarapalya,1392.0,2.0,99.0,2.0
3035,Jakkur,1798.0,3.0,120.0,3.0
3036,Babusapalaya,1675.0,3.0,75.0,3.0
3038,other,2000.0,4.0,103.0,5.0
3040,Hebbal,1700.0,3.0,124.0,3.0
3041,Hulimavu,1248.0,2.0,69.0,2.0
3042,other,1147.0,2.0,54.0,2.0
3043,Sultan Palaya,1100.0,2.0,40.0,2.0
3044,Vijayanagar,1527.0,3.0,115.0,3.0
3045,other,2400.0,5.0,235.0,5.0
3046,Kanakpura Road,525.0,1.0,25.0,1.0
3047,Kaggadasapura,1100.0,2.0,58.0,2.0
3048,Seegehalli,1118.0,2.0,37.5,2.0
3049,Kanakapura,1476.0,3.0,75.0,3.0
3050,other,2100.0,3.0,75.0,3.0
3051,other,1215.0,2.0,46.5,3.0
3052,Ambalipura,1332.0,2.0,79.0,2.0
3053,Hennur Road,1350.0,2.0,49.0,2.0
3055,Haralur Road,1243.0,2.0,46.0,2.0
3056,NGR Layout,1105.0,2.0,49.73,2.0
3058,Kasavanhalli,1200.0,2.0,50.0,2.0
3059,Ramagondanahalli,1251.0,2.0,47.4,2.0
3060,Kambipura,883.0,2.0,45.0,2.0
3061,Pai Layout,1400.0,2.0,67.0,3.0
3063,Hegde Nagar,1703.0,3.0,113.0,3.0
3064,NRI Layout,2500.0,5.0,130.0,5.0
3065,Varthur,1250.0,3.0,71.0,3.0
3066,Jigani,933.0,2.0,43.0,2.0
3067,other,461.82,1.0,31.7,1.0
3068,Brookefield,1262.0,2.0,75.0,2.0
3069,Yelahanka,915.0,2.0,48.0,2.0
3070,Panathur,1370.0,2.0,61.5,3.0
3071,Malleshpalya,1210.0,2.0,55.0,2.0
3073,other,1500.0,2.0,85.0,3.0
3074,other,1065.0,2.0,50.0,2.0
3076,Ramamurthy Nagar,1515.0,3.0,65.0,3.0
3077,Sarjapura - Attibele Road,1800.0,4.0,110.0,4.0
3078,Thanisandra,1445.0,2.0,40.31,3.0
3079,Uttarahalli,1300.0,2.0,55.0,3.0
3080,Vijayanagar,989.0,2.0,60.0,2.0
3081,Jakkur,1300.0,2.0,85.0,2.0
3082,Chandapura,1185.0,2.0,30.22,3.0
3084,Marathahalli,1045.0,2.0,60.0,2.0
3085,other,1205.0,2.0,42.18,2.0
3086,other,1260.0,2.0,75.0,2.0
3088,Ulsoor,1500.0,2.0,125.0,3.0
3089,Bommanahalli,1250.0,2.0,42.5,3.0
3090,other,1199.0,2.0,50.0,2.0
3091,Hennur Road,1385.0,2.0,83.09,2.0
3093,Lakshminarayana Pura,1149.0,2.0,75.0,2.0
3094,Sarjapur  Road,2180.0,3.0,170.0,3.0
3096,other,12000.0,12.0,525.0,10.0
3098,Hulimavu,1818.0,3.0,135.0,3.0
3099,other,1070.0,2.0,33.0,2.0
3101,Nagarbhavi,1350.0,2.0,54.6,3.0
3102,Chandapura,630.0,1.0,27.0,2.0
3103,Hoodi,1430.0,2.0,113.0,2.0
3104,Nagavara,2430.0,4.0,180.0,3.0
3106,Sarjapur  Road,1084.0,2.0,55.0,2.0
3107,Hennur Road,1186.0,2.0,56.0,3.0
3108,Kengeri,1255.0,2.0,50.0,2.0
3109,Haralur Road,3400.0,5.0,240.0,4.0
3110,Hosa Road,1541.0,3.0,69.84,3.0
3111,Iblur Village,3596.0,5.0,282.0,4.0
3112,Raja Rajeshwari Nagar,1295.0,2.0,70.0,2.0
3114,other,2820.0,3.0,285.0,3.0
3115,7th Phase JP Nagar,1370.0,2.0,54.79,3.0
3116,Electronic City,1100.0,2.0,40.0,2.0
3117,Hebbal,4772.0,6.0,510.0,4.0
3119,7th Phase JP Nagar,1370.0,2.0,54.79,3.0
3120,JP Nagar,1200.0,2.0,62.0,2.0
3121,Gunjur,2000.0,3.0,95.0,4.0
3122,9th Phase JP Nagar,3500.0,4.0,300.0,4.0
3124,Kengeri,2400.0,5.0,253.0,4.0
3125,Sarjapur  Road,1220.0,3.0,62.0,3.0
3126,other,1950.0,3.0,130.0,3.0
3127,Somasundara Palya,1178.0,2.0,73.0,2.0
3128,Dasanapura,1286.0,3.0,61.44,3.0
3129,Begur Road,1160.0,2.0,42.0,2.0
3130,Jigani,918.0,2.0,55.0,2.0
3131,Electronic City,1563.0,3.0,91.84,3.0
3132,other,1326.0,2.0,62.17,2.0
3134,Hebbal,3960.0,5.0,386.0,4.0
3135,Begur Road,1240.0,2.0,39.06,2.0
3136,Kaggadasapura,1325.0,2.0,50.0,2.0
3137,Sonnenahalli,1100.0,2.0,44.0,2.0
3139,Gollarapalya Hosahalli,1605.0,3.0,50.0,3.0
3140,Hennur Road,5600.0,5.0,515.0,5.0
3141,Somasundara Palya,1260.0,2.0,60.0,2.0
3142,Hoodi,1553.0,3.0,83.09,3.0
3143,Whitefield,1280.0,2.0,52.0,2.0
3144,Hebbal,1550.0,2.0,75.0,3.0
3145,Arekere,1445.0,2.0,125.0,3.0
3146,Murugeshpalya,1550.0,3.0,74.0,3.0
3147,Electronics City Phase 1,1515.0,2.0,80.91,3.0
3148,Hosa Road,1332.0,2.0,86.12,3.0
3149,Electronic City,1652.0,3.0,70.0,3.0
3150,Hegde Nagar,1570.0,3.0,105.0,3.0
3152,Sector 2 HSR Layout,794.0,1.0,60.0,1.0
3153,Seegehalli,1200.0,2.0,62.0,3.0
3158,HRBR Layout,2800.0,3.0,250.0,3.0
3159,Sarjapur  Road,1750.0,3.0,110.0,3.0
3160,Hebbal,1053.0,2.0,48.0,2.0
3161,Kanakpura Road,1100.0,3.0,53.0,3.0
3162,Kadubeesanahalli,1665.0,3.0,70.0,3.0
3163,other,4051.0,4.0,345.0,4.0
3165,Bommasandra,1447.0,3.0,80.0,3.0
3166,Balagere,1012.0,2.0,75.0,2.0
3167,Malleshpalya,1900.0,3.0,60.0,3.0
3168,Narayanapura,1308.0,2.0,92.66,2.0
3169,Green Glen Layout,3250.0,4.0,230.0,4.0
3170,Hormavu,1351.0,2.0,53.0,1.0
3171,Electronic City,1000.0,2.0,22.0,2.0
3173,Gunjur,1140.0,2.0,49.11,2.0
3174,Jakkur,3181.0,4.0,260.5,4.0
3175,Uttarahalli,1250.0,2.0,55.0,3.0
3176,Kanakapura,1290.0,3.0,45.15,3.0
3177,Ambedkar Nagar,1424.0,2.0,90.0,2.0
3178,Garudachar Palya,1320.0,2.0,60.6,3.0
3179,Akshaya Nagar,1662.0,3.0,85.5,3.0
3181,Begur Road,1200.0,2.0,45.0,2.0
3183,Garudachar Palya,1295.0,2.0,59.5,3.0
3184,Battarahalli,1777.0,3.0,100.0,3.0
3185,Kadugodi,1900.0,3.0,108.0,3.0
3186,Anandapura,1576.0,3.0,59.1,3.0
3187,Sompura,1020.0,2.0,41.0,2.0
3188,other,2100.0,3.0,170.0,3.0
3189,Raja Rajeshwari Nagar,648.0,1.0,31.75,1.0
3190,Neeladri Nagar,1167.0,2.0,38.0,3.0
3192,Hoodi,1220.0,2.0,50.89,2.0
3194,Vittasandra,1259.0,2.0,67.4,2.0
3195,Gottigere,2000.0,4.0,82.0,4.0
3196,8th Phase JP Nagar,1800.0,3.0,80.0,3.0
3197,other,1991.0,3.0,160.0,3.0
3198,Bannerghatta,1665.0,3.0,110.0,3.0
3199,other,1234.0,2.0,61.0,2.0
3200,Mysore Road,1340.0,2.0,64.31,3.0
3201,Banashankari,1170.0,2.0,46.79,2.0
3202,Electronics City Phase 1,995.0,2.0,46.0,2.0
3203,Old Airport Road,1075.0,2.0,60.0,2.0
3204,Electronic City,1025.0,2.0,54.5,2.0
3205,Rachenahalli,2721.0,3.0,113.0,3.0
3206,Thanisandra,2000.0,3.0,99.0,3.0
3207,Whitefield,2500.0,4.0,155.0,4.0
3208,Mallasandra,1325.0,2.0,70.0,2.0
3209,Kadugodi,1314.0,2.0,68.2,2.0
3210,Kanakpura Road,2265.0,3.0,136.0,3.0
3211,7th Phase JP Nagar,4800.0,7.0,170.0,7.0
3212,Yelahanka,1026.0,2.0,41.0,2.0
3213,other,1200.0,3.0,66.0,3.0
3214,other,2220.0,4.0,65.0,3.0
3215,KR Puram,1192.5,2.0,51.22,2.0
3216,Hebbal,1420.0,2.0,99.39,2.0
3217,Sarjapur  Road,1888.0,4.0,95.0,3.0
3218,JP Nagar,1300.0,2.0,90.87,2.0
3219,Rajaji Nagar,1216.0,2.0,97.16,2.0
3221,Begur,1559.0,3.0,63.0,3.0
3222,Harlur,1290.0,2.0,87.0,2.0
3223,other,2400.0,6.0,245.0,6.0
3224,Whitefield,905.0,1.0,55.0,1.0
3225,other,1069.0,2.0,55.0,2.0
3226,Sarjapura - Attibele Road,829.0,2.0,22.8,2.0
3229,Sarjapur  Road,1300.0,3.0,60.0,3.0
3230,Channasandra,1115.0,2.0,33.45,2.0
3232,Ambedkar Nagar,2150.0,4.0,125.0,3.0
3233,Marathahalli,1305.0,2.0,69.0,3.0
3234,Kanakpura Road,1252.0,2.0,56.32,2.0
3235,Hosakerehalli,2400.0,5.0,250.0,5.0
3236,Whitefield,1200.0,2.0,46.13,2.0
3237,Koramangala,1750.0,3.0,130.0,3.0
3239,other,1375.0,2.0,105.0,2.0
3240,Subramanyapura,1313.0,2.0,66.5,2.0
3241,Attibele,3640.0,4.0,275.0,4.0
3242,other,1693.0,3.0,108.0,3.0
3243,other,1160.0,2.0,41.75,2.0
3245,Subramanyapura,1255.0,2.0,79.0,3.0
3247,other,900.0,2.0,45.0,2.0
3248,Yelahanka New Town,1700.0,3.0,90.0,3.0
3249,Indira Nagar,1875.0,3.0,180.0,3.0
3250,Uttarahalli,1700.0,3.0,88.0,3.0
3251,Harlur,1749.0,3.0,115.0,3.0
3252,Dasanapura,1500.0,3.0,65.0,2.0
3253,other,1175.0,2.0,48.0,2.0
3254,Akshaya Nagar,1280.0,2.0,60.0,2.0
3255,other,1200.0,2.0,50.0,2.0
3256,Ramagondanahalli,1610.0,2.0,115.0,3.0
3257,Electronic City,1070.0,2.0,46.0,2.0
3258,TC Palaya,1200.0,2.0,66.0,2.0
3259,9th Phase JP Nagar,1127.0,2.0,50.0,2.0
3261,other,600.0,2.0,23.0,2.0
3262,Thigalarapalya,4190.0,4.0,380.0,4.0
3263,other,1364.0,2.0,70.0,2.0
3264,Whitefield,2268.0,3.0,146.0,4.0
3265,other,1150.0,2.0,77.5,3.0
3266,other,1146.0,2.0,39.5,2.0
3267,Magadi Road,1345.0,2.0,55.0,2.0
3268,other,1110.0,2.0,41.0,2.0
3269,Kengeri,750.0,2.0,36.0,2.0
3270,other,1156.0,2.0,49.5,2.0
3271,Pattandur Agrahara,1247.0,2.0,59.8,2.0
3272,other,1058.0,2.0,60.0,2.0
3273,Kaggalipura,950.0,2.0,48.0,2.0
3276,Vijayanagar,1520.0,2.0,103.0,3.0
3277,Marathahalli,1215.0,2.0,58.86,2.0
3278,other,900.0,1.0,30.0,1.0
3279,Hennur Road,2350.0,3.0,174.0,3.0
3280,Thanisandra,1050.0,2.0,46.0,2.0
3281,other,1672.0,3.0,150.0,3.0
3282,Laggere,2800.0,5.0,125.0,5.0
3283,other,1500.0,2.0,65.0,3.0
3284,other,1400.0,2.0,65.0,2.0
3286,8th Phase JP Nagar,2700.0,4.0,130.0,4.0
3287,Bommasandra,920.0,2.0,37.46,2.0
3288,Sarjapur  Road,1200.0,3.0,70.0,3.0
3290,Hosakerehalli,1817.0,4.0,153.0,3.0
3292,HSR Layout,1140.0,2.0,46.0,2.0
3293,Yelahanka,4346.0,4.0,450.0,4.0
3294,Haralur Road,1464.0,2.0,56.0,2.0
3296,Electronics City Phase 1,1555.0,2.0,82.0,3.0
3298,Whitefield,1150.0,2.0,55.0,2.0
3299,Kadubeesanahalli,970.0,2.0,35.0,2.0
3300,Banashankari,2500.0,4.0,95.0,4.0
3301,other,1166.0,2.0,53.0,2.0
3303,Electronic City,1350.0,3.0,58.0,3.0
3304,other,900.0,2.0,46.0,2.0
3305,7th Phase JP Nagar,1300.0,2.0,52.0,3.0
3306,other,1190.0,3.0,55.0,3.0
3307,Kodichikkanahalli,1495.0,2.0,75.0,3.0
3309,Banashankari Stage III,1350.0,2.0,68.0,3.0
3310,Green Glen Layout,940.0,2.0,56.8,2.0
3311,Raja Rajeshwari Nagar,1100.0,2.0,55.0,2.0
3312,Kaikondrahalli,1300.0,2.0,61.0,2.0
3313,other,1480.0,2.0,145.0,3.0
3314,Hoodi,1105.0,2.0,46.37,2.0
3315,Sarjapur  Road,2600.0,3.0,200.0,3.0
3316,Yelahanka,1517.0,3.0,76.3,3.0
3317,Horamavu Banaswadi,3800.0,8.0,200.0,6.0
3318,Jalahalli,1615.0,3.0,89.75,3.0
3319,other,1500.0,3.0,65.0,3.0
3320,Mysore Road,1082.0,3.0,50.5,3.0
3321,Marathahalli,1365.0,2.0,73.0,2.0
3322,Electronic City,1000.0,2.0,25.0,2.0
3323,CV Raman Nagar,1392.0,2.0,98.0,2.0
3324,Kodigehalli,1086.0,2.0,33.66,2.0
3325,Hennur Road,1586.0,3.0,93.94,3.0
3326,Hennur,1100.0,2.0,60.0,2.0
3327,Electronic City Phase II,1065.0,2.0,30.75,2.0
3328,TC Palaya,1500.0,2.0,120.0,3.0
3329,7th Phase JP Nagar,1575.0,2.0,120.0,3.0
3330,Hennur Road,1975.0,3.0,123.0,3.0
3331,other,820.0,2.0,24.0,2.0
3332,Gubbalala,1745.0,3.0,110.0,3.0
3333,Nagarbhavi,1223.0,2.0,60.0,2.0
3334,Ananth Nagar,1200.0,2.0,65.0,3.0
3335,Basaveshwara Nagar,1200.0,2.0,90.0,2.0
3336,Binny Pete,665.0,1.0,46.08,1.0
3337,Bharathi Nagar,1351.0,2.0,70.0,2.0
3338,Hebbal,1355.0,3.0,83.87,3.0
3339,Sector 7 HSR Layout,3900.0,3.0,300.0,3.0
3340,Thanisandra,1588.0,3.0,75.55,3.0
3341,Amruthahalli,900.0,2.0,60.0,2.0
3343,Harlur,3385.0,4.0,260.0,4.0
3344,Panathur,1370.0,2.0,75.0,3.0
3345,Whitefield,1500.0,3.0,71.8,3.0
3347,Kanakpura Road,1100.0,3.0,53.0,3.0
3348,Hoodi,1247.0,2.0,53.0,2.0
3349,other,2000.0,3.0,200.0,3.0
3350,Balagere,1020.07,2.0,68.38,2.0
3351,other,1033.0,2.0,32.0,3.0
3352,other,1460.0,2.0,73.0,3.0
3353,Garudachar Palya,1150.0,2.0,52.8,2.0
3354,Sarjapur  Road,5965.0,5.0,385.0,5.0
3355,Babusapalaya,1141.0,2.0,46.0,2.0
3356,Yelahanka,2912.5,6.0,125.5,4.0
3357,Doddaballapur,4200.0,4.0,325.0,4.0
3358,Hosa Road,1665.0,2.0,125.0,3.0
3359,Kanakapura,1295.0,2.0,64.0,2.0
3360,Haralur Road,1230.0,2.0,78.0,2.0
3361,other,1080.0,2.0,75.0,3.0
3362,Kaggalipura,1000.0,2.0,60.0,2.0
3363,Kaval Byrasandra,2400.0,2.0,50.0,3.0
3364,Whitefield,630.5,1.0,32.79,1.0
3365,Rayasandra,1708.0,3.0,75.0,3.0
3366,Thanisandra,1697.0,3.0,115.0,3.0
3367,Whitefield,3537.0,5.0,210.0,4.0
3368,Hosa Road,615.0,1.0,28.29,1.0
3369,Banashankari,1350.0,2.0,83.0,3.0
3370,Kanakpura Road,1530.0,2.0,66.4,3.0
3371,Jalahalli,1083.0,2.0,32.49,2.0
3372,Gottigere,1460.0,2.0,65.0,3.0
3373,Babusapalaya,1084.0,2.0,58.0,2.0
3374,Bommasandra,1035.0,2.0,41.43,2.0
3375,other,2400.0,2.0,150.0,3.0
3376,Hosur Road,460.0,1.0,21.0,1.0
3378,Whitefield,1285.0,2.0,55.9,2.0
3380,Sarjapur,1200.0,3.0,78.0,3.0
3381,other,1070.0,2.0,35.0,2.0
3382,Hegde Nagar,1801.0,3.0,140.0,3.0
3383,Whitefield,1697.0,3.0,115.0,3.0
3384,AECS Layout,1199.0,2.0,65.0,2.0
3385,Iblur Village,2300.0,3.0,220.0,3.0
3386,Mysore Road,1340.0,2.0,64.31,3.0
3387,Marathahalli,3800.0,4.0,205.0,4.0
3389,other,1125.0,2.0,75.0,2.0
3390,Anandapura,1200.0,2.0,67.0,2.0
3391,Subramanyapura,1050.0,2.0,41.0,2.0
3392,Nagarbhavi,956.0,2.0,49.0,2.0
3393,Sarjapur,1000.0,2.0,30.0,2.0
3394,other,1596.0,3.0,95.0,3.0
3396,Kanakpura Road,1296.0,2.0,89.06,2.0
3398,other,1639.0,3.0,123.0,3.0
3399,Electronic City Phase II,1219.0,2.0,61.25,2.0
3400,Uttarahalli,1200.0,3.0,50.0,3.0
3401,Bannerghatta Road,1218.0,2.0,73.0,2.0
3402,other,920.0,2.0,37.0,2.0
3403,Yeshwanthpur,2559.0,3.0,141.0,3.0
3404,2nd Phase Judicial Layout,525.0,1.0,26.0,1.0
3405,Bannerghatta Road,1427.0,2.0,48.51,3.0
3406,Kothannur,1270.0,3.0,45.0,3.0
3407,Ramagondanahalli,920.0,2.0,65.0,2.0
3408,Dommasandra,2700.0,3.0,68.0,4.0
3410,Ramamurthy Nagar,1355.0,2.0,40.0,3.0
3411,Lingadheeranahalli,1530.0,2.0,90.0,3.0
3412,other,1372.0,2.0,90.0,3.0
3413,Nehru Nagar,2363.0,5.0,120.0,4.0
3414,Marathahalli,3895.0,4.0,220.0,4.0
3415,Jakkur,1950.0,3.0,131.0,3.0
3416,other,885.0,2.0,40.0,2.0
3417,Yelahanka,600.0,2.0,27.0,2.0
3420,Kanakpura Road,1339.0,2.0,62.0,2.0
3421,Whitefield,1130.0,2.0,36.0,2.0
3422,Uttarahalli,1085.0,2.0,43.0,2.0
3423,Yeshwanthpur,1430.0,3.0,72.0,3.0
3424,Bhoganhalli,1451.5,4.0,121.0,4.0
3426,other,1490.0,2.0,59.6,3.0
3427,other,1650.0,4.0,99.0,4.0
3428,Bellandur,1286.0,2.0,57.0,2.0
3429,other,925.0,2.0,63.0,2.0
3430,Bellandur,3016.0,4.0,230.0,4.0
3431,Haralur Road,1000.0,2.0,44.0,2.0
3432,Whitefield,1215.0,2.0,39.0,2.0
3433,other,1200.0,3.0,95.0,4.0
3434,Lakshminarayana Pura,1336.0,2.0,100.0,2.0
3435,Yeshwanthpur,673.0,1.0,36.85,1.0
3436,Anandapura,1200.0,2.0,58.0,2.0
3438,Malleshwaram,1600.0,3.0,160.0,3.0
3439,other,1200.0,2.0,79.0,2.0
3442,Devanahalli,2400.0,5.0,100.0,5.0
3443,Sector 2 HSR Layout,1143.0,2.0,65.0,2.0
3444,Kanakpura Road,1470.0,2.0,61.74,2.0
3445,other,1584.0,3.0,145.0,4.0
3446,Marathahalli,1785.0,3.0,94.0,3.0
3448,Kothanur,1460.0,3.0,71.0,3.0
3449,Kasturi Nagar,1500.0,2.0,80.0,3.0
3451,Sanjay nagar,3300.0,3.0,250.0,5.0
3452,Chikkalasandra,1230.0,2.0,48.0,2.0
3453,Yelahanka New Town,650.0,1.0,20.0,1.0
3454,Benson Town,1480.0,2.0,120.0,2.0
3455,Thanisandra,1220.0,2.0,43.92,2.0
3456,other,1570.0,3.0,115.0,3.0
3458,Mallasandra,1665.0,3.0,86.91,3.0
3461,Ramamurthy Nagar,1100.0,2.0,68.0,2.0
3462,Kathriguppe,1350.0,2.0,87.01,3.0
3463,Kasavanhalli,1719.0,3.0,116.0,3.0
3464,Budigere,664.0,1.0,35.0,1.0
3465,Sonnenahalli,1011.0,2.0,50.53,2.0
3466,other,2400.0,6.0,130.0,6.0
3467,other,1680.0,3.0,85.0,3.0
3468,Yeshwanthpur,717.0,2.0,49.475,2.0
3470,Whitefield,1520.0,2.0,150.0,3.0
3471,Uttarahalli,1350.0,2.0,53.0,3.0
3472,Kothanur,1760.0,3.0,150.0,3.0
3473,Pattandur Agrahara,875.0,2.0,33.0,2.0
3474,Hennur,1231.0,2.0,48.0,2.0
3475,Somasundara Palya,1174.0,2.0,74.0,2.0
3476,Munnekollal,1560.0,3.0,75.0,3.0
3477,other,1464.0,2.0,56.0,2.0
3478,Kanakpura Road,2200.0,3.0,130.0,3.0
3479,Shivaji Nagar,850.0,2.0,55.0,2.0
3481,1st Phase JP Nagar,2024.0,3.0,157.0,3.0
3485,Devanahalli,1080.0,2.0,44.0,2.0
3487,Electronic City,1020.0,2.0,29.46,2.0
3488,Begur Road,1500.0,2.0,55.0,3.0
3489,Mahalakshmi Layout,1575.0,5.0,158.0,4.0
3490,Kodichikkanahalli,3250.0,4.0,180.0,4.0
3491,Uttarahalli,1175.0,2.0,47.0,2.0
3492,Channasandra,1030.0,2.0,34.5,2.0
3493,Hebbal,1440.0,2.0,115.0,2.0
3494,Hoodi,1500.0,2.0,84.0,2.0
3495,Thanisandra,1380.0,1.0,62.1,1.0
3496,other,1200.0,2.0,50.0,2.0
3497,other,705.0,1.0,36.5,1.0
3498,Harlur,2240.0,5.0,155.0,3.0
3499,Hegde Nagar,1584.01,3.0,103.0,3.0
3500,other,1340.0,3.0,77.0,3.0
3501,other,1800.0,3.0,70.0,3.0
3502,R.T. Nagar,1200.0,2.0,45.0,2.0
3503,Sarjapur  Road,685.0,1.0,40.0,1.0
3504,other,925.0,2.0,42.0,2.0
3505,other,1230.0,2.0,57.0,2.0
3507,Kodichikkanahalli,1125.0,2.0,52.0,2.0
3508,Hebbal,1100.0,2.0,54.0,2.0
3509,Jigani,2400.0,3.0,149.0,3.0
3510,Electronic City Phase II,1400.0,2.0,41.58,3.0
3512,Jakkur,1858.0,3.0,98.3,3.0
3513,other,1260.0,1.0,41.0,1.0
3514,Ambedkar Nagar,3530.0,4.0,290.0,4.0
3515,HSR Layout,1185.0,2.0,60.0,2.0
3517,Hennur,1255.0,2.0,58.0,2.0
3519,Kudlu Gate,1335.0,3.0,89.0,3.0
3520,Dodda Nekkundi,1999.0,3.0,132.0,3.0
3522,Kundalahalli,1397.0,3.0,110.0,3.0
3526,Chikka Tirupathi,1616.0,3.0,95.0,3.0
3529,Raja Rajeshwari Nagar,1140.0,2.0,38.55,2.0
3530,Kanakpura Road,525.0,1.0,30.0,1.0
3531,Varthur,1200.0,2.0,98.0,3.0
3533,Balagere,1205.47,2.0,81.0,2.0
3535,Electronic City,1700.0,3.0,75.0,3.0
3537,Kanakpura Road,1090.0,2.0,54.54,2.0
3538,Yeshwanthpur,3600.0,5.0,220.0,4.0
3540,Thanisandra,923.0,1.0,60.84,1.0
3541,other,3595.0,6.0,360.0,4.0
3542,Green Glen Layout,1050.0,2.0,48.0,2.0
3543,Whitefield,1495.0,2.0,79.5,2.0
3544,Hennur Road,1664.0,2.0,93.865,3.0
3545,Narayanapura,1485.0,3.0,85.0,3.0
3546,Dommasandra,1033.0,2.0,31.5,3.0
3547,Electronic City,1400.0,2.0,48.0,3.0
3549,Sarjapur  Road,944.0,2.0,35.0,2.0
3550,Whitefield,3250.0,5.0,290.0,5.0
3551,Whitefield,1216.0,2.0,66.48,2.0
3552,other,1100.0,2.0,39.5,2.0
3553,Thanisandra,1743.0,3.0,93.25,3.0
3554,Yelahanka,1274.0,2.0,48.42,2.0
3556,Mysore Road,1512.0,2.0,110.0,3.0
3558,Cox Town,1650.0,3.0,100.0,3.0
3559,Doddathoguru,1875.0,3.0,55.0,3.0
3560,Whitefield,1350.0,3.0,54.0,3.0
3561,other,1219.0,2.0,40.0,2.0
3563,Sarjapura - Attibele Road,2400.0,3.0,85.0,3.0
3564,Hormavu,1141.0,2.0,44.4,2.0
3565,Anandapura,1151.0,2.0,43.1,2.0
3567,Sarjapur  Road,915.0,2.0,38.0,2.0
3568,other,3259.0,3.0,270.0,3.0
3569,Bannerghatta Road,1115.0,2.0,65.12,2.0
3570,Thigalarapalya,2072.0,4.0,139.0,3.0
3571,Kaggadasapura,1200.0,2.0,53.0,2.0
3572,Singasandra,1300.0,2.0,65.0,2.0
3573,Bellandur,1457.0,2.0,85.0,2.0
3574,Kannamangala,1262.0,2.0,55.0,2.0
3576,Ananth Nagar,900.0,2.0,22.5,2.0
3577,Attibele,420.0,1.0,17.0,1.0
3578,Kanakapura,1160.0,2.0,46.39,2.0
3579,Kasavanhalli,1115.0,2.0,50.0,2.0
3580,JP Nagar,1315.0,2.0,85.4,3.0
3581,Babusapalaya,1500.0,2.0,57.0,2.0
3582,HSR Layout,1127.0,2.0,68.0,2.0
3583,Kundalahalli,1397.0,3.0,104.0,3.0
3584,Whitefield,1173.0,2.0,60.0,2.0
3585,Sompura,1090.0,2.0,28.0,2.0
3586,Sarjapur  Road,2720.0,5.0,210.0,3.0
3587,Jakkur,1230.0,2.0,76.0,2.0
3588,other,3200.0,3.0,190.0,4.0
3589,Sarjapur  Road,858.0,2.0,31.57,2.0
3590,Talaghattapura,1868.0,3.0,121.0,3.0
3591,Uttarahalli,1689.28,3.0,91.2,3.0
3593,Banashankari,1425.0,3.0,49.88,3.0
3595,Tindlu,1350.0,2.0,100.0,2.0
3596,Channasandra,4200.0,6.0,180.0,6.0
3597,Uttarahalli,1310.0,2.0,85.0,3.0
3598,Haralur Road,3185.0,2.0,175.0,4.0
3599,other,970.0,2.0,40.0,2.0
3600,Kundalahalli,1397.0,3.0,108.0,3.0
3601,Sarjapur,1157.0,2.0,40.0,2.0
3602,Kasavanhalli,1125.0,2.0,61.2,2.0
3603,Sonnenahalli,1157.0,2.0,42.0,2.0
3604,Sarjapur  Road,1241.0,2.0,82.0,2.0
3605,Binny Pete,660.0,1.0,62.0,1.0
3606,Marathahalli,4000.0,4.0,220.0,4.0
3607,Rajiv Nagar,2340.0,4.0,148.0,4.0
3608,other,596.0,1.0,42.0,1.0
3609,other,10000.0,16.0,550.0,16.0
3610,other,1200.0,4.0,110.0,4.0
3611,other,1910.0,3.0,190.0,3.0
3612,Brookefield,1139.0,2.0,80.0,2.0
3613,Thigalarapalya,3122.0,5.0,225.0,4.0
3614,Sarjapura - Attibele Road,1033.0,2.0,28.41,2.0
3615,Yeshwanthpur,1168.0,2.0,64.08,2.0
3616,Chandapura,877.0,2.0,42.0,2.0
3617,Electronics City Phase 1,1340.0,2.0,75.0,2.0
3618,other,1405.0,2.0,70.0,3.0
3619,other,1800.0,3.0,65.0,3.0
3620,other,1750.0,3.0,149.0,3.0
3621,other,1360.0,2.0,65.0,3.0
3623,other,985.0,2.0,63.0,2.0
3625,7th Phase JP Nagar,1850.0,3.0,150.0,3.0
3626,other,1490.0,2.0,88.0,3.0
3627,other,620.0,1.0,25.0,2.0
3628,Hormavu,1130.0,2.0,42.3,2.0
3629,Yelachenahalli,1080.0,2.0,55.0,2.0
3630,Singasandra,3126.0,4.0,120.0,4.0
3631,Begur Road,1410.0,2.0,52.17,3.0
3632,Bommanahalli,1375.0,3.0,59.0,3.0
3633,Hennur Road,1290.0,2.0,94.5,3.0
3634,Hosa Road,1318.0,2.0,85.28,3.0
3635,Electronic City,1128.0,2.0,68.0,2.0
3636,other,4428.0,4.0,255.0,4.0
3637,Kanakpura Road,1051.0,2.0,56.74,2.0
3638,Kengeri,3500.0,5.0,275.0,3.0
3639,Kannamangala,2400.0,4.0,130.0,4.0
3640,Yelahanka,1327.0,2.0,85.0,2.0
3641,Thigalarapalya,2912.0,6.0,210.0,4.0
3642,other,1301.0,2.0,55.0,2.0
3643,other,650.0,1.0,30.0,1.0
3644,Varthur,1200.0,3.0,67.75,3.0
3645,other,1500.0,2.0,89.99,3.0
3647,other,1350.0,4.0,145.0,4.0
3648,Electronic City Phase II,1000.0,2.0,28.88,2.0
3649,Sarjapur  Road,984.0,2.0,45.91,2.0
3650,Jakkur,1819.18,3.0,160.0,3.0
3652,Hebbal,1355.0,3.0,83.87,3.0
3655,Kaggadasapura,1118.0,2.0,30.0,2.0
3656,other,910.0,1.0,42.0,1.0
3657,other,1250.0,3.0,39.0,3.0
3658,Hosakerehalli,1304.0,2.0,100.0,2.0
3659,Begur Road,1615.0,3.0,58.0,3.0
3660,Sarjapur  Road,1400.0,2.0,68.0,2.0
3661,CV Raman Nagar,1070.0,2.0,47.5,2.0
3663,Hoodi,1132.0,2.0,89.37,2.0
3664,other,2000.0,3.0,85.0,3.0
3666,Sector 2 HSR Layout,794.0,1.0,65.0,1.0
3667,Raja Rajeshwari Nagar,1090.0,2.0,43.59,2.0
3668,Gottigere,1500.0,3.0,70.0,3.0
3670,Kanakpura Road,525.0,1.0,30.0,1.0
3671,Bhoganhalli,1447.0,2.0,75.97,2.0
3672,Whitefield,1269.0,2.0,75.0,2.0
3674,Kanakpura Road,1070.0,2.0,37.45,2.0
3675,Talaghattapura,1150.0,2.0,28.0,2.0
3676,Marathahalli,1208.0,2.0,70.0,2.0
3677,Ramamurthy Nagar,1185.0,2.0,45.5,2.0
3679,Anekal,888.0,2.0,34.0,2.0
3680,Chandapura,1015.0,2.0,25.88,2.0
3681,other,532.0,1.0,22.49,1.0
3682,other,1060.0,3.0,62.0,3.0
3683,Electronic City,700.0,1.0,35.0,1.0
3684,other,902.0,2.0,42.0,2.0
3686,Uttarahalli,1175.0,2.0,47.0,2.0
3688,Doddathoguru,984.0,2.0,51.0,2.0
3689,Hebbal,2700.0,2.0,100.0,4.0
3690,Jalahalli East,1475.0,3.0,96.0,3.0
3691,Haralur Road,1300.0,2.0,79.0,2.0
3693,Babusapalaya,1453.0,2.0,43.59,3.0
3695,Akshaya Nagar,1666.0,3.0,95.0,3.0
3698,Murugeshpalya,1845.0,3.0,91.0,3.0
3699,Sarjapura - Attibele Road,1676.0,3.0,52.0,3.0
3700,Uttarahalli,1137.0,2.0,63.0,2.0
3701,Electronic City,1360.0,2.0,70.5,3.0
3702,other,1374.0,2.0,70.0,3.0
3703,Judicial Layout,1700.0,3.0,155.0,3.0
3704,Whitefield,3227.0,5.0,250.0,5.0
3705,other,2145.0,4.0,125.0,4.0
3707,Kasavanhalli,2170.0,3.0,151.0,3.0
3708,other,1080.0,2.0,55.0,2.0
3709,Electronic City Phase II,1790.0,3.0,100.0,3.0
3710,Doddathoguru,550.0,1.0,17.0,1.0
3711,Poorna Pragna Layout,1270.0,2.0,50.79,3.0
3712,Somasundara Palya,1033.0,2.0,48.0,2.0
3713,other,1000.0,2.0,80.0,2.0
3714,Binny Pete,2940.0,6.0,280.0,4.0
3715,other,1240.0,2.0,52.6,2.0
3717,Kambipura,883.0,2.0,39.0,2.0
3718,other,1500.0,2.0,97.0,3.0
3719,Marathahalli,1730.0,3.0,139.0,3.0
3720,Kasavanhalli,1915.0,3.0,80.0,3.0
3721,Whitefield,1545.0,3.0,79.0,3.0
3722,other,1865.0,4.0,140.0,3.0
3723,Hebbal Kempapura,1150.0,2.0,40.0,2.0
3724,other,1200.0,2.0,49.0,2.0
3725,Kengeri,963.0,2.0,40.0,2.0
3726,Marsur,1200.0,3.0,120.0,3.0
3727,Basavangudi,2600.0,4.0,260.0,4.0
3728,Kaikondrahalli,1700.0,4.0,108.0,4.0
3729,Lingadheeranahalli,1682.0,3.0,120.0,3.0
3730,Yelahanka,1371.0,2.0,65.0,3.0
3731,Hennur Road,901.0,2.0,49.5,2.0
3733,Ambalipura,1730.0,3.0,120.0,3.0
3734,Konanakunte,1200.0,4.0,125.0,4.0
3735,EPIP Zone,1500.0,3.0,102.0,3.0
3736,Sarjapur  Road,3785.0,6.0,280.0,4.0
3737,other,3500.0,4.0,245.0,4.0
3738,other,1203.0,2.0,59.86,2.0
3739,Horamavu Banaswadi,1357.0,2.0,54.0,2.0
3740,other,1600.0,3.0,76.0,3.0
3741,Yelahanka New Town,350.0,1.0,13.5,1.0
3742,Varthur,1665.0,3.0,53.0,3.0
3744,Sarjapur  Road,835.0,1.0,46.95,1.0
3746,Haralur Road,1444.0,2.0,80.0,3.0
3747,Kanakapura,1277.0,2.0,55.0,2.0
3748,Lingadheeranahalli,1521.0,3.0,94.71,3.0
3749,other,1134.0,2.0,40.0,2.0
3750,Vasanthapura,995.0,2.0,34.82,2.0
3751,Old Madras Road,2760.0,5.0,157.0,3.0
3752,Marathahalli,1325.0,1.0,92.0,2.0
3753,Kothanur,4000.0,6.0,150.0,6.0
3754,Marathahalli,1525.0,3.0,90.0,3.0
3755,other,1320.0,2.0,73.0,3.0
3756,Electronics City Phase 1,650.0,1.0,23.0,1.0
3757,Old Airport Road,1858.0,2.0,167.0,3.0
3758,Electronic City,1150.0,2.0,38.0,2.0
3759,Electronic City Phase II,769.0,2.0,40.0,2.0
3760,Electronic City,1571.0,3.0,105.0,3.0
3761,Hennur Road,1445.0,3.0,86.56,3.0
3762,Hosur Road,1590.0,2.0,135.0,3.0
3763,Bommasandra,902.0,2.0,49.0,2.0
3764,Sarjapur,2238.0,3.0,140.0,3.0
3765,Electronic City,1090.0,2.0,31.49,2.0
3766,Yelahanka,1712.0,3.0,82.0,3.0
3767,Haralur Road,1088.0,2.0,68.0,2.0
3768,Somasundara Palya,1575.0,3.0,63.1,3.0
3769,other,2150.0,6.0,205.0,6.0
3770,Kundalahalli,1920.0,3.0,150.0,3.0
3771,Margondanahalli,1000.0,2.0,57.0,2.0
3772,other,1100.0,2.0,56.1,2.0
3773,Electronic City,1089.0,2.0,45.0,2.0
3774,Horamavu Agara,1106.0,2.0,43.09,2.0
3775,Kengeri,927.0,2.0,37.0,2.0
3776,Kanakpura Road,1339.0,2.0,58.0,2.0
3777,Thanisandra,923.0,1.0,45.69,1.0
3778,Sarjapur  Road,2900.0,3.0,285.0,3.0
3779,Lakshminarayana Pura,1175.0,2.0,75.0,2.0
3780,Thubarahalli,975.0,2.0,55.0,2.0
3781,Hebbal,2400.0,4.0,180.0,3.0
3782,Subramanyapura,1330.0,3.0,72.0,3.0
3783,Thanisandra,1183.0,2.0,59.74,2.0
3784,Harlur,1758.0,3.0,133.0,3.0
3786,Hebbal,1255.0,2.0,77.68,3.0
3788,Pai Layout,1100.0,2.0,50.0,2.0
3789,Ramamurthy Nagar,1170.0,2.0,46.8,2.0
3790,other,2400.0,5.0,120.0,5.0
3791,Raja Rajeshwari Nagar,1530.0,3.0,51.77,3.0
3792,Hebbal,1420.0,2.0,107.0,2.0
3795,Kanakpura Road,1591.0,3.0,115.0,3.0
3796,7th Phase JP Nagar,1680.0,3.0,120.0,3.0
3797,other,675.0,3.0,52.0,2.0
3798,Hoodi,1055.0,2.0,57.63,2.0
3799,Iblur Village,1918.0,3.0,129.0,3.0
3800,Sarjapur  Road,1280.0,2.0,76.0,2.0
3801,Nagarbhavi,1560.0,3.0,66.0,3.0
3802,Sarjapur  Road,1145.0,2.0,49.5,2.0
3803,Talaghattapura,2106.0,3.0,126.0,3.0
3804,other,1801.0,3.0,139.0,3.0
3807,Whitefield,1306.0,3.0,54.65,3.0
3808,Hebbal,1320.0,2.0,92.0,2.0
3809,other,1350.0,2.0,65.0,3.0
3810,other,2990.0,4.0,324.0,4.0
3811,Kalyan nagar,3800.0,5.0,300.0,4.0
3812,Bannerghatta Road,1344.0,2.0,42.0,3.0
3813,Bannerghatta Road,1893.0,3.0,100.0,3.0
3814,Chandapura,1107.0,2.0,43.0,3.0
3816,Lakshminarayana Pura,1190.0,2.0,75.0,2.0
3817,Whitefield,1000.0,2.0,35.0,2.0
3818,other,2400.0,2.0,160.0,2.0
3819,Kumaraswami Layout,1000.0,2.0,48.5,2.0
3820,Jalahalli,2113.0,3.0,155.0,3.0
3821,KR Puram,1100.0,2.0,46.0,2.0
3823,Harlur,1884.0,4.0,120.0,4.0
3824,Electronic City,1110.0,2.0,40.0,2.0
3825,Kudlu,1027.0,2.0,43.0,2.0
3826,other,1250.0,3.0,40.0,3.0
3827,Sarjapur  Road,1470.0,3.0,62.0,3.0
3828,other,1150.0,2.0,75.0,2.0
3830,Kudlu Gate,703.0,1.0,52.0,1.0
3831,other,1400.0,2.0,62.0,3.0
3832,Bellandur,1195.0,2.0,51.0,2.0
3833,Narayanapura,1302.0,2.0,69.1,2.0
3834,Begur Road,1583.0,3.0,74.4,3.0
3835,other,1488.0,2.0,60.0,3.0
3837,Kammasandra,1385.0,2.0,34.63,3.0
3838,Whitefield,3262.0,4.0,260.0,4.0
3839,Electronic City,1600.0,3.0,104.0,3.0
3840,Old Airport Road,1150.0,2.0,90.0,2.0
3841,other,4500.0,9.0,166.0,9.0
3842,Sarjapur  Road,1263.0,2.0,78.0,2.0
3844,Kanakpura Road,1299.0,2.0,85.0,2.0
3845,Banashankari,1330.0,2.0,78.0,2.0
3846,Devanahalli,1282.0,2.0,52.43,3.0
3847,other,1853.0,3.0,82.0,3.0
3848,other,861.0,2.0,35.0,2.0
3849,Bannerghatta Road,1600.0,3.0,95.0,3.0
3850,other,1256.0,2.0,62.8,2.0
3851,other,1390.0,2.0,80.0,3.0
3852,other,1550.0,2.0,90.0,3.0
3854,Hebbal,919.0,2.0,49.0,2.0
3855,Margondanahalli,1625.0,3.0,80.0,3.0
3856,Gunjur,1195.0,2.0,44.0,2.0
3858,Yelenahalli,1159.0,2.0,60.0,2.0
3859,Whitefield,1386.0,3.0,57.46,3.0
3860,Harlur,1197.0,2.0,79.0,2.0
3861,Old Airport Road,2690.0,4.0,191.0,4.0
3862,Jigani,4303.5,2.0,226.0,4.0
3863,Bommasandra,1295.0,2.0,50.28,3.0
3864,other,1310.0,2.0,37.83,3.0
3865,Whitefield,1132.0,2.0,79.28,2.0
3868,Hebbal,1645.0,3.0,135.0,3.0
3869,Whitefield,1200.0,2.0,45.84,2.0
3871,Marathahalli,1937.0,3.0,140.0,3.0
3872,Doddathoguru,1015.0,2.0,33.5,2.0
3873,other,1080.0,2.0,39.0,2.0
3874,Kathriguppe,1350.0,2.0,80.99,3.0
3875,Kengeri Satellite Town,1149.0,2.0,29.0,3.0
3876,Kothanur,1185.0,2.0,59.0,2.0
3877,Domlur,1720.0,3.0,135.0,3.0
3878,Hebbal,2080.0,3.0,175.0,3.0
3879,Tindlu,1500.0,3.0,87.0,3.0
3880,Yelahanka,1566.0,3.0,97.0,3.0
3882,other,1500.0,4.0,110.0,4.0
3883,KR Puram,1290.0,2.0,49.02,2.0
3884,other,1531.0,3.0,72.0,3.0
3885,other,1839.0,3.0,165.0,3.0
3887,Electronic City Phase II,1400.0,2.0,40.43,3.0
3889,Whitefield,1140.0,2.0,39.0,2.0
3890,Tumkur Road,1343.5,3.0,57.76,3.0
3891,Banashankari Stage III,2000.0,4.0,100.0,4.0
3892,Kaval Byrasandra,1100.0,2.0,46.0,2.0
3893,other,1200.0,2.0,55.0,2.0
3894,Bannerghatta,1618.0,3.0,68.0,3.0
3895,Whitefield,2830.0,5.0,160.0,4.0
3896,Uttarahalli,1315.0,2.0,74.0,3.0
3897,Anandapura,1141.0,2.0,42.75,2.0
3898,AECS Layout,1080.0,2.0,55.0,2.0
3899,HBR Layout,1200.0,2.0,60.0,2.0
3900,Varthur,1111.0,2.0,41.88,2.0
3901,NGR Layout,1022.0,2.0,45.9,2.0
3902,Bannerghatta Road,1275.0,2.0,65.0,2.0
3903,other,900.0,2.0,70.0,2.0
3904,Rachenahalli,1224.0,2.0,39.2,2.0
3905,Battarahalli,1135.0,2.0,43.0,2.0
3906,Rachenahalli,1050.0,2.0,52.1,2.0
3907,Kudlu Gate,1535.0,3.0,86.0,3.0
3909,Bellandur,1050.0,2.0,72.0,2.0
3910,Hosa Road,1513.0,3.0,103.0,3.0
3911,Gottigere,1621.0,3.0,72.0,3.0
3912,Bannerghatta Road,892.0,2.0,39.0,2.0
3913,Whitefield,1205.0,2.0,40.0,2.0
3914,Hebbal,1355.0,3.0,83.87,3.0
3917,other,1200.0,6.0,70.0,4.0
3919,Kengeri,726.0,2.0,35.0,2.0
3920,other,1500.0,3.0,149.0,3.0
3921,Hebbal,3895.0,4.0,405.0,4.0
3922,Horamavu Agara,1079.0,2.0,41.0,2.0
3923,Begur Road,1170.0,2.0,46.0,2.0
3924,Doddathoguru,1104.0,2.0,39.0,2.0
3925,Kanakpura Road,950.0,2.0,45.0,2.0
3926,Hormavu,4818.0,4.0,390.0,4.0
3927,other,1650.0,2.0,52.0,3.0
3928,Kogilu,1559.0,3.0,127.0,3.0
3929,other,1100.0,2.0,38.0,2.0
3930,Benson Town,1750.0,3.0,150.0,3.0
3931,Ramagondanahalli,1215.0,2.0,45.5,2.0
3932,Talaghattapura,1868.0,3.0,135.0,3.0
3933,Electronic City,1130.0,2.0,32.63,2.0
3934,Kanakpura Road,1570.0,3.0,64.5,3.0
3935,Sarjapur  Road,1691.0,3.0,98.0,3.0
3936,Ardendale,4355.0,3.0,350.0,5.0
3937,Hulimavu,1225.0,2.0,55.0,2.0
3938,JP Nagar,1690.0,3.0,112.0,3.0
3939,Thigalarapalya,1418.0,2.0,103.0,2.0
3940,Kasturi Nagar,1896.0,3.0,125.0,4.0
3941,Sonnenahalli,605.0,1.0,40.0,1.0
3943,Electronic City Phase II,900.0,2.0,32.5,2.0
3944,other,750.0,2.0,50.0,1.0
3946,Ananth Nagar,908.0,2.0,26.0,2.0
3947,Sarjapur  Road,3416.5,6.0,143.0,4.0
3948,Thanisandra,3216.0,4.0,226.0,4.0
3949,BEML Layout,2400.0,4.0,225.0,5.0
3950,Iblur Village,1400.0,2.0,68.0,2.0
3951,Kudlu,1092.0,2.0,44.0,2.0
3952,Hulimavu,1255.0,2.0,74.0,2.0
3953,Electronic City,1500.0,2.0,100.0,3.0
3954,Thanisandra,1296.0,2.0,72.0,2.0
3955,Horamavu Banaswadi,925.0,2.0,38.0,2.0
3956,Raja Rajeshwari Nagar,1023.0,2.0,42.0,2.0
3958,Thanisandra,1020.0,2.0,44.5,2.0
3959,Choodasandra,1530.0,3.0,77.0,3.0
3960,Gubbalala,1650.0,3.0,71.0,3.0
3961,other,1605.0,2.0,85.0,3.0
3962,Hosakerehalli,1925.0,2.0,50.0,2.0
3963,Kogilu,1190.0,2.0,50.66,2.0
3964,Jakkur,1374.0,3.0,68.0,3.0
3965,6th Phase JP Nagar,1140.0,2.0,65.0,2.0
3966,Green Glen Layout,1725.0,3.0,130.0,3.0
3967,Bisuvanahalli,1075.0,2.0,50.0,3.0
3968,Kannamangala,1574.0,3.0,93.34,3.0
3969,Sanjay nagar,965.0,1.0,32.0,1.0
3970,Marathahalli,1550.0,3.0,83.0,3.0
3971,other,1205.0,2.0,60.0,2.0
3972,Kambipura,1082.0,2.0,55.0,3.0
3973,Uttarahalli,1215.0,2.0,52.85,3.0
3974,Hebbal,2483.0,5.0,230.0,4.0
3975,other,1200.0,3.0,46.14,2.0
3976,other,1500.0,1.0,19.5,1.0
3978,Ardendale,3198.0,4.0,250.0,4.0
3979,Kanakpura Road,1452.0,3.0,60.98,3.0
3980,Electronic City Phase II,1329.0,2.0,41.0,3.0
3981,other,1125.0,2.0,44.0,2.0
3982,other,1200.0,2.0,70.0,2.0
3983,Sarjapur  Road,1350.0,3.0,39.97,3.0
3984,Uttarahalli,1312.5,3.0,51.19,3.0
3985,Hebbal,2600.0,3.0,195.0,3.0
3987,Electronic City Phase II,1220.0,3.0,35.23,3.0
3988,Pai Layout,1255.0,2.0,80.0,2.0
3989,other,1904.0,3.0,155.0,3.0
3990,Somasundara Palya,1329.0,2.0,70.0,2.0
3991,Chandapura,1200.0,2.0,60.0,2.0
3992,Murugeshpalya,2135.0,3.0,160.0,3.0
3994,other,813.0,1.0,39.0,1.0
3995,other,3884.0,4.0,240.0,4.0
3996,Doddaballapur,3876.0,3.0,300.0,3.0
3997,Kalena Agrahara,800.0,2.0,30.0,2.0
3998,other,4750.0,2.0,120.0,4.0
3999,Hormavu,1500.0,3.0,70.0,3.0
4000,Bannerghatta Road,1880.0,3.0,95.0,3.0
4001,Electronic City,1440.0,2.0,55.0,3.0
4002,Akshaya Nagar,1575.0,3.0,90.0,3.0
4003,other,1630.0,2.0,97.78,3.0
4004,Yelahanka,1180.0,3.0,55.0,3.0
4005,other,1090.0,2.0,36.0,2.0
4006,NGR Layout,1020.0,2.0,48.45,2.0
4007,other,2425.0,4.0,173.0,4.0
4008,Varthur,1097.0,2.0,33.82,2.0
4009,Raja Rajeshwari Nagar,1070.0,2.0,50.0,2.0
4010,Kumaraswami Layout,1000.0,2.0,58.0,2.0
4012,other,1150.0,2.0,56.0,2.0
4013,Frazer Town,1900.0,4.0,145.0,3.0
4014,other,1141.0,2.0,49.0,2.0
4015,Jigani,937.0,2.0,44.0,2.0
4016,Green Glen Layout,1075.0,2.0,60.0,2.0
4017,Panathur,1000.0,2.0,65.3,2.0
4018,Kasavanhalli,1450.0,3.0,77.41,3.0
4020,other,936.0,2.0,43.0,2.0
4021,other,1280.0,2.0,75.0,2.0
4022,Babusapalaya,1050.0,2.0,45.0,2.0
4023,Marathahalli,1350.0,2.0,86.0,2.0
4024,Mallasandra,1325.0,2.0,70.0,2.0
4025,Devanahalli,1174.0,2.0,59.0,2.0
4026,Hosur Road,1890.0,3.0,162.0,3.0
4028,other,500.0,1.0,24.0,1.0
4029,Gottigere,1304.0,3.0,80.0,3.0
4030,Yelahanka,1653.0,3.0,120.0,3.0
4031,Bisuvanahalli,1075.0,2.0,52.0,3.0
4032,7th Phase JP Nagar,1212.0,3.0,42.0,2.0
4033,other,1100.0,2.0,50.0,2.0
4036,Billekahalli,1140.0,2.0,50.0,2.0
4038,Kudlu Gate,1532.0,3.0,83.0,3.0
4039,Doddaballapur,2776.0,4.0,195.0,3.0
4040,Padmanabhanagar,1531.0,2.0,75.0,3.0
4041,Poorna Pragna Layout,1270.0,2.0,50.79,3.0
4042,Uttarahalli,1325.0,2.0,53.0,2.0
4044,Electronic City,1156.0,2.0,44.0,3.0
4046,Bannerghatta Road,1260.0,2.0,70.0,2.0
4047,Vittasandra,1934.0,2.0,90.0,2.0
4048,Malleshpalya,1060.0,2.0,40.0,2.0
4049,Kasavanhalli,1476.0,3.0,95.0,3.0
4050,Murugeshpalya,1185.0,2.0,85.0,2.0
4051,other,1265.0,2.0,82.0,3.0
4052,other,3200.0,5.0,150.0,4.0
4053,other,1196.0,2.0,56.81,2.0
4054,EPIP Zone,1280.0,2.0,69.0,2.0
4056,Hulimavu,1175.0,2.0,45.0,2.0
4057,other,1850.0,3.0,98.0,3.0
4059,Whitefield,1195.0,2.0,70.0,2.0
4060,Ulsoor,2000.0,3.0,185.0,3.0
4063,Hosur Road,1180.0,2.0,36.5,2.0
4064,Jakkur,1050.0,2.0,49.87,2.0
4065,Electronic City,1400.0,2.0,40.44,3.0
4066,other,2360.0,4.0,150.0,4.0
4067,other,1030.0,2.0,77.25,2.0
4068,other,1512.0,1.0,65.01,2.0
4069,Subramanyapura,929.0,2.0,48.0,2.0
4070,Jigani,1252.0,3.0,61.0,3.0
4071,Green Glen Layout,1485.0,3.0,115.0,3.0
4072,Electronics City Phase 1,1124.0,2.0,55.0,3.0
4074,Indira Nagar,1407.0,3.0,120.0,3.0
4075,Hennur Road,1482.0,2.0,97.0,3.0
4077,Jalahalli,1570.0,3.0,140.0,3.0
4078,Whitefield,3480.0,4.0,284.0,3.0
4079,Chandapura,520.0,1.0,14.04,1.0
4080,other,2000.0,3.0,160.0,3.0
4081,Prithvi Layout,1352.0,2.0,75.0,2.0
4082,Electronic City,1152.0,2.0,65.0,2.0
4083,other,1575.0,3.0,93.0,3.0
4084,Hegde Nagar,1965.0,4.0,125.0,3.0
4085,other,1300.0,2.0,70.0,3.0
4087,Marathahalli,957.0,2.0,47.0,2.0
4088,Hoskote,1740.0,3.0,60.0,3.0
4090,Neeladri Nagar,1060.0,2.0,35.0,2.0
4091,other,975.0,2.0,50.0,2.0
4092,Ramamurthy Nagar,1150.0,2.0,51.0,2.0
4093,Whitefield,1738.0,2.0,79.0,3.0
4094,Bommanahalli,1250.0,3.0,55.0,3.0
4095,Bannerghatta Road,1788.0,3.0,90.0,3.0
4096,Kanakapura,1151.0,2.0,59.0,2.0
4097,Uttarahalli,1300.0,2.0,60.0,3.0
4098,Garudachar Palya,1150.0,2.0,52.8,2.0
4099,other,1380.0,2.0,75.0,2.0
4100,Hebbal,1645.0,3.0,117.0,3.0
4101,Babusapalaya,1141.0,2.0,45.9,2.0
4102,7th Phase JP Nagar,1175.0,2.0,82.5,2.0
4103,Banashankari Stage V,1355.0,2.0,61.0,3.0
4104,Dasarahalli,1150.0,2.0,70.0,2.0
4105,other,5800.0,5.0,80.0,5.0
4106,other,1000.0,2.0,45.0,2.0
4107,Balagere,1007.0,2.0,65.0,2.0
4108,other,3000.0,5.0,100.0,4.0
4109,Kothanur,1436.0,3.0,70.0,3.0
4110,Marathahalli,4000.0,4.0,220.0,4.0
4111,Somasundara Palya,2372.0,3.0,140.0,3.0
4115,Rayasandra,1016.0,2.0,58.0,2.0
4116,Dodda Nekkundi,1100.0,2.0,48.0,2.0
4117,other,1080.0,2.0,45.0,2.0
4118,Electronic City,1070.0,2.0,60.0,2.0
4119,Kadubeesanahalli,1532.0,3.0,115.0,3.0
4120,Hennur,1040.0,2.0,42.12,2.0
4121,other,3100.0,3.0,250.0,3.0
4122,Tumkur Road,1137.5,2.0,48.905,2.0
4123,Thanisandra,1430.0,2.0,51.6,3.0
4125,ITPL,3262.0,5.0,205.0,4.0
4128,other,1827.0,3.0,100.0,3.0
4129,HRBR Layout,1210.0,2.0,75.0,2.0
4130,other,1500.0,3.0,95.0,3.0
4131,Rachenahalli,1050.0,2.0,53.5,2.0
4132,Hebbal,1251.0,2.0,88.73,2.0
4133,HSR Layout,1600.0,2.0,115.0,3.0
4134,Electronic City,1128.0,2.0,65.5,2.0
4135,Budigere,1820.0,3.0,93.0,3.0
4136,Thigalarapalya,2072.0,4.0,159.0,3.0
4137,Raja Rajeshwari Nagar,1510.0,2.0,59.0,3.0
4138,Hoodi,1925.0,2.0,114.0,3.0
4139,Hennur Road,2651.0,2.0,225.0,3.0
4140,Thigalarapalya,2072.0,4.0,147.0,3.0
4141,Kumaraswami Layout,1000.0,2.0,36.0,2.0
4142,KR Puram,1752.0,3.0,145.0,3.0
4143,Sahakara Nagar,960.0,2.0,56.0,2.0
4144,other,1180.0,2.0,63.0,2.0
4145,Benson Town,2270.0,3.0,180.0,3.0
4147,Lakshminarayana Pura,1200.0,2.0,75.0,2.0
4148,Bisuvanahalli,1180.0,2.0,46.0,3.0
4149,other,1300.0,3.0,47.0,3.0
4150,Bannerghatta Road,1157.0,2.0,40.0,2.0
4151,Kanakpura Road,1300.0,3.0,69.0,3.0
4152,Banashankari Stage III,1305.0,2.0,59.0,3.0
4153,Hegde Nagar,2006.0,4.0,196.0,3.0
4154,Jakkur,1290.0,2.0,80.0,2.0
4155,Hoskote,1170.0,2.0,45.0,2.0
4157,Yelachenahalli,1400.0,2.0,78.0,2.0
4158,Lakshminarayana Pura,1200.0,2.0,75.0,2.0
4159,other,1155.0,2.0,60.0,3.0
4160,Hormavu,1725.0,3.0,85.0,3.0
4161,Kanakpura Road,700.0,2.0,40.0,2.0
4163,Hoodi,1112.0,2.0,88.0,2.0
4164,Somasundara Palya,1178.0,2.0,78.0,2.0
4165,Badavala Nagar,1274.0,2.0,81.0,2.0
4166,Doddathoguru,915.0,2.0,32.0,2.0
4168,Hosur Road,760.0,1.0,21.28,1.0
4169,other,1540.0,3.0,68.0,3.0
4170,other,1206.0,2.0,38.5,2.0
4171,other,1645.0,3.0,95.0,3.0
4174,Nehru Nagar,2342.0,3.0,115.0,4.0
4175,other,1200.0,2.0,55.0,3.0
4176,Yelenahalli,1056.0,2.0,33.0,2.0
4177,Raja Rajeshwari Nagar,4800.0,8.0,225.0,8.0
4178,Kanakpura Road,1450.0,3.0,54.3,3.0
4179,other,1161.0,2.0,36.69,2.0
4180,other,1097.0,2.0,65.0,2.0
4181,Uttarahalli,850.0,2.0,35.0,2.0
4182,Green Glen Layout,1715.0,3.0,115.0,3.0
4184,Electronic City,1200.0,2.0,59.0,2.0
4185,8th Phase JP Nagar,1080.0,2.0,38.0,2.0
4186,Kasavanhalli,1200.0,2.0,50.3,2.0
4188,Banashankari,1400.0,2.0,78.0,3.0
4190,Kanakpura Road,458.0,1.0,19.695,1.0
4191,Marathahalli,1230.0,2.0,57.0,2.0
4192,Kalyan nagar,1640.0,3.0,88.0,3.0
4193,Banashankari,1700.0,3.0,125.0,3.0
4194,Bommasandra,1478.0,2.0,44.0,3.0
4196,Banashankari,1020.0,2.0,40.79,2.0
4198,Yelahanka,1275.0,2.0,95.0,3.0
4199,other,1600.0,3.0,165.0,4.0
4200,Kanakapura,1110.0,2.0,38.85,2.0
4201,Uttarahalli,1627.86,3.0,88.0,3.0
4202,other,620.0,2.0,22.0,2.0
4203,Whitefield,3004.0,4.0,285.0,4.0
4204,Hosa Road,1133.0,2.0,52.0,2.0
4205,Hennur Road,1182.0,2.0,82.5,2.0
4206,Tumkur Road,1500.0,3.0,100.0,3.0
4207,Hebbal Kempapura,3900.0,5.0,360.0,4.0
4208,Marathahalli,1200.0,2.0,58.0,2.0
4209,Raja Rajeshwari Nagar,1128.0,2.0,48.79,2.0
4212,Amruthahalli,1100.0,2.0,45.0,2.0
4213,Kengeri Satellite Town,635.0,1.0,22.0,2.0
4214,Ardendale,2062.0,3.0,140.0,4.0
4215,Thanisandra,1874.0,4.0,130.0,3.0
4217,Old Madras Road,1171.0,2.0,75.0,2.0
4218,Sarjapur,2020.0,3.0,85.0,3.0
4219,8th Phase JP Nagar,1059.0,2.0,34.5,2.0
4220,Panathur,1315.0,2.0,59.1,3.0
4221,Jakkur,1760.0,3.0,110.0,3.0
4223,Hennur Road,1192.0,2.0,62.0,3.0
4224,Hebbal,1645.0,3.0,121.0,3.0
4225,Whitefield,1250.0,2.0,72.0,2.0
4226,Whitefield,709.0,1.0,34.385,1.0
4227,Whitefield,1340.0,2.0,77.0,2.0
4228,Cooke Town,2388.0,4.0,239.0,3.0
4229,Hosa Road,1369.1,2.0,104.0,2.0
4230,other,1355.0,2.0,75.0,2.0
4231,Bannerghatta Road,1150.0,2.0,65.0,2.0
4232,Kanakapura,1938.0,3.0,113.0,3.0
4233,Begur Road,2462.0,4.0,124.0,4.0
4234,Budigere,1636.0,3.0,85.0,3.0
4235,Akshaya Nagar,1430.0,2.0,75.0,3.0
4236,other,2000.0,3.0,85.0,3.0
4237,Electronic City Phase II,993.0,2.0,50.0,3.0
4239,Kanakpura Road,1700.0,3.0,88.0,3.0
4240,Yelahanka,1270.0,2.0,78.0,2.0
4241,Anjanapura,1500.0,3.0,121.0,3.0
4244,Marathahalli,1650.0,3.0,86.45,3.0
4245,Panathur,1109.0,2.0,63.0,2.0
4246,other,1280.0,2.0,49.75,2.0
4247,Sarjapur,2885.0,3.0,185.0,4.0
4250,Kothanur,1462.0,3.0,71.0,3.0
4251,Marathahalli,607.0,1.0,35.0,1.0
4252,Kammasandra,930.0,2.0,25.0,2.0
4253,Varthur,4500.0,5.0,300.0,4.0
4255,Malleshwaram,2600.0,3.0,237.0,3.0
4256,JP Nagar,3000.0,4.0,140.0,4.0
4257,Electronic City Phase II,1418.0,3.0,52.47,3.0
4258,other,4200.0,1.0,160.0,2.0
4259,EPIP Zone,1125.0,2.0,65.0,2.0
4260,CV Raman Nagar,1825.0,3.0,126.0,3.0
4261,Whitefield,1320.0,2.0,79.5,2.0
4262,JP Nagar,3000.0,4.0,140.0,4.0
4265,Whitefield,750.0,2.0,52.7,2.0
4266,Yelahanka,1400.0,2.0,80.54,3.0
4267,other,4104.0,4.0,360.0,4.0
4268,Rajaji Nagar,5000.0,4.0,375.0,4.0
4269,Mahadevpura,3295.0,4.0,260.0,5.0
4271,Whitefield,1200.0,3.0,61.96,3.0
4272,Poorna Pragna Layout,965.0,2.0,48.0,2.0
4273,Gottigere,812.0,1.0,26.0,1.0
4274,KR Puram,1100.0,2.0,43.0,2.0
4275,Whitefield,1180.0,2.0,41.0,2.0
4276,HSR Layout,1145.0,2.0,48.0,2.0
4277,Haralur Road,1027.0,2.0,44.0,2.0
4278,other,1215.0,2.0,49.85,2.0
4279,Hegde Nagar,1200.0,2.0,75.0,2.0
4280,Kenchenahalli,1015.0,2.0,58.0,2.0
4281,Kaggalipura,2400.0,3.0,165.0,3.0
4282,Whitefield,3000.0,4.0,306.0,4.0
4283,7th Phase JP Nagar,3300.0,4.0,160.0,3.0
4284,other,1076.0,2.0,52.0,2.0
4286,Hebbal Kempapura,1300.0,2.0,102.0,2.0
4287,Hosa Road,1512.0,3.0,123.0,3.0
4288,Bhoganhalli,1053.4,3.0,88.91,3.0
4289,Yeshwanthpur,605.0,1.0,41.745,1.0
4290,Hormavu,1153.0,2.0,65.0,2.0
4291,other,2080.0,2.0,150.0,2.0
4292,Hulimavu,1255.0,2.0,69.0,2.0
4294,Marathahalli,1583.0,3.0,109.0,3.0
4295,other,1505.0,2.0,90.0,2.0
4296,Kathriguppe,1365.0,2.0,75.08,3.0
4297,other,1200.0,3.0,95.75,3.0
4298,other,1810.0,4.0,148.0,3.0
4299,Magadi Road,440.0,1.0,35.0,1.0
4300,Subramanyapura,975.0,2.0,63.0,2.0
4301,other,1250.0,2.0,39.0,2.0
4302,other,1530.0,2.0,97.0,3.0
4303,Kereguddadahalli,1300.0,2.0,39.0,3.0
4304,Channasandra,1115.0,2.0,40.0,2.0
4305,Sarjapur  Road,1308.0,2.0,83.0,2.0
4306,Parappana Agrahara,1194.0,2.0,47.0,2.0
4307,Uttarahalli,1490.0,2.0,59.6,3.0
4308,Bannerghatta Road,10000.0,4.0,450.0,4.0
4309,Sarjapur  Road,1592.0,3.0,91.0,3.0
4311,Raja Rajeshwari Nagar,1267.0,2.0,42.85,2.0
4312,Balagere,656.0,1.0,53.0,1.0
4314,Garudachar Palya,4500.0,5.0,400.0,4.0
4315,Chandapura,1200.0,1.0,36.0,2.0
4316,Thanisandra,1698.0,3.0,102.0,3.0
4317,other,1500.0,3.0,70.0,3.0
4318,other,2000.0,5.0,80.0,4.0
4319,Electronic City,1152.0,2.0,65.75,2.0
4320,Raja Rajeshwari Nagar,550.0,1.0,21.0,1.0
4321,Pattandur Agrahara,900.0,2.0,42.0,2.0
4322,other,1410.0,2.0,45.12,3.0
4323,Akshaya Nagar,1419.0,2.0,73.0,3.0
4324,Amruthahalli,1200.0,2.0,55.0,2.0
4325,AECS Layout,1800.0,3.0,65.0,3.0
4326,Gottigere,990.0,2.0,40.0,2.0
4327,Sarjapur  Road,1016.0,2.0,45.0,2.0
4328,Bannerghatta Road,1100.0,2.0,39.0,2.0
4330,Whitefield,1095.0,2.0,35.0,2.0
4331,other,2000.0,3.0,85.0,3.0
4332,Budigere,1444.0,2.0,70.0,2.0
4333,Whitefield,1415.0,2.0,67.0,2.0
4334,other,1500.0,2.0,130.0,3.0
4335,other,1600.0,3.0,72.0,3.0
4336,Whitefield,1105.0,2.0,41.36,2.0
4337,Electronic City,1225.0,3.0,45.03,3.0
4339,Kanakpura Road,1080.0,2.0,37.8,2.0
4340,Dasarahalli,2400.0,3.0,150.0,7.0
4341,Talaghattapura,1856.0,3.0,135.0,3.0
4342,Haralur Road,1464.0,3.0,56.0,3.0
4343,other,2100.0,6.0,71.0,6.0
4344,Sarjapur  Road,1150.0,2.0,77.0,2.0
4346,Whitefield,2094.0,2.0,113.19,3.0
4347,5th Phase JP Nagar,1485.0,2.0,67.0,3.0
4348,other,2500.0,3.0,75.0,3.0
4349,Whitefield,1200.0,2.0,45.0,2.0
4350,Hennur Road,1036.0,2.0,59.46,2.0
4351,Whitefield,3445.0,5.0,270.0,4.0
4352,other,1400.0,2.0,80.0,2.0
4353,Bommanahalli,1110.0,2.0,33.0,2.0
4354,Kodichikkanahalli,1150.0,2.0,48.0,2.0
4355,Kenchenahalli,715.0,1.0,45.0,1.0
4356,Magadi Road,1200.0,4.0,130.0,4.0
4358,Jakkur,2283.0,4.0,130.0,4.0
4360,Hormavu,1453.0,2.0,43.58,3.0
4361,Nagarbhavi,1400.0,2.0,85.0,3.0
4362,Padmanabhanagar,1400.0,3.0,65.0,3.0
4363,Whitefield,1700.0,3.0,140.0,3.0
4364,Kanakpura Road,1591.0,3.0,120.0,3.0
4365,Nagarbhavi,1515.0,2.0,79.0,3.0
4366,Marathahalli,2500.0,3.0,200.0,5.0
4367,Chandapura,975.0,2.0,24.86,2.0
4368,Yeshwanthpur,1382.0,2.0,76.18,3.0
4370,other,1533.0,3.0,150.0,3.0
4372,other,1100.0,2.0,38.0,2.0
4374,Banashankari Stage II,1500.0,2.0,120.0,3.0
4375,Yelahanka,1391.0,2.0,64.5,3.0
4376,Begur Road,1160.0,2.0,42.92,2.0
4377,Chandapura,620.0,1.0,27.0,1.0
4380,Whitefield,4827.0,4.0,400.0,4.0
4381,Kanakpura Road,1482.0,3.0,60.98,3.0
4382,Whitefield,1405.0,2.0,84.5,2.0
4383,Gunjur,1190.0,2.0,40.0,2.0
4384,Harlur,1174.0,2.0,78.0,2.0
4385,Seegehalli,1155.0,2.0,72.0,2.0
4386,Thanisandra,1411.0,3.0,93.04,3.0
4387,other,745.0,2.0,50.0,2.0
4388,Kereguddadahalli,1000.0,2.0,30.0,2.0
4389,Jigani,923.0,2.0,50.0,2.0
4390,Yeshwanthpur,1000.0,2.0,32.0,2.0
4391,Battarahalli,1276.0,2.0,45.0,2.0
4392,other,1460.0,3.0,70.0,3.0
4393,other,1355.0,2.0,95.0,2.0
4394,other,833.0,1.0,49.0,1.0
4397,Ramamurthy Nagar,1200.0,2.0,48.0,2.0
4398,Yeshwanthpur,669.0,1.0,36.85,1.0
4399,7th Phase JP Nagar,2200.0,4.0,105.0,3.0
4400,Koramangala,1594.0,3.0,125.0,3.0
4401,Kothanur,1790.0,3.0,105.0,3.0
4402,NGR Layout,1020.0,2.0,45.0,2.0
4404,other,1037.0,2.0,36.28,2.0
4405,Whitefield,1345.0,2.0,57.0,3.0
4406,Kodichikkanahalli,1070.0,2.0,43.0,2.0
4407,other,3000.0,5.0,270.0,4.0
4408,Yeshwanthpur,1385.0,2.0,76.18,3.0
4409,Kanakpura Road,1207.0,2.0,79.9,2.0
4410,Varthur,1140.0,2.0,55.5,2.0
4411,other,1220.0,2.0,68.0,2.0
4413,Iblur Village,3596.0,5.0,252.0,4.0
4414,Sarjapur  Road,1965.0,3.0,120.0,3.0
4415,Koramangala,1760.0,2.0,115.0,3.0
4416,Haralur Road,1225.0,2.0,70.0,2.0
4417,Marathahalli,1075.0,2.0,52.43,2.0
4418,Panathur,1000.0,2.0,68.0,2.0
4419,Hennur Road,1891.0,3.0,109.0,3.0
4420,Yelahanka,1322.0,2.0,86.0,2.0
4422,Bellandur,3600.0,4.0,260.0,4.0
4423,AECS Layout,1045.0,2.0,36.58,2.0
4424,other,1545.0,3.0,85.0,3.0
4425,Thanisandra,1996.0,3.0,135.0,3.0
4426,Brookefield,1125.0,2.0,70.0,2.0
4427,Mysore Road,1560.0,3.0,115.0,3.0
4428,BEML Layout,2000.0,2.0,85.0,3.0
4429,Murugeshpalya,3100.0,4.0,310.0,4.0
4430,other,780.0,2.0,35.0,2.0
4431,other,1350.0,2.0,110.0,2.0
4432,Sarjapur  Road,2275.0,4.0,180.0,3.0
4433,other,1350.0,2.0,41.0,2.0
4434,Haralur Road,1464.0,3.0,56.0,3.0
4435,Kanakpura Road,1570.0,3.0,64.5,3.0
4436,Dasanapura,708.0,1.0,28.32,1.0
4437,Sarjapur  Road,1680.0,3.0,160.0,3.0
4438,Hoodi,1400.0,2.0,82.0,2.0
4439,Bellandur,1310.0,2.0,72.0,2.0
4440,BTM Layout,3300.0,6.0,165.0,6.0
4441,Electronics City Phase 1,1175.0,2.0,57.0,2.0
4442,Chikkalasandra,1428.0,2.0,80.0,3.0
4444,Whitefield,3252.0,4.0,280.0,4.0
4445,Haralur Road,1194.0,2.0,46.0,2.0
4447,8th Phase JP Nagar,1080.0,2.0,35.0,2.0
4448,other,1200.0,2.0,68.0,3.0
4449,Whitefield,1200.0,2.0,45.0,2.0
4451,Bommasandra Industrial Area,1320.0,2.0,38.13,3.0
4452,Badavala Nagar,1842.0,3.0,115.0,3.0
4453,Sector 2 HSR Layout,1146.0,2.0,55.0,2.0
4454,Rachenahalli,440.0,1.0,28.0,1.0
4455,Sahakara Nagar,1048.0,2.0,50.0,2.0
4456,Thanisandra,1801.0,3.0,115.0,3.0
4457,Hennur Road,1232.0,2.0,69.61,2.0
4458,Whitefield,1150.0,2.0,90.0,2.0
4459,Talaghattapura,1868.0,3.0,120.0,3.0
4460,Begur,1445.0,2.0,47.1,3.0
4461,Hebbal Kempapura,1466.0,2.0,140.0,3.0
4462,Harlur,1730.0,3.0,100.0,3.0
4464,Somasundara Palya,1185.0,2.0,70.0,2.0
4465,Yeshwanthpur,3027.0,4.0,260.0,3.0
4466,Whitefield,2400.0,4.0,147.0,4.0
4467,Kaval Byrasandra,1185.0,2.0,49.0,2.0
4468,other,1150.0,2.0,49.0,2.0
4469,other,2000.0,4.0,180.0,5.0
4471,Pai Layout,1075.0,2.0,35.0,2.0
4472,Hebbal,1760.0,3.0,123.0,3.0
4473,Banashankari,1600.0,2.0,63.98,2.0
4475,Haralur Road,1000.0,2.0,78.0,2.0
4476,7th Phase JP Nagar,1215.0,2.0,90.0,2.0
4477,EPIP Zone,1734.0,3.0,125.0,3.0
4478,Akshaya Nagar,1280.0,2.0,60.0,2.0
4479,Rachenahalli,1113.0,2.0,55.0,2.0
4480,Horamavu Banaswadi,1272.0,2.0,48.0,2.0
4481,Kereguddadahalli,1240.0,3.0,41.0,3.0
4483,Yelahanka,1100.0,2.0,70.0,2.0
4484,Ambalipura,896.0,2.0,30.13,2.0
4485,Rachenahalli,3657.0,5.0,220.0,4.0
4486,BTM 2nd Stage,1200.0,2.0,35.0,2.0
4487,Ramagondanahalli,2800.0,4.0,155.0,4.0
4488,Hebbal,2790.0,4.0,198.0,4.0
4489,Ambalipura,3500.0,3.0,198.0,3.0
4490,Ramamurthy Nagar,3600.0,3.0,150.0,3.0
4491,Sarjapur,1500.0,2.0,30.0,2.0
4493,other,1096.0,2.0,48.0,2.0
4495,other,1094.0,2.0,44.0,2.0
4496,other,1100.0,2.0,49.0,2.0
4497,Iblur Village,2987.5,5.0,191.0,4.0
4499,Nagarbhavi,1145.0,2.0,40.0,2.0
4500,Rachenahalli,1550.0,3.0,74.5,3.0
4501,Seegehalli,1830.0,4.0,82.0,3.0
4502,Hoodi,1746.0,3.0,84.95,3.0
4503,other,1280.0,4.0,115.0,4.0
4504,Kengeri,918.0,2.0,27.54,2.0
4505,Chandapura,645.0,1.0,16.45,1.0
4506,Banashankari Stage III,1305.0,2.0,60.0,3.0
4507,Thigalarapalya,1207.0,2.0,62.0,2.0
4508,Thanisandra,1678.0,3.0,125.0,3.0
4509,Kaggalipura,950.0,2.0,50.0,2.0
4511,Electronic City,1070.0,2.0,55.0,2.0
4512,Ardendale,1732.46,3.0,92.0,3.0
4513,Attibele,1639.0,2.0,40.98,3.0
4514,Marathahalli,1360.0,2.0,103.0,2.0
4515,Malleshpalya,2592.0,4.0,250.0,4.0
4518,Lakshminarayana Pura,1656.0,3.0,150.0,3.0
4519,Sarjapur  Road,985.0,2.0,49.0,2.0
4520,Dodda Nekkundi,1999.0,3.0,135.0,3.0
4521,7th Phase JP Nagar,1050.0,2.0,75.0,2.0
4522,Whitefield,1440.0,2.0,64.0,3.0
4523,Basavangudi,1600.0,2.0,160.0,3.0
4524,Ramagondanahalli,1253.0,2.0,52.66,2.0
4525,other,1200.0,3.0,85.0,3.0
4526,Padmanabhanagar,1360.0,2.0,75.0,3.0
4527,other,1086.0,2.0,47.5,2.0
4528,other,1655.0,3.0,155.0,3.0
4529,Old Madras Road,2600.0,4.0,260.0,4.0
4530,Sarjapur  Road,1418.0,2.0,78.0,2.0
4531,Kalena Agrahara,1270.0,2.0,100.0,2.0
4532,Begur Road,1410.0,2.0,52.17,3.0
4533,other,1150.0,2.0,74.0,2.0
4534,Ramamurthy Nagar,600.0,3.0,45.0,2.0
4535,other,1440.0,3.0,65.8,3.0
4536,other,1200.0,2.0,108.0,3.0
4537,other,1200.0,2.0,75.0,2.0
4538,Begur Road,1410.0,2.0,50.06,3.0
4539,Chandapura,1200.0,5.0,92.0,4.0
4541,Whitefield,624.0,1.0,35.0,1.0
4542,Electronic City,1060.0,2.0,58.0,2.0
4543,Hebbal,3960.0,5.0,386.0,4.0
4544,Whitefield,1200.0,2.0,45.0,2.0
4546,Sarjapur,1917.0,3.0,60.0,4.0
4547,KR Puram,950.0,2.0,40.0,2.0
4548,Channasandra,3040.0,2.0,48.0,2.0
4549,BTM 2nd Stage,1250.0,3.0,50.0,3.0
4550,Vishwapriya Layout,1235.0,2.0,60.0,2.0
4551,Budigere,722.0,1.0,46.0,1.0
4552,Kanakpura Road,2775.0,3.0,165.0,4.0
4553,Sarjapur  Road,1200.0,2.0,93.0,2.0
4554,Bannerghatta Road,1400.0,3.0,68.0,3.0
4555,other,1225.0,3.0,60.0,3.0
4556,Marathahalli,1220.0,2.0,58.5,2.0
4557,Nagavarapalya,705.0,1.0,52.5,1.0
4558,Battarahalli,1880.0,3.0,94.36,3.0
4559,Yelahanka,1200.0,2.0,70.0,2.0
4560,other,1550.0,2.0,60.0,3.0
4561,Lingadheeranahalli,1893.0,3.0,130.0,3.0
4562,other,1650.0,3.0,75.0,3.0
4563,other,1113.0,2.0,46.0,2.0
4566,Sarjapur  Road,1586.0,3.0,70.0,3.0
4567,Seegehalli,4000.0,3.0,235.0,3.0
4568,Yelahanka New Town,1541.0,3.0,80.0,3.0
4569,Haralur Road,1830.0,3.0,101.0,3.0
4570,Kodigehalli,1200.0,2.0,48.0,2.0
4571,other,1800.0,2.0,72.0,3.0
4572,Bommasandra,1015.0,2.0,40.0,2.0
4573,Raja Rajeshwari Nagar,1120.0,2.0,37.95,2.0
4574,Hoodi,706.0,1.0,48.24,1.0
4575,other,1350.0,4.0,85.0,4.0
4577,Kanakpura Road,1900.0,3.0,99.0,3.0
4579,Seegehalli,3000.0,5.0,150.0,4.0
4580,Bisuvanahalli,1075.0,2.0,42.0,3.0
4581,Kanakpura Road,1290.0,2.0,80.0,2.0
4582,Akshaya Nagar,1200.0,2.0,50.0,2.0
4583,Hormavu,1150.0,2.0,53.11,2.0
4584,Uttarahalli,1360.0,2.0,61.2,3.0
4586,other,935.0,2.0,32.73,2.0
4587,Cox Town,1730.0,3.0,140.0,3.0
4588,Sarjapur  Road,1260.0,2.0,53.0,2.0
4591,Marathahalli,950.0,2.0,45.68,2.0
4593,other,2500.0,5.0,120.0,5.0
4594,Hegde Nagar,3216.0,5.0,300.0,4.0
4596,Budigere,1991.0,4.0,88.0,3.0
4597,Sarjapur  Road,1115.0,2.0,60.0,2.0
4598,Koramangala,1900.0,3.0,150.0,3.0
4599,Whitefield,1109.0,2.0,41.49,2.0
4600,Rajiv Nagar,2340.0,5.0,129.0,4.0
4603,9th Phase JP Nagar,1005.0,2.0,43.0,2.0
4604,Kengeri,416.0,1.0,19.5,1.0
4605,1st Phase JP Nagar,1394.0,2.0,100.0,2.0
4606,Harlur,2138.0,3.0,110.0,3.0
4608,Nagavarapalya,1300.0,3.0,80.0,3.0
4609,Thanisandra,1265.0,2.0,82.0,2.0
4610,other,1140.0,2.0,52.0,2.0
4611,other,1050.0,2.0,40.0,2.0
4612,Thanisandra,1100.0,2.0,48.0,2.0
4613,Varthur,1012.0,2.0,59.0,2.0
4614,Varthur,1600.0,4.0,112.0,4.0
4615,Yelahanka,1326.0,2.0,57.0,2.0
4616,Hebbal Kempapura,1654.0,2.0,85.0,3.0
4618,Chikkalasandra,1070.0,2.0,42.8,2.0
4619,Whitefield,1700.0,3.0,95.0,3.0
4621,Kogilu,1140.0,2.0,50.66,2.0
4622,Whitefield,4960.0,4.0,400.0,4.0
4623,Talaghattapura,2254.0,3.0,170.0,3.0
4624,Kanakapura,945.0,2.0,47.0,2.0
4625,Begur Road,2462.0,6.0,150.0,4.0
4627,Marathahalli,615.0,1.0,44.0,1.0
4628,Ramamurthy Nagar,1110.0,2.0,65.0,2.0
4630,Electronic City,1025.0,2.0,54.1,2.0
4631,other,1758.0,3.0,95.0,3.0
4633,Kaikondrahalli,1342.0,3.0,92.0,3.0
4634,Kalyan nagar,1800.0,3.0,85.0,3.0
4635,Whitefield,2928.0,4.0,198.0,4.0
4636,Doddathoguru,1140.0,2.0,32.0,2.0
4637,Raja Rajeshwari Nagar,1608.0,2.0,85.0,2.0
4638,Kadugodi,1645.0,2.0,82.0,3.0
4639,Ramamurthy Nagar,1410.0,2.0,56.4,3.0
4640,Harlur,1200.0,2.0,52.0,2.0
4641,8th Phase JP Nagar,1275.0,2.0,41.5,3.0
4643,other,909.0,2.0,40.0,3.0
4644,other,1200.0,3.0,85.0,2.0
4645,Kalyan nagar,1080.0,2.0,73.0,2.0
4646,other,1200.0,2.0,34.0,2.0
4647,Akshaya Nagar,1092.0,2.0,60.0,2.0
4648,Jalahalli,1932.0,4.0,135.0,3.0
4649,KR Puram,1156.0,2.0,72.0,2.0
4650,Bellandur,924.0,2.0,35.11,2.0
4651,Thubarahalli,1330.0,2.0,75.0,2.0
4652,Thanisandra,1917.0,4.0,113.0,3.0
4653,Chandapura,985.0,2.0,25.12,2.0
4657,Kodigehalli,655.0,1.0,53.0,1.0
4658,other,1800.0,3.0,140.0,3.0
4659,Margondanahalli,1360.0,2.0,45.0,4.0
4660,Bellandur,1785.0,3.0,118.0,3.0
4661,Kadugodi,4000.0,7.0,130.0,7.0
4662,Hebbal,1645.0,3.0,120.0,3.0
4663,Gottigere,1235.0,2.0,63.0,2.0
4664,Anandapura,900.0,2.0,48.0,2.0
4665,Thanisandra,662.0,1.0,42.0,1.0
4667,Whitefield,1215.0,2.0,62.0,2.0
4668,Bisuvanahalli,845.0,2.0,37.0,2.0
4669,Sarjapur  Road,1525.0,2.0,87.0,3.0
4670,other,1000.0,2.0,48.0,2.0
4671,Hebbal,1255.0,2.0,90.0,3.0
4672,Mysore Road,1560.0,3.0,120.0,3.0
4673,Kasavanhalli,2100.0,3.0,110.0,3.0
4674,Kodichikkanahalli,1620.0,2.0,85.0,3.0
4675,Marathahalli,1595.0,3.0,90.0,3.0
4676,other,1095.0,2.0,38.52,2.0
4677,9th Phase JP Nagar,835.0,2.0,37.0,2.0
4678,Hennur Road,2182.0,3.0,72.04,3.0
4679,Thigalarapalya,1418.0,2.0,106.0,2.0
4680,Sanjay nagar,1900.0,2.0,180.0,3.0
4681,Whitefield,2700.0,5.0,175.0,3.0
4682,BTM 2nd Stage,1070.0,2.0,48.0,2.0
4685,Electronics City Phase 1,755.0,1.0,42.41,1.0
4686,Hebbal,1645.0,3.0,117.0,3.0
4687,Sarjapur,2400.0,3.0,190.0,3.0
4688,Chandapura,645.0,1.0,16.45,1.0
4689,other,3900.0,4.0,333.0,4.0
4690,other,2400.0,4.0,200.0,3.0
4692,Electronics City Phase 1,919.0,2.0,28.0,2.0
4693,Bannerghatta Road,1725.0,3.0,110.0,3.0
4694,Sarjapur  Road,1346.0,2.0,71.32,2.0
4695,Electronic City Phase II,1070.0,2.0,45.0,2.0
4696,Begur Road,1225.0,2.0,35.52,2.0
4698,Neeladri Nagar,640.0,1.0,20.5,1.0
4699,Chikkalasandra,1310.0,2.0,52.4,3.0
4700,Kanakapura,1190.0,2.0,39.0,2.0
4701,other,1645.0,3.0,87.5,3.0
4702,Marathahalli,1350.0,2.0,89.0,2.0
4703,Vittasandra,1404.0,2.0,68.8,2.0
4704,Electronic City,1105.0,2.0,35.0,3.0
4705,Kanakpura Road,900.0,2.0,41.0,2.0
4707,Dodda Nekkundi,1100.0,2.0,41.15,2.0
4708,Thanisandra,2100.0,4.0,95.0,4.0
4709,Thanisandra,1948.0,3.0,130.0,3.0
4710,Singasandra,1464.0,3.0,56.0,3.0
4711,Raja Rajeshwari Nagar,1210.0,2.0,45.0,2.0
4712,Yelahanka,4000.0,5.0,220.0,5.0
4713,other,1252.0,2.0,55.0,2.0
4715,Sarjapur  Road,3905.0,7.0,290.0,5.0
4716,other,2600.0,3.0,140.0,3.0
4717,7th Phase JP Nagar,1300.0,3.0,89.13,3.0
4718,7th Phase JP Nagar,1130.0,2.0,73.0,2.0
4720,Thanisandra,1690.0,3.0,125.0,3.0
4721,Padmanabhanagar,4500.0,4.0,360.0,3.0
4722,other,950.0,2.0,60.0,2.0
4723,Marathahalli,1020.0,2.0,57.0,2.0
4724,other,2107.0,4.0,95.0,4.0
4725,Marathahalli,1735.0,3.0,72.0,3.0
4726,Sarjapur  Road,915.0,2.0,37.0,2.0
4727,other,1450.0,3.0,68.0,3.0
4728,Thigalarapalya,2215.0,4.0,156.0,3.0
4729,other,2431.0,3.0,100.0,3.0
4730,Hennur Road,1804.0,3.0,102.0,3.0
4731,Marathahalli,1600.0,3.0,88.0,2.0
4732,Uttarahalli,1280.0,2.0,75.0,2.0
4733,Hebbal,1255.0,3.0,77.68,3.0
4735,Hoodi,1257.0,2.0,69.0,2.0
4736,Raja Rajeshwari Nagar,1240.0,2.0,53.27,2.0
4738,Bannerghatta Road,1850.0,6.0,150.0,6.0
4739,Hulimavu,1255.0,2.0,66.0,2.0
4740,Ananth Nagar,870.0,2.0,36.0,2.0
4741,Tumkur Road,1789.0,3.0,98.0,3.0
4743,Electronic City,660.0,1.0,18.0,2.0
4745,other,1155.0,2.0,56.0,2.0
4746,R.T. Nagar,1235.0,2.0,65.0,2.0
4747,Yelahanka,2675.0,4.0,140.0,4.0
4748,CV Raman Nagar,1025.0,2.0,50.0,2.0
4749,Raja Rajeshwari Nagar,1395.0,2.0,72.0,3.0
4750,Rachenahalli,1530.0,2.0,74.4,3.0
4751,Dodda Nekkundi,1252.0,2.0,71.0,3.0
4752,Hennur Road,1081.0,2.0,30.27,2.0
4754,Ardendale,2062.0,3.0,150.0,4.0
4755,Choodasandra,1220.0,3.0,56.0,3.0
4756,Jigani,1408.0,2.0,55.0,3.0
4757,Bisuvanahalli,1180.0,2.0,60.0,3.0
4758,Sarjapur  Road,715.0,1.0,29.0,1.0
4759,Sarjapur  Road,1230.0,2.0,94.5,2.0
4760,Kaggadasapura,1035.0,2.0,45.5,2.0
4761,EPIP Zone,3360.0,5.0,225.0,4.0
4762,Kathriguppe,1300.0,3.0,77.99,3.0
4763,Kanakpura Road,1100.0,3.0,52.97,3.0
4764,Whitefield,1216.0,2.0,84.0,2.0
4765,other,1450.0,2.0,62.63,2.0
4766,Nagavarapalya,705.0,1.0,57.0,1.0
4767,Gottigere,1385.0,3.0,64.0,3.0
4768,Anekal,1200.0,2.0,36.1,2.0
4769,Electronic City Phase II,1310.0,2.0,32.75,3.0
4770,Sarjapur  Road,1043.0,2.0,39.5,2.0
4773,Varthur,1140.0,2.0,39.9,2.0
4774,Kadugodi,1100.0,2.0,45.0,2.0
4775,Hebbal,1586.0,3.0,90.0,3.0
4776,Chandapura,975.0,2.0,24.86,2.0
4777,other,1365.0,3.0,60.0,2.0
4779,Begur Road,1565.0,2.0,59.76,3.0
4781,Whitefield,2882.0,5.0,204.0,4.0
4782,Hennur Road,2320.0,3.0,170.0,3.0
4783,Sarjapur  Road,1750.0,3.0,99.0,3.0
4784,Kudlu,1143.0,2.0,55.0,2.0
4785,Hennur Road,1936.0,3.0,118.0,3.0
4786,Electronic City,660.0,1.0,15.0,2.0
4787,Chandapura,700.0,1.0,19.0,2.0
4788,other,1402.0,2.0,85.0,3.0
4790,Electronic City,1000.0,2.0,41.0,2.0
4791,Gottigere,1000.0,2.0,35.0,2.0
4792,Kengeri Satellite Town,818.0,2.0,26.0,2.0
4793,Bommenahalli,1680.0,3.0,135.0,4.0
4794,Kalyan nagar,2422.0,3.0,150.0,4.0
4796,Chandapura,1190.0,2.0,30.35,3.0
4797,Sarjapur  Road,1145.0,2.0,62.0,2.0
4798,Somasundara Palya,1575.0,3.0,68.0,3.0
4799,Bannerghatta Road,9000.0,4.0,390.0,3.0
4800,Thanisandra,1200.0,2.0,46.0,2.0
4801,Yelahanka,1500.0,2.0,63.0,3.0
4802,Ramamurthy Nagar,2560.0,4.0,75.0,4.0
4803,Kothanur,1583.0,3.0,76.1,3.0
4804,Kanakpura Road,700.0,2.0,34.98,2.0
4805,Bannerghatta Road,950.0,2.0,38.0,2.0
4806,Banashankari,1041.0,2.0,36.44,2.0
4807,Thubarahalli,1085.0,2.0,70.0,2.0
4808,Anjanapura,1070.0,2.0,37.0,2.0
4809,Raja Rajeshwari Nagar,1165.0,2.0,45.0,2.0
4810,Bommasandra,1000.0,2.0,35.0,2.0
4811,Horamavu Agara,1169.0,2.0,64.0,2.0
4813,Whitefield,1840.0,3.0,140.0,3.0
4814,other,1550.0,3.0,75.0,3.0
4815,Kaval Byrasandra,997.0,2.0,53.0,2.0
4816,Gunjur,1457.0,2.0,60.0,2.0
4817,ISRO Layout,1000.0,2.0,60.0,2.0
4818,KR Puram,1000.0,2.0,60.0,2.0
4819,Sarjapur  Road,1500.0,3.0,88.0,3.0
4821,Lakshminarayana Pura,1165.0,2.0,75.0,2.0
4823,Kasavanhalli,1787.0,3.0,123.0,3.0
4824,Raja Rajeshwari Nagar,1288.0,2.0,70.0,3.0
4825,Thanisandra,1430.0,2.0,54.11,3.0
4826,Hulimavu,3035.0,5.0,271.0,3.0
4827,Doddathoguru,750.0,1.0,25.5,1.0
4829,Channasandra,1200.0,3.0,67.77,3.0
4830,Electronic City,1500.0,2.0,78.0,3.0
4831,Ambalipura,1230.0,2.0,66.25,2.0
4832,Marathahalli,780.0,1.0,55.0,1.0
4833,Bannerghatta Road,1220.0,2.0,80.0,2.0
4834,Kanakpura Road,1110.0,2.0,43.0,2.0
4837,Akshaya Nagar,1690.0,3.0,85.0,3.0
4838,Bannerghatta Road,1130.0,2.0,78.0,2.0
4839,Electronic City,1213.0,2.0,59.32,2.0
4840,Kengeri,900.0,2.0,45.0,2.0
4841,Panathur,1199.0,2.0,85.0,2.0
4842,other,5000.0,4.0,290.0,4.0
4843,Bhoganhalli,2072.5,2.0,111.0,4.0
4845,Uttarahalli,661.0,1.0,36.0,1.0
4847,Marathahalli,1710.0,3.0,100.0,3.0
4848,Kengeri Satellite Town,1030.0,2.0,50.0,2.0
4849,Choodasandra,1220.0,3.0,56.0,3.0
4850,Marathahalli,1530.0,3.0,73.5,3.0
4851,Ramamurthy Nagar,1200.0,2.0,78.0,2.0
4852,other,2000.0,3.0,85.0,3.0
4853,Nagarbhavi,300.0,1.0,20.0,1.0
4854,Green Glen Layout,1751.0,2.0,115.0,3.0
4856,Panathur,1255.0,2.0,79.0,2.0
4857,Whitefield,1778.0,3.0,122.0,3.0
4858,other,1100.0,2.0,45.0,2.0
4859,Hennur Road,1480.0,2.0,65.0,2.0
4860,Marathahalli,1358.0,2.0,81.0,2.0
4861,Electronics City Phase 1,580.0,1.0,27.0,1.0
4862,Choodasandra,1197.0,2.0,63.0,2.0
4864,Lingadheeranahalli,1705.0,3.0,110.0,3.0
4865,Electronic City Phase II,1310.0,2.0,37.83,3.0
4866,Hoodi,1132.0,2.0,67.9,2.0
4868,other,814.0,2.0,55.0,2.0
4869,Electronic City,1575.0,3.0,90.0,3.0
4870,Pattandur Agrahara,1302.0,2.0,66.0,2.0
4871,Sultan Palaya,1800.0,8.0,175.0,6.0
4872,Hegde Nagar,2006.8,4.0,196.0,3.0
4873,other,1100.0,2.0,44.0,2.0
4875,other,830.0,2.0,37.0,2.0
4876,Electronic City,435.0,1.0,19.5,1.0
4877,other,1590.0,3.0,120.0,3.0
4878,Electronic City Phase II,1140.0,2.0,33.06,2.0
4879,Kasavanhalli,1090.0,2.0,59.8,2.0
4880,Thanisandra,1922.0,3.0,106.0,3.0
4881,Thanisandra,965.0,2.0,67.0,2.0
4882,Mysore Road,883.0,2.0,40.95,2.0
4883,8th Phase JP Nagar,1062.0,2.0,42.47,2.0
4884,Electronic City Phase II,1089.0,2.0,32.67,2.0
4885,Babusapalaya,1358.0,2.0,43.1,3.0
4886,Hoodi,1108.0,2.0,87.0,2.0
4887,Harlur,1197.0,2.0,79.0,2.0
4888,Sarjapur  Road,1190.0,2.0,50.0,2.0
4890,Vijayanagar,1749.0,3.0,117.0,3.0
4892,Kasavanhalli,1691.0,3.0,104.0,3.0
4893,Electronic City,1449.0,3.0,100.0,3.0
4894,Bommanahalli,1625.0,2.0,87.72,3.0
4895,Whitefield,1400.0,2.0,80.0,2.0
4896,Electronic City,1310.0,2.0,37.83,3.0
4897,other,1100.0,2.0,48.0,2.0
4898,other,1230.0,2.0,53.51,3.0
4899,Green Glen Layout,1750.0,3.0,130.0,3.0
4900,7th Phase JP Nagar,1450.0,3.0,100.0,3.0
4901,Haralur Road,1810.0,3.0,126.0,3.0
4902,Vittasandra,1246.0,2.0,62.3,2.0
4903,Brookefield,1420.0,3.0,85.0,3.0
4904,Old Airport Road,2658.0,5.0,187.0,4.0
4905,other,1450.0,2.0,89.6,3.0
4907,other,1367.0,2.0,62.0,2.0
4908,Talaghattapura,2254.0,3.0,170.0,3.0
4909,Begur Road,1160.0,2.0,42.0,2.0
4911,Kadugodi,1711.0,3.0,75.0,3.0
4913,Raja Rajeshwari Nagar,1120.0,2.0,37.97,2.0
4914,Kaggalipura,950.0,2.0,47.0,2.0
4917,Kanakpura Road,1225.0,2.0,60.0,2.0
4918,TC Palaya,1200.0,2.0,66.0,3.0
4919,other,1340.0,2.0,77.0,2.0
4920,Sarjapur  Road,1846.0,3.0,145.0,3.0
4921,Dodda Nekkundi,1155.0,2.0,46.0,2.0
4922,Balagere,1205.0,2.0,70.0,2.0
4923,Thanisandra,1140.0,2.0,36.0,2.0
4924,Raja Rajeshwari Nagar,1140.0,2.0,38.65,2.0
4925,Jalahalli East,1300.0,2.0,63.0,3.0
4926,Bellandur,1051.0,2.0,60.0,2.0
4927,Uttarahalli,1134.0,2.0,45.36,2.0
4930,other,1135.0,2.0,32.91,2.0
4931,other,1745.0,3.0,77.0,3.0
4933,other,1665.0,3.0,105.0,3.0
4934,other,1220.0,2.0,48.79,2.0
4935,Kanakpura Road,1868.0,3.0,113.0,3.0
4937,other,2300.0,4.0,200.0,4.0
4938,other,1210.0,2.0,76.0,2.0
4939,Ambalipura,1351.0,2.0,77.0,2.0
4940,Hebbal,1636.0,3.0,119.0,3.0
4942,Haralur Road,1464.0,2.0,56.0,2.0
4943,Attibele,418.0,1.0,12.0,1.0
4944,Kanakpura Road,1339.0,2.0,62.0,2.0
4945,Bannerghatta,2370.0,4.0,195.0,3.0
4946,Rachenahalli,1530.0,2.0,74.5,3.0
4947,other,1100.0,2.0,46.0,2.0
4948,7th Phase JP Nagar,1350.0,3.0,58.0,3.0
4949,Marathahalli,1290.0,2.0,52.0,2.0
4950,Bommasandra Industrial Area,1220.0,2.0,35.23,3.0
4951,Sarjapur  Road,1846.0,3.0,155.0,3.0
4952,Hegde Nagar,1847.0,3.0,135.0,3.0
4954,Hoodi,1430.0,2.0,110.0,2.0
4955,Old Madras Road,935.0,2.0,45.0,2.0
4956,Attibele,1350.0,3.0,85.0,3.0
4958,Hennur Road,1590.0,3.0,96.5,3.0
4959,other,1286.0,3.0,67.0,3.0
4960,other,1141.0,2.0,40.0,2.0
4964,Harlur,1749.0,3.0,112.0,3.0
4966,other,1140.0,2.0,45.0,2.0
4967,Bommenahalli,1632.0,3.0,128.0,4.0
4968,Ramamurthy Nagar,1000.0,2.0,41.0,3.0
4969,other,1065.0,2.0,58.0,2.0
4970,Haralur Road,1520.0,2.0,96.0,3.0
4971,Bisuvanahalli,1075.0,2.0,43.0,3.0
4973,Gubbalala,1539.0,2.0,52.36,3.0
4975,HBR Layout,1004.0,2.0,49.0,2.0
4976,Ramagondanahalli,1295.0,2.0,95.0,2.0
4977,Thanisandra,1098.0,2.0,74.0,2.0
4978,Kothanur,1070.0,2.0,45.5,2.0
4979,Hosa Road,1016.0,2.0,40.0,2.0
4980,Bellandur,1450.0,3.0,68.0,3.0
4981,Yelahanka,654.0,1.0,37.0,1.0
4983,Yelachenahalli,1080.0,2.0,38.0,2.0
4984,Vijayanagar,1046.0,2.0,75.0,2.0
4985,Domlur,1950.0,3.0,165.0,3.0
4986,Bhoganhalli,1610.0,3.0,84.53,3.0
4987,Doddakallasandra,2493.0,3.0,115.0,3.0
4988,Ramagondanahalli,1151.0,2.0,50.5,2.0
4989,Electronic City,1125.0,2.0,58.0,2.0
4990,Kammasandra,992.0,2.0,25.79,2.0
4991,1st Block Jayanagar,1000.0,3.0,60.0,2.0
4993,Bommanahalli,1850.0,3.0,90.0,3.0
4994,Harlur,1174.0,2.0,75.0,2.0
4995,Hebbal,2661.0,2.0,226.5,3.0
4996,Sultan Palaya,1100.0,2.0,45.0,2.0
4997,Raja Rajeshwari Nagar,1095.0,2.0,38.33,2.0
5000,other,1082.0,2.0,42.0,3.0
5001,Uttarahalli,1350.0,2.0,47.24,3.0
5002,Kadugodi,1314.0,2.0,78.0,2.0
5003,other,1290.0,2.0,40.63,2.0
5004,Kaggadasapura,1010.0,2.0,55.0,2.0
5005,Shivaji Nagar,2200.0,2.0,110.0,2.0
5006,other,1636.0,3.0,97.0,3.0
5007,9th Phase JP Nagar,1050.0,2.0,39.0,2.0
5009,Haralur Road,1520.0,2.0,125.0,3.0
5010,5th Phase JP Nagar,2500.0,5.0,110.0,5.0
5011,Sarjapur  Road,1067.0,2.0,60.0,2.0
5012,NRI Layout,1060.0,2.0,35.0,2.0
5013,Bommasandra,955.0,2.0,35.28,2.0
5014,Thigalarapalya,1418.0,2.0,104.0,2.0
5016,Anekal,700.0,1.0,19.4,2.0
5017,Kanakpura Road,1366.0,2.0,83.0,2.0
5018,Electronic City,1090.0,2.0,35.03,2.0
5019,Jigani,1250.0,3.0,58.0,3.0
5021,Electronics City Phase 1,950.0,2.0,33.0,2.0
5023,Yelahanka,1250.0,2.0,40.0,2.0
5025,Badavala Nagar,1494.0,2.0,94.55,3.0
5026,Hennur Road,1445.0,2.0,105.0,3.0
5027,Kundalahalli,1397.0,3.0,105.0,3.0
5028,Vijayanagar,606.0,1.0,40.0,1.0
5029,Gollarapalya Hosahalli,861.0,2.0,34.5,2.0
5030,Devarachikkanahalli,1170.0,2.0,40.0,2.0
5032,Marathahalli,1205.0,2.0,75.0,2.0
5035,Dommasandra,1153.0,2.0,43.5,2.0
5037,Old Madras Road,4500.0,7.0,294.0,5.0
5038,Vijayanagar,1200.0,2.0,62.0,2.0
5039,other,1450.0,3.0,42.0,3.0
5040,Budigere,1139.0,2.0,60.0,2.0
5041,Green Glen Layout,1530.0,3.0,105.0,3.0
5043,Electronic City,1575.0,3.0,101.0,3.0
5044,Whitefield,650.0,1.0,25.0,1.0
5045,other,1120.0,2.0,40.0,2.0
5046,Akshaya Nagar,1700.0,3.0,80.0,3.0
5047,Varthur,1090.0,2.0,48.0,2.0
5048,Akshaya Nagar,1897.0,4.0,93.0,3.0
5049,other,1200.0,3.0,72.0,3.0
5050,Kanakpura Road,700.0,2.0,40.0,2.0
5051,Thanisandra,1437.0,2.0,71.13,2.0
5052,Ambedkar Nagar,1856.0,3.0,120.0,3.0
5053,other,1500.0,2.0,65.0,3.0
5054,Hennur Road,1036.0,2.0,59.45,2.0
5055,other,3000.0,8.0,90.0,6.0
5056,Mico Layout,1125.0,2.0,40.0,2.0
5057,Uttarahalli,1320.0,2.0,55.44,3.0
5059,Electronic City,660.0,1.0,16.0,2.0
5060,Marathahalli,1730.0,3.0,110.0,3.0
5062,Talaghattapura,1804.0,3.0,115.0,3.0
5063,Thanisandra,1795.0,3.0,140.0,3.0
5064,7th Phase JP Nagar,1050.0,2.0,50.0,2.0
5065,Dasarahalli,2100.0,3.0,120.0,3.0
5066,Rayasandra,1199.0,2.0,48.5,3.0
5068,other,1100.0,2.0,47.0,2.0
5069,other,1000.0,1.0,75.0,2.0
5070,Kanakapura,1254.0,2.0,70.0,3.0
5072,Electronics City Phase 1,940.0,2.0,49.0,2.0
5073,BTM 2nd Stage,1280.0,2.0,80.0,2.0
5074,Whitefield,2155.0,3.0,125.0,4.0
5075,Sarjapur  Road,3200.0,5.0,140.0,5.0
5076,Kasavanhalli,4260.0,4.0,272.0,4.0
5077,Hebbal,1255.0,2.0,95.0,3.0
5078,other,1388.0,3.0,69.99,3.0
5079,Whitefield,905.0,1.0,52.0,1.0
5080,other,1176.0,2.0,44.0,2.0
5081,Uttarahalli,1390.0,2.0,61.16,3.0
5083,Sahakara Nagar,1160.0,2.0,55.0,2.0
5084,Seegehalli,2800.0,4.0,140.0,4.0
5086,Marathahalli,1583.0,3.0,115.0,3.0
5087,Jigani,1252.0,3.0,63.0,3.0
5088,other,1170.0,2.0,86.0,2.0
5089,Bannerghatta Road,1350.0,2.0,51.0,3.0
5090,Gottigere,1075.0,2.0,30.0,2.0
5091,Hosa Road,972.0,2.0,40.0,2.0
5092,Bannerghatta Road,1486.0,3.0,83.22,3.0
5094,other,4830.0,5.0,390.0,4.0
5097,Hebbal,2790.0,4.0,198.0,4.0
5098,Sarjapur  Road,2383.0,5.0,215.0,4.0
5099,other,1103.0,2.0,55.0,2.0
5100,Rayasandra,1577.0,3.0,67.0,3.0
5101,Yelahanka,1465.0,3.0,80.01,3.0
5102,other,1600.0,3.0,64.0,3.0
5103,Uttarahalli,1090.0,2.0,45.0,2.0
5104,Yelahanka,1721.0,3.0,80.86,3.0
5105,other,1100.0,2.0,55.0,2.0
5106,Varthur,1450.0,3.0,71.0,3.0
5107,Battarahalli,1071.0,2.0,62.0,2.0
5108,Old Madras Road,2266.0,3.0,169.0,3.0
5109,other,2065.0,3.0,130.0,3.0
5110,Kanakpura Road,1800.0,3.0,90.0,3.0
5113,Hormavu,1123.0,2.0,56.0,2.0
5114,Akshaya Nagar,1884.0,3.0,98.0,3.0
5116,Lakshminarayana Pura,1145.0,2.0,75.0,2.0
5117,Hebbal,1328.0,2.0,60.0,3.0
5118,Subramanyapura,950.0,2.0,55.0,2.0
5119,other,1250.0,2.0,59.0,2.0
5120,other,1115.0,2.0,46.0,2.0
5121,Gollarapalya Hosahalli,1318.0,3.0,54.0,3.0
5122,JP Nagar,3300.0,4.0,160.0,3.0
5123,Kalyan nagar,1280.0,2.0,48.0,2.0
5124,Whitefield,1230.0,2.0,59.0,2.0
5125,Raja Rajeshwari Nagar,1420.0,2.0,60.0,3.0
5126,Kasavanhalli,2111.0,4.0,120.0,3.0
5127,Vidyaranyapura,1100.0,2.0,54.0,2.0
5128,Harlur,1750.0,3.0,136.0,3.0
5130,Shampura,700.0,1.0,35.0,2.0
5131,Uttarahalli,1050.0,2.0,42.0,2.0
5132,Uttarahalli,1235.0,2.0,90.0,2.0
5133,Yeshwanthpur,1200.0,2.0,63.0,2.0
5134,Kengeri,900.0,2.0,30.0,2.0
5135,Thanisandra,1146.0,2.0,38.0,2.0
5136,Yeshwanthpur,1200.0,4.0,110.0,4.0
5137,Banashankari,2400.0,1.0,200.0,1.0
5139,Devarachikkanahalli,615.0,1.0,24.0,1.0
5140,Mysore Road,1070.0,2.0,49.65,2.0
5142,Poorna Pragna Layout,1355.0,2.0,58.25,3.0
5143,other,3080.0,2.0,285.0,4.0
5144,Kundalahalli,1800.0,3.0,80.0,3.0
5145,Begur Road,1400.0,2.0,50.06,3.0
5146,Uttarahalli,1123.0,2.0,48.0,2.0
5147,Konanakunte,1200.0,2.0,130.0,4.0
5148,Kengeri,787.0,2.0,31.0,2.0
5149,Kambipura,1082.0,2.0,45.0,3.0
5150,Seegehalli,1096.0,2.0,41.0,2.0
5153,other,1130.0,2.0,52.0,2.0
5154,Electronic City,550.0,1.0,12.0,1.0
5155,Mahadevpura,1058.0,2.0,85.0,2.0
5156,Hebbal,1269.0,2.0,73.0,3.0
5159,Kanakpura Road,2689.0,6.0,245.0,4.0
5160,Hennur Road,1976.0,3.0,65.21,3.0
5161,Kothanur,1820.0,3.0,77.0,3.0
5162,Uttarahalli,1329.0,2.0,56.0,3.0
5163,Kathriguppe,1350.0,2.0,80.99,3.0
5165,Whitefield,1205.0,2.0,40.0,2.0
5167,Kanakpura Road,1339.0,2.0,71.5,2.0
5168,Uttarahalli,938.0,2.0,35.0,2.0
5169,other,450.0,1.0,25.0,1.0
5170,BTM 2nd Stage,1100.0,2.0,70.0,2.0
5172,Yelahanka,1060.0,2.0,40.0,2.0
5173,Whitefield,1125.0,2.0,40.0,2.0
5174,Whitefield,810.0,1.0,21.0,1.0
5175,Bellandur,1060.0,2.0,65.0,2.0
5176,Anandapura,1749.0,4.0,90.0,4.0
5177,Sahakara Nagar,1200.0,2.0,75.0,3.0
5178,other,1100.0,2.0,85.0,2.0
5179,Rachenahalli,680.0,1.0,32.64,1.0
5182,Hoodi,1925.0,3.0,110.0,3.0
5183,Kengeri,502.0,1.0,25.0,1.0
5184,Bommenahalli,3339.0,3.0,250.0,3.0
5185,Begur,1475.0,2.0,74.0,3.0
5187,other,966.0,2.0,49.0,2.0
5189,Haralur Road,1300.0,2.0,75.0,2.0
5190,other,4400.0,4.0,350.0,5.0
5191,Kogilu,1559.0,3.0,120.0,3.0
5192,Vittasandra,1246.0,2.0,63.0,2.0
5194,Begur Road,1410.0,2.0,53.58,3.0
5195,Varthur Road,1300.0,3.0,75.0,4.0
5196,Kanakpura Road,1339.0,2.0,58.0,2.0
5198,Channasandra,1104.0,2.0,35.5,2.0
5199,Sultan Palaya,900.0,2.0,45.0,2.0
5200,other,1550.0,2.0,79.0,3.0
5201,Kanakpura Road,670.0,1.0,35.0,1.0
5202,Jakkur,1483.0,2.0,98.0,2.0
5203,other,1540.0,2.0,70.0,3.0
5205,Hennur,1255.0,2.0,54.5,2.0
5208,Bannerghatta Road,1460.0,2.0,75.0,3.0
5209,Devarachikkanahalli,1230.0,2.0,58.0,2.0
5210,Kanakpura Road,1340.0,2.0,60.0,2.0
5211,Yelenahalli,1600.0,3.0,61.37,3.0
5212,Hegde Nagar,2162.0,3.0,200.0,3.0
5213,Electronic City,919.0,2.0,40.0,2.0
5214,other,1070.0,2.0,38.9,2.0
5215,Hosur Road,1733.0,2.0,85.0,3.0
5216,Jigani,1221.0,3.0,72.0,3.0
5217,other,1041.0,2.0,36.44,2.0
5218,Ambalipura,2550.0,4.0,149.0,4.0
5219,Shampura,1400.0,3.0,70.0,3.0
5220,Anjanapura,600.0,2.0,55.0,1.0
5221,Nagarbhavi,710.0,2.0,40.0,1.0
5222,Electronic City,1500.0,2.0,78.25,3.0
5223,Thigalarapalya,3122.0,6.0,237.0,4.0
5224,Akshaya Nagar,2061.0,3.0,175.0,3.0
5226,Hebbal,1255.0,2.0,95.0,3.0
5227,Malleshwaram,2425.0,7.0,140.0,7.0
5228,Electronic City Phase II,1031.0,2.0,55.0,2.0
5229,Balagere,1210.0,2.0,74.0,2.0
5230,Anjanapura,950.0,2.0,40.0,2.0
5232,Hosa Road,1161.0,2.0,55.15,2.0
5233,Raja Rajeshwari Nagar,1303.0,2.0,44.17,2.0
5234,Thigalarapalya,1418.0,2.0,105.0,2.0
5235,Kengeri Satellite Town,1200.0,2.0,65.0,2.0
5236,Basavangudi,1825.0,3.0,175.0,3.0
5237,Bannerghatta Road,1015.0,2.0,48.0,2.0
5238,other,1150.0,2.0,60.0,3.0
5239,Singasandra,1010.0,2.0,40.0,2.0
5240,other,1508.0,3.0,75.0,3.0
5241,7th Phase JP Nagar,1275.0,2.0,87.0,2.0
5242,7th Phase JP Nagar,1460.0,3.0,70.0,3.0
5243,Old Airport Road,946.0,2.0,58.0,2.0
5244,other,1110.0,2.0,58.0,2.0
5245,Hennur Road,1832.0,3.0,125.0,3.0
5246,Hebbal,1088.0,2.0,61.45,2.0
5247,Thanisandra,1564.0,3.0,104.0,3.0
5248,Kadugodi,1030.0,2.0,35.02,2.0
5249,9th Phase JP Nagar,660.0,2.0,27.0,2.0
5250,Sarjapur  Road,1700.0,3.0,95.0,3.0
5252,Panathur,1205.0,2.0,62.9,2.0
5253,other,1950.0,3.0,90.0,3.0
5254,other,1080.0,2.0,62.0,2.0
5255,Ardendale,2800.0,4.0,140.0,4.0
5256,other,999.0,2.0,43.66,2.0
5258,Kanakpura Road,1300.0,2.0,89.76,2.0
5259,HRBR Layout,1265.0,2.0,78.0,2.0
5260,Attibele,1200.0,2.0,42.0,2.0
5261,Bhoganhalli,1974.0,4.0,106.0,4.0
5262,other,1180.0,2.0,40.0,2.0
5263,Amruthahalli,1350.0,2.0,63.0,3.0
5264,Kodichikkanahalli,1560.0,2.0,65.0,3.0
5266,Hosakerehalli,1085.0,2.0,41.23,2.0
5267,Vijayanagar,1300.0,2.0,75.0,3.0
5268,Marathahalli,1600.0,3.0,56.0,3.0
5269,other,1127.0,2.0,55.0,2.0
5270,Kengeri Satellite Town,795.0,2.0,32.0,2.0
5271,Nagarbhavi,1850.0,3.0,88.0,3.0
5272,Bommasandra Industrial Area,1020.0,2.0,29.45,2.0
5274,other,1200.0,3.0,96.25,3.0
5275,Uttarahalli,1345.0,2.0,47.0,3.0
5276,Kaikondrahalli,849.0,2.0,25.4,2.0
5277,Kanakpura Road,1706.0,3.0,135.0,3.0
5278,Yelahanka,2100.0,4.0,180.0,4.0
5279,other,1250.0,2.0,65.0,3.0
5280,Kanakpura Road,1260.0,3.0,63.58,3.0
5281,Horamavu Agara,1265.0,2.0,65.0,3.0
5282,Abbigere,1260.0,2.0,45.0,3.0
5283,Jalahalli,1045.0,2.0,58.0,2.0
5285,Rachenahalli,412.5,1.0,19.8,1.0
5286,Bellandur,1100.0,2.0,62.0,2.0
5287,Kudlu Gate,1113.0,2.0,50.0,2.0
5288,Old Airport Road,2774.0,4.0,208.0,4.0
5289,Varthur,1210.0,2.0,60.0,2.0
5290,Kogilu,700.0,1.0,30.84,1.0
5291,Kanakpura Road,1155.0,2.0,55.5,2.0
5292,Hoodi,1132.0,2.0,89.0,2.0
5293,Hennur Road,1359.0,2.0,104.0,2.0
5294,other,2631.0,3.0,200.0,4.0
5295,Kothanur,1145.0,2.0,56.0,2.0
5296,5th Phase JP Nagar,600.0,1.0,30.0,1.0
5298,other,830.0,2.0,60.0,2.0
5299,HSR Layout,1009.0,2.0,56.0,2.0
5301,Yelahanka,1226.0,2.0,52.71,2.0
5302,other,1500.0,2.0,88.0,2.0
5303,Electronic City,1363.0,2.0,79.0,2.0
5305,Bommasandra Industrial Area,1165.0,2.0,33.64,2.0
5306,HSR Layout,2792.0,4.0,220.0,4.0
5307,Kammanahalli,700.0,1.0,59.0,1.0
5308,Kaval Byrasandra,1060.0,2.0,42.0,2.0
5309,Marathahalli,1200.0,2.0,67.0,2.0
5310,other,1518.0,3.0,76.0,3.0
5311,other,1495.0,2.0,75.0,3.0
5312,Sanjay nagar,1575.0,2.0,90.0,2.0
5314,Kasavanhalli,1545.0,3.0,69.0,3.0
5315,Kengeri,1470.0,3.0,50.0,3.0
5316,Cooke Town,1500.0,3.0,95.0,3.0
5317,BTM Layout,1450.0,2.0,81.0,3.0
5318,Hosur Road,1179.0,2.0,49.0,2.0
5319,7th Phase JP Nagar,1650.0,3.0,110.0,3.0
5320,Chandapura,1095.0,2.0,32.0,3.0
5321,other,856.0,2.0,48.0,2.0
5322,other,1143.0,2.0,62.0,2.0
5323,Hebbal,1349.0,2.0,97.8,2.0
5324,Anjanapura,1280.0,2.0,45.0,3.0
5326,Whitefield,1216.0,2.0,69.06,2.0
5327,Doddakallasandra,2493.0,3.0,115.0,3.0
5330,Electronic City,1156.0,2.0,42.0,2.0
5331,Thanisandra,1230.0,2.0,44.0,2.0
5332,other,1070.0,2.0,33.15,2.0
5334,Ramagondanahalli,1235.0,2.0,49.3,2.0
5336,Kundalahalli,1724.0,3.0,124.0,3.0
5337,Jalahalli,1200.0,4.0,90.0,4.0
5338,other,600.0,1.0,43.0,1.0
5339,KR Puram,1930.0,2.0,57.9,3.0
5340,Whitefield,1216.0,2.0,75.0,2.0
5341,KR Puram,1452.0,3.0,60.0,3.0
5342,Whitefield,1355.0,2.0,78.0,2.0
5343,other,7500.0,4.0,425.0,4.0
5344,Sarjapur  Road,2145.0,3.0,190.0,3.0
5345,Bommanahalli,957.0,2.0,53.0,2.0
5346,other,925.0,2.0,48.0,2.0
5347,Bellandur,1550.0,2.0,59.0,2.0
5349,Kanakpura Road,2100.0,3.0,140.0,3.0
5350,Bannerghatta Road,1115.0,2.0,61.0,2.0
5351,Yelahanka,1692.0,3.0,83.0,3.0
5352,other,1100.0,2.0,52.0,2.0
5353,Hormavu,1385.0,2.0,69.0,3.0
5354,Hosa Road,760.0,1.0,24.9,1.0
5355,Electronics City Phase 1,1335.0,2.0,67.0,2.0
5356,Bommanahalli,910.0,2.0,45.0,2.0
5357,Kanakpura Road,1610.0,2.0,55.0,3.0
5358,Hennur Road,1341.0,2.0,75.76,2.0
5359,other,1200.0,3.0,70.0,3.0
5360,Uttarahalli,1285.0,2.0,44.98,3.0
5362,Yeshwanthpur,1679.0,3.0,92.13,3.0
5363,other,2675.0,4.0,290.0,4.0
5364,other,1016.0,2.0,45.9,2.0
5368,Bellandur,924.0,2.0,35.11,2.0
5369,8th Phase JP Nagar,500.0,1.0,31.0,1.0
5370,other,1800.0,3.0,88.0,3.0
5371,Whitefield,1255.0,2.0,77.0,2.0
5372,Hennur Road,1040.0,2.0,50.0,2.0
5373,other,1062.0,2.0,47.0,2.0
5374,Varthur Road,805.5,2.0,19.33,2.0
5375,Hosur Road,950.0,2.0,60.0,2.0
5376,Whitefield,1216.0,2.0,73.0,2.0
5377,HSR Layout,1300.0,2.0,98.0,2.0
5378,5th Phase JP Nagar,1390.0,2.0,65.0,2.0
5379,Yelahanka,1033.0,2.0,52.58,2.0
5380,Yelahanka,1390.0,2.0,65.31,2.0
5381,Jalahalli,1020.0,2.0,52.0,2.0
5382,Whitefield,709.0,1.0,34.735,1.0
5383,Whitefield,1140.0,2.0,45.0,2.0
5384,Yeshwanthpur,670.0,1.0,36.85,1.0
5385,Bhoganhalli,2171.0,4.0,111.0,4.0
5386,Bannerghatta Road,1136.0,2.0,48.0,2.0
5387,other,1477.0,2.0,80.0,3.0
5388,KR Puram,1001.0,2.0,30.0,2.0
5389,Yelahanka,1040.0,2.0,48.86,2.0
5390,Garudachar Palya,1060.0,2.0,48.5,2.0
5391,Sarjapur,1240.0,2.0,44.3,2.0
5394,Varthur,1070.0,2.0,46.0,2.0
5395,Electronic City Phase II,1253.0,2.0,65.8,2.0
5396,Whitefield,1190.0,2.0,60.0,2.0
5397,Whitefield,1312.0,2.0,55.0,2.0
5398,KR Puram,750.0,2.0,40.0,2.0
5399,Koramangala,1615.0,3.0,115.0,3.0
5400,Marathahalli,1095.0,2.0,60.0,2.0
5401,Whitefield,1745.0,3.0,100.0,3.0
5402,Rachenahalli,1050.0,2.0,52.5,2.0
5404,Thanisandra,1220.0,2.0,44.6,2.0
5405,other,1793.0,3.0,98.0,3.0
5406,Uttarahalli,1100.0,1.0,45.0,2.0
5407,Yelahanka New Town,1385.0,2.0,65.0,2.0
5408,Begur Road,1200.0,2.0,45.0,2.0
5409,Haralur Road,2017.0,2.0,125.0,3.0
5410,Attibele,400.0,1.0,10.0,1.0
5411,Bellandur,1400.0,2.0,44.81,3.0
5412,other,960.0,2.0,33.0,2.0
5413,Uttarahalli,1125.0,2.0,47.0,2.0
5414,Akshaya Nagar,1551.0,2.0,60.0,3.0
5416,Vittasandra,1246.0,2.0,67.4,2.0
5417,Whitefield,3200.0,4.0,224.0,4.0
5418,Marathahalli,1060.0,2.0,48.0,2.0
5419,Bharathi Nagar,1384.0,2.0,59.0,2.0
5420,other,620.0,2.0,23.0,2.0
5421,Bommasandra,1005.0,2.0,39.77,2.0
5423,other,1400.0,3.0,35.0,3.0
5424,HSR Layout,2400.0,3.0,88.0,3.0
5425,Whitefield,1096.0,2.0,39.0,2.0
5426,Kaggadasapura,1180.0,1.0,50.0,2.0
5427,Uttarahalli,1300.0,2.0,47.0,3.0
5428,other,1020.0,2.0,62.0,2.0
5429,Margondanahalli,600.0,2.0,35.0,2.0
5430,other,3563.0,6.0,310.0,4.0
5431,other,1165.0,2.0,47.0,2.0
5432,Bellandur,1685.0,3.0,100.0,3.0
5433,Raja Rajeshwari Nagar,1580.0,3.0,53.56,3.0
5434,Balagere,1210.0,2.0,83.0,2.0
5435,Kammasandra,1030.0,1.0,25.75,2.0
5436,other,1100.0,2.0,43.5,2.0
5437,Hebbal,1255.0,3.0,77.68,3.0
5438,Jakkur,1482.0,3.0,86.0,3.0
5439,Hebbal,1344.0,2.0,108.0,2.0
5440,Kothannur,1275.0,2.0,39.8,3.0
5442,other,3300.0,5.0,318.0,4.0
5443,Panathur,1210.0,2.0,85.0,2.0
5445,Hosa Road,1532.0,3.0,98.13,3.0
5447,Nagarbhavi,1212.0,2.0,50.0,2.0
5448,Sarjapur  Road,1230.0,2.0,65.0,2.0
5450,Ramagondanahalli,2257.0,3.0,159.0,3.0
5451,Vittasandra,1246.0,2.0,65.4,2.0
5452,Gunjur,1080.0,2.0,41.0,2.0
5454,Varthur,1360.0,2.0,85.0,3.0
5455,Yelenahalli,1260.0,2.0,47.88,2.0
5456,Kengeri Satellite Town,1200.0,3.0,110.0,4.0
5457,Thigalarapalya,1418.0,2.0,104.0,2.0
5459,Kasavanhalli,950.0,2.0,39.0,2.0
5460,Nagarbhavi,1020.0,2.0,55.0,2.0
5461,Electronic City Phase II,1400.0,2.0,40.44,3.0
5462,other,1440.0,4.0,88.0,4.0
5464,KR Puram,1462.5,2.0,62.81,3.0
5465,Electronics City Phase 1,1175.0,2.0,69.0,2.0
5466,Raja Rajeshwari Nagar,1185.0,2.0,40.17,2.0
5467,other,2250.0,3.0,113.0,3.0
5468,Sarjapur  Road,1178.0,2.0,40.43,2.0
5469,Ulsoor,36000.0,4.0,450.0,4.0
5470,Whitefield,825.0,1.0,44.9,1.0
5471,other,1250.0,3.0,43.0,3.0
5472,Electronics City Phase 1,1113.12,2.0,55.0,2.0
5474,Gottigere,1010.0,2.0,35.0,2.0
5475,Kanakpura Road,900.0,2.0,41.0,2.0
5477,Rayasandra,540.0,1.0,16.5,1.0
5478,Electronic City,1020.0,2.0,29.46,2.0
5479,Hosur Road,1194.0,2.0,71.64,2.0
5482,Electronic City,1108.0,2.0,67.15,2.0
5484,Kanakpura Road,700.0,2.0,34.99,2.0
5485,Somasundara Palya,1600.0,3.0,68.0,3.0
5486,Nagarbhavi,1850.0,3.0,90.0,3.0
5487,Tumkur Road,1250.0,2.0,33.0,2.0
5488,Ramamurthy Nagar,600.0,1.0,43.0,1.0
5489,Raja Rajeshwari Nagar,1140.0,2.0,49.27,2.0
5490,other,1200.0,2.0,75.0,3.0
5491,other,985.0,2.0,55.0,2.0
5492,Bellandur,982.0,2.0,55.0,2.0
5493,9th Phase JP Nagar,600.0,1.0,20.0,1.0
5494,Old Madras Road,2640.0,5.0,142.0,3.0
5495,Akshaya Nagar,1314.0,2.0,68.8,2.0
5496,other,1700.0,2.0,68.5,3.0
5498,Chandapura,1891.0,2.0,66.165,4.0
5499,other,2000.0,4.0,99.0,5.0
5500,other,1643.0,3.0,75.0,3.0
5501,Kengeri,1200.0,3.0,67.0,3.0
5502,Whitefield,1116.0,2.0,51.91,2.0
5503,Abbigere,1020.0,2.0,41.82,2.0
5505,other,1740.0,3.0,55.0,3.0
5506,GM Palaya,1225.0,2.0,47.0,2.0
5507,Thanisandra,1241.0,2.0,61.0,3.0
5508,Hennur,1041.0,2.0,40.6,2.0
5509,Bommanahalli,1050.0,2.0,46.0,2.0
5511,Kanakpura Road,1309.0,2.0,64.39,2.0
5512,Dodda Nekkundi,1128.0,2.0,45.0,2.0
5513,Raja Rajeshwari Nagar,1430.0,2.0,50.0,3.0
5514,Old Madras Road,1065.0,2.0,47.86,2.0
5515,OMBR Layout,1085.0,2.0,64.0,2.0
5516,Vishveshwarya Layout,750.0,1.0,30.0,1.0
5517,Bellandur,981.0,2.0,37.28,2.0
5518,Bhoganhalli,1548.3,4.0,129.0,4.0
5520,Kalyan nagar,1410.0,2.0,60.0,3.0
5521,Hosa Road,1525.84,3.0,117.0,3.0
5522,Begur Road,1200.0,2.0,42.6,2.0
5523,other,1030.0,2.0,80.0,2.0
5524,other,1852.0,2.0,95.0,3.0
5525,Electronic City,1160.0,2.0,33.5,2.0
5526,Jigani,918.0,2.0,49.0,2.0
5527,Hebbal,1255.0,2.0,90.0,3.0
5529,JP Nagar,1150.0,2.0,49.9,3.0
5531,other,1150.0,2.0,69.0,2.0
5532,Whitefield,1227.0,2.0,53.49,2.0
5533,Hebbal,1255.0,3.0,77.68,3.0
5535,Panathur,1198.0,2.0,82.0,2.0
5538,other,2600.0,3.0,95.0,4.0
5539,Thigalarapalya,2072.0,4.0,139.0,3.0
5540,Pattandur Agrahara,797.0,2.0,32.0,2.0
5541,other,1350.0,2.0,68.0,3.0
5542,Sahakara Nagar,2500.0,4.0,200.0,4.0
5543,Thigalarapalya,2215.0,4.0,160.0,3.0
5544,Kanakpura Road,525.0,1.0,30.0,1.0
5545,Bannerghatta Road,2700.0,4.0,260.0,4.0
5546,other,1500.0,2.0,90.0,3.0
5547,other,900.0,2.0,55.0,2.0
5548,Poorna Pragna Layout,1355.0,2.0,58.27,3.0
5549,Kudlu Gate,1465.0,2.0,49.81,3.0
5550,Ramamurthy Nagar,1006.0,2.0,57.0,2.0
5551,Vishveshwarya Layout,2000.0,4.0,75.0,4.0
5552,Electronic City,1128.0,2.0,65.7,2.0
5553,other,850.0,2.0,35.0,2.0
5554,ISRO Layout,1310.0,2.0,68.0,3.0
5555,Banashankari,1390.0,2.0,86.0,2.0
5556,Kathriguppe,1390.0,2.0,76.45,3.0
5558,Electronic City,1170.0,2.0,33.0,2.0
5559,Gottigere,1385.0,2.0,50.0,3.0
5560,Old Madras Road,1160.0,2.0,42.0,2.0
5561,Electronic City Phase II,1160.0,2.0,33.5,2.0
5562,Bannerghatta Road,1200.0,2.0,69.0,3.0
5563,Mahadevpura,1475.0,2.0,55.0,2.0
5564,Sarjapur  Road,1939.0,3.0,98.0,3.0
5565,7th Phase JP Nagar,850.0,2.0,42.0,2.0
5566,Balagere,675.0,1.0,45.0,1.0
5567,Electronic City,1060.0,2.0,51.0,2.0
5568,Whitefield,1235.0,2.0,47.0,2.0
5570,other,1250.0,2.0,60.0,2.0
5571,Banashankari,1460.0,2.0,70.0,2.0
5572,Akshaya Nagar,1690.0,3.0,85.0,3.0
5573,Indira Nagar,850.0,1.0,57.0,1.0
5574,Kanakpura Road,1843.0,3.0,82.0,3.0
5575,7th Phase JP Nagar,1680.0,3.0,117.0,3.0
5576,Kundalahalli,1047.0,2.0,84.0,2.0
5577,8th Phase JP Nagar,1100.0,2.0,35.0,2.0
5579,Nagarbhavi,1120.0,2.0,53.0,2.0
5580,Raja Rajeshwari Nagar,1095.0,2.0,38.33,2.0
5581,other,970.0,2.0,35.0,2.0
5583,Hosa Road,1100.0,2.0,85.0,3.0
5584,Uttarahalli,1685.0,3.0,85.0,3.0
5585,other,1148.0,2.0,59.0,2.0
5586,Marathahalli,1050.0,2.0,65.0,2.0
5587,Bannerghatta Road,1465.0,2.0,76.0,3.0
5588,Kothanur,3401.0,5.0,230.0,4.0
5589,Electronic City,630.0,1.0,60.0,1.0
5590,7th Phase JP Nagar,1850.0,3.0,150.0,3.0
5593,other,1350.0,3.0,60.0,3.0
5594,Sector 7 HSR Layout,1760.0,3.0,160.0,3.0
5596,Banashankari Stage III,1200.0,2.0,42.0,2.0
5597,other,1100.0,2.0,78.0,2.0
5598,Kaggadasapura,1140.0,2.0,46.0,2.0
5599,Hormavu,1617.5,3.0,73.595,3.0
5600,Gottigere,1410.0,2.0,45.0,2.0
5601,Mahadevpura,1434.0,2.0,67.39,3.0
5602,other,1180.0,2.0,74.0,2.0
5603,Begur Road,1160.0,2.0,42.0,2.0
5604,EPIP Zone,1343.0,2.0,86.0,2.0
5605,LB Shastri Nagar,1184.0,2.0,69.0,2.0
5607,other,4510.0,4.0,200.0,3.0
5608,Banashankari Stage III,1305.0,2.0,59.0,3.0
5609,Sarjapur  Road,3785.0,5.0,280.0,4.0
5610,other,1540.0,3.0,85.0,3.0
5611,Kanakpura Road,1550.0,3.0,65.11,3.0
5612,Yelahanka,1345.0,2.0,57.0,3.0
5613,Electronic City Phase II,975.0,2.0,45.0,3.0
5614,HSR Layout,1140.0,2.0,46.0,2.0
5615,JP Nagar,1152.0,2.0,34.56,2.0
5617,other,1033.0,2.0,31.5,3.0
5619,Marathahalli,1102.0,2.0,53.67,2.0
5620,Subramanyapura,1223.0,2.0,42.81,3.0
5621,Kadugodi,1762.0,3.0,112.0,3.0
5623,KR Puram,2000.0,6.0,85.0,6.0
5624,Electronic City,1410.0,2.0,38.0,3.0
5625,Thanisandra,1853.0,3.0,64.86,3.0
5626,Kothanur,1455.0,2.0,69.0,2.0
5628,Sarjapur  Road,2556.0,3.0,169.0,3.0
5629,TC Palaya,1200.0,2.0,66.5,3.0
5630,other,1200.0,2.0,37.0,2.0
5632,Anekal,1200.0,1.0,36.0,2.0
5633,Whitefield,1870.0,3.0,138.0,3.0
5634,Panathur,1199.0,2.0,86.0,2.0
5636,Doddakallasandra,1360.0,2.0,54.4,3.0
5637,Babusapalaya,1230.0,3.0,53.0,3.0
5638,other,2000.0,3.0,120.0,3.0
5640,Kundalahalli,1047.0,2.0,83.0,2.0
5641,Electronic City Phase II,6000.0,4.0,260.0,4.0
5642,Ramamurthy Nagar,1200.0,2.0,76.0,2.0
5643,Kengeri Satellite Town,1302.5,2.0,44.285,2.0
5644,Kengeri,725.0,2.0,30.0,2.0
5645,Jakkur,1645.0,3.0,100.0,3.0
5646,Sultan Palaya,870.0,2.0,65.0,2.0
5647,Marathahalli,1026.0,2.0,49.95,2.0
5648,other,2000.0,3.0,145.0,3.0
5650,Hosur Road,1766.0,3.0,130.0,3.0
5651,other,500.0,1.0,15.0,1.0
5652,JP Nagar,1100.0,1.0,15.0,2.0
5653,Jigani,1221.0,3.0,52.0,3.0
5654,Rachenahalli,680.0,1.0,46.0,1.0
5655,Sarjapur  Road,1278.0,2.0,90.0,2.0
5656,Kodichikkanahalli,1025.0,2.0,66.0,2.0
5657,Whitefield,1175.0,2.0,39.0,2.0
5658,Sarjapur  Road,975.0,2.0,28.275,2.0
5660,other,850.0,2.0,42.0,2.0
5661,Anjanapura,710.0,2.0,25.0,2.0
5662,other,1165.0,2.0,33.64,2.0
5663,Sarjapur,625.0,1.0,19.0,1.0
5664,Kaggadasapura,1340.0,3.0,66.0,3.0
5665,Ananth Nagar,937.0,2.0,35.0,2.0
5667,JP Nagar,750.0,1.0,52.5,1.0
5669,Shampura,1475.0,3.0,78.0,3.0
5670,other,2230.0,4.0,130.0,4.0
5671,other,2200.0,5.0,100.0,4.0
5672,Mysore Road,900.0,2.0,65.0,2.0
5673,Electronic City Phase II,1116.0,2.0,37.0,2.0
5674,Hoodi,948.0,2.0,75.0,2.0
5675,R.T. Nagar,970.0,2.0,55.0,2.0
5676,other,1519.0,3.0,67.23,3.0
5677,Thanisandra,1200.0,2.0,65.0,3.0
5678,Bhoganhalli,1760.0,3.0,127.0,3.0
5680,Sahakara Nagar,1914.0,3.0,179.0,3.0
5681,Budigere,1820.0,3.0,85.5,3.0
5682,Budigere,1820.0,3.0,93.0,3.0
5683,Kalena Agrahara,1565.0,3.0,78.0,3.0
5684,Begur Road,1334.0,2.0,42.69,2.0
5685,Sarakki Nagar,924.0,2.0,76.23,2.0
5686,Jigani,914.0,2.0,49.0,2.0
5687,Kengeri,500.0,1.0,17.0,1.0
5688,Yelahanka,2145.0,3.0,125.0,3.0
5690,Electronic City,1650.0,3.0,100.0,3.0
5691,Marathahalli,3940.0,4.0,220.0,4.0
5692,Electronic City,1020.0,2.0,29.45,2.0
5693,Basaveshwara Nagar,1180.0,2.0,58.0,2.0
5696,Bommasandra,1014.0,2.0,35.0,2.0
5698,Attibele,695.0,1.0,25.0,2.0
5699,Prithvi Layout,2273.0,4.0,220.0,3.0
5700,GM Palaya,1140.0,2.0,48.95,2.0
5702,Whitefield,1180.0,2.0,41.0,2.0
5703,Begur Road,2400.0,4.0,152.0,4.0
5704,Attibele,850.0,1.0,25.0,2.0
5705,Banashankari,1200.0,2.0,60.0,2.0
5706,other,3160.0,4.0,206.0,4.0
5707,Hoodi,1769.0,3.0,96.87,3.0
5709,Bhoganhalli,1554.3,4.0,131.0,4.0
5710,Haralur Road,1243.0,2.0,46.0,2.0
5712,Mallasandra,905.0,2.0,40.0,2.0
5713,Kothanur,627.0,1.0,30.0,1.0
5716,Marathahalli,1435.0,3.0,73.0,3.0
5718,Kodihalli,1620.0,3.0,130.0,3.0
5719,Whitefield,1862.0,3.0,125.0,3.0
5720,Kaikondrahalli,674.0,1.0,19.9,2.0
5721,Marathahalli,1220.0,2.0,59.0,2.0
5722,Haralur Road,1027.0,2.0,44.0,2.0
5723,Electronic City,1025.0,2.0,49.0,2.0
5724,Thanisandra,1430.0,2.0,54.5,3.0
5725,Panathur,1235.0,2.0,65.0,2.0
5726,Electronics City Phase 1,1291.0,2.0,32.0,3.0
5727,Kanakpura Road,1498.0,3.0,95.0,3.0
5729,Electronic City,1000.0,2.0,29.7,2.0
5730,other,922.0,2.0,70.0,2.0
5733,AECS Layout,1123.0,2.0,64.0,2.0
5734,Raja Rajeshwari Nagar,1235.0,2.0,75.0,2.0
5735,Kogilu,1250.0,2.0,55.55,2.0
5737,Sarjapur  Road,984.0,2.0,45.91,2.0
5738,Sarjapur  Road,1305.0,2.0,99.0,2.0
5739,other,1200.0,1.0,65.0,2.0
5741,Hebbal,2790.0,5.0,204.0,4.0
5742,Old Madras Road,2010.0,3.0,125.0,4.0
5743,Electronics City Phase 1,995.0,2.0,42.0,2.0
5744,Varthur Road,1277.0,2.0,59.0,2.0
5745,7th Phase JP Nagar,1236.0,2.0,61.33,2.0
5746,Akshaya Nagar,1265.0,2.0,67.0,2.0
5747,Kanakpura Road,525.0,2.0,27.0,1.0
5748,Gubbalala,2570.0,4.0,141.0,5.0
5750,other,1442.0,3.0,56.24,3.0
5751,Ardendale,1224.0,2.0,70.0,2.0
5752,Bellandur,1205.0,2.0,59.0,2.0
5753,other,1233.0,2.0,100.0,2.0
5754,5th Block Hbr Layout,1312.0,2.0,69.0,2.0
5755,Electronic City,1449.0,3.0,90.0,3.0
5756,Yelenahalli,1090.0,2.0,54.0,2.0
5757,Kaggadasapura,2100.0,5.0,150.0,5.0
5758,Uttarahalli,1390.0,2.0,62.55,3.0
5759,JP Nagar,1200.0,2.0,78.0,2.0
5761,BTM 2nd Stage,1000.0,2.0,58.0,2.0
5762,Devanahalli,2400.0,5.0,190.0,4.0
5763,Thanisandra,1732.0,3.0,85.73,3.0
5764,Banashankari,1290.0,2.0,80.0,2.0
5765,other,1840.0,3.0,85.0,3.0
5766,Thanisandra,1917.0,4.0,100.0,3.0
5767,other,1100.0,2.0,57.0,2.0
5768,Kudlu,1455.0,2.0,60.0,3.0
5769,Old Airport Road,2774.0,4.0,208.0,4.0
5771,Devarachikkanahalli,1425.0,2.0,65.0,3.0
5772,Whitefield,1655.0,3.0,113.0,3.0
5773,Haralur Road,2805.0,5.0,160.0,4.0
5775,other,1040.0,2.0,46.79,2.0
5776,Akshaya Nagar,1126.0,2.0,55.0,2.0
5778,Hebbal,1250.0,2.0,55.55,2.0
5779,Yelahanka,1800.0,4.0,180.0,4.0
5780,other,1200.0,2.0,53.0,2.0
5781,other,2050.0,3.0,100.0,4.0
5782,Whitefield,530.0,1.0,29.44,1.0
5783,Sarjapur,2585.5,4.0,139.5,4.0
5784,Kambipura,883.0,2.0,37.0,2.0
5785,Uttarahalli,1490.0,2.0,59.6,3.0
5786,Ramagondanahalli,1295.0,2.0,95.0,2.0
5787,Sompura,1275.0,3.0,59.0,3.0
5788,other,800.0,2.0,30.0,2.0
5789,Devanahalli,1200.0,1.0,95.0,1.0
5790,Bellandur,1063.0,2.0,58.0,2.0
5791,Balagere,656.0,1.0,43.0,1.0
5792,other,1125.0,2.0,36.0,2.0
5793,Marathahalli,881.0,2.0,48.06,2.0
5795,Bisuvanahalli,700.0,1.0,32.0,2.0
5796,other,1936.0,3.0,110.0,3.0
5797,Hosa Road,1680.0,3.0,101.0,3.0
5798,Rayasandra,1253.0,2.0,57.0,2.0
5800,Mysore Road,1082.0,3.0,50.0,3.0
5801,Electronic City,1065.0,2.0,30.75,2.0
5802,Iblur Village,2100.0,4.0,145.0,3.0
5803,Electronic City,1070.0,2.0,58.0,2.0
5804,Raja Rajeshwari Nagar,1280.0,3.0,57.6,3.0
5806,Electronic City Phase II,1125.0,2.0,29.25,2.0
5807,Sarjapur  Road,1755.0,3.0,122.0,3.0
5808,Electronic City,1210.0,2.0,54.0,2.0
5809,Talaghattapura,951.0,2.0,30.43,2.0
5810,Electronic City,1500.0,2.0,75.0,3.0
5811,other,1652.5,3.0,90.0,3.0
5812,Yeshwanthpur,1381.0,2.0,76.18,3.0
5813,Whitefield,1085.0,2.0,57.0,2.0
5814,Whitefield,905.0,1.0,50.0,1.0
5815,Hennur Road,1685.0,3.0,95.0,3.0
5816,Somasundara Palya,1200.0,2.0,75.0,2.0
5817,Anandapura,1151.0,2.0,42.9,2.0
5818,Brookefield,3532.0,3.0,170.0,4.0
5819,Kanakpura Road,1665.0,3.0,86.91,3.0
5820,Kengeri Satellite Town,800.0,2.0,40.0,2.0
5822,Rajiv Nagar,1030.0,2.0,46.5,2.0
5823,Hoodi,1257.0,2.0,71.03,2.0
5824,Whitefield,1600.0,3.0,82.0,3.0
5825,Choodasandra,1465.0,3.0,75.0,3.0
5826,Jakkur,1650.0,3.0,111.0,3.0
5827,Haralur Road,1243.0,2.0,46.0,2.0
5829,Whitefield,1230.0,4.0,80.0,4.0
5830,Koramangala,1300.0,2.0,82.0,2.0
5831,KR Puram,1000.0,2.0,44.5,2.0
5832,Mahadevpura,1146.0,2.0,53.8,2.0
5835,other,2159.0,3.0,110.0,3.0
5836,Whitefield,1255.0,2.0,40.0,2.0
5837,Hebbal Kempapura,1130.0,2.0,60.0,2.0
5838,Padmanabhanagar,1200.0,2.0,60.0,2.0
5839,Sarjapur  Road,1040.0,2.0,37.0,2.0
5842,Uttarahalli,1180.0,2.0,41.3,2.0
5845,KR Puram,1200.0,2.0,47.0,2.0
5846,Sarjapur  Road,1374.0,3.0,51.0,3.0
5847,Vidyaranyapura,4700.0,10.0,130.0,9.0
5848,Whitefield,630.5,1.0,32.15,1.0
5850,Haralur Road,1027.0,2.0,44.0,2.0
5852,Jalahalli,2384.0,4.0,165.0,3.0
5853,Electronic City,1033.0,2.0,28.41,3.0
5854,Yelahanka,1200.0,2.0,54.0,2.0
5855,Haralur Road,2017.0,3.0,105.0,3.0
5856,other,1500.0,3.0,138.0,3.0
5857,other,700.0,2.0,43.0,2.0
5859,Kanakpura Road,1495.0,2.0,52.33,3.0
5860,Kothanur,1302.0,2.0,68.5,2.0
5861,Whitefield,905.0,1.0,52.0,1.0
5862,Raja Rajeshwari Nagar,1303.0,2.0,55.79,2.0
5863,Electronics City Phase 1,1350.0,3.0,71.0,3.0
5864,Gottigere,1380.0,2.0,95.0,3.0
5865,Harlur,1620.0,3.0,110.0,3.0
5866,Chandapura,4800.0,4.0,250.0,4.0
5867,Sarjapur  Road,1000.0,2.0,38.5,2.0
5869,Thanisandra,1250.0,1.0,54.0,2.0
5870,other,1750.0,3.0,170.0,3.0
5871,Anekal,997.0,3.0,55.0,3.0
5872,Kothanur,1760.0,3.0,111.0,3.0
5873,Yelahanka,1322.0,2.0,75.0,2.0
5874,other,1365.0,3.0,99.0,3.0
5875,Sahakara Nagar,1500.0,3.0,125.0,3.0
5876,Kaggadasapura,1256.0,2.0,50.0,3.0
5877,Brookefield,941.0,2.0,48.0,2.0
5878,Devanahalli,5000.0,4.0,465.0,4.0
5879,Kanakpura Road,1665.0,3.0,86.58,3.0
5880,Hennur Road,1414.0,2.0,84.18,2.0
5881,Chikkalasandra,1270.0,2.0,55.25,3.0
5883,Kengeri Satellite Town,4100.0,3.0,300.0,4.0
5884,other,1800.0,3.0,105.0,6.0
5885,other,850.0,2.0,35.0,2.0
5886,Kanakpura Road,712.0,1.0,38.44,1.0
5887,Rajaji Nagar,2648.0,5.0,251.5,4.0
5889,TC Palaya,900.0,2.0,55.0,2.0
5890,Hebbal,1200.0,2.0,49.0,2.0
5891,Kengeri Satellite Town,654.0,1.0,22.0,1.0
5892,other,708.0,1.0,55.0,2.0
5894,other,1680.0,3.0,135.0,3.0
5895,other,990.0,2.0,58.0,2.0
5896,Uttarahalli,1380.0,2.0,42.0,2.0
5897,Hebbal,1088.0,2.0,62.0,2.0
5898,Harlur,1414.0,3.0,77.5,3.0
5899,other,1240.0,2.0,100.0,2.0
5900,other,1810.0,3.0,118.0,3.0
5902,Kothanur,1185.0,2.0,58.0,2.0
5903,Whitefield,1200.0,3.0,57.15,3.0
5904,Electronic City,1070.0,2.0,52.0,2.0
5905,other,1265.0,2.0,58.0,2.0
5906,Sahakara Nagar,1100.0,2.0,55.0,2.0
5907,other,1035.0,2.0,44.0,2.0
5908,Sonnenahalli,614.5,1.0,30.715,1.0
5910,Hegde Nagar,1179.0,2.0,49.35,2.0
5911,Vittasandra,1650.0,3.0,84.0,3.0
5912,other,2800.0,4.0,100.0,6.0
5913,other,3500.0,6.0,120.0,8.0
5914,other,1430.0,3.0,78.65,3.0
5915,Marathahalli,1130.0,2.0,58.0,3.0
5916,JP Nagar,1850.0,2.0,110.0,3.0
5917,Hennur,1340.0,3.0,54.24,3.0
5918,Sarjapur  Road,4334.0,2.0,338.0,4.0
5919,other,600.0,2.0,30.0,2.0
5920,Banashankari,2582.0,5.0,250.0,3.0
5921,Channasandra,1160.0,2.0,55.0,2.0
5922,other,1200.0,2.0,45.0,1.0
5923,other,1116.0,2.0,37.6,2.0
5926,other,1090.0,2.0,45.0,2.0
5927,JP Nagar,1100.0,2.0,45.0,2.0
5928,Kammasandra,1365.0,2.0,34.13,3.0
5929,Vijayanagar,1484.0,3.0,79.19,3.0
5930,Green Glen Layout,1630.0,3.0,68.0,3.0
5931,Whitefield,1451.0,2.0,52.43,3.0
5932,Kanakpura Road,1330.0,2.0,107.0,2.0
5933,Thanisandra,2127.0,3.0,135.0,3.0
5935,other,1260.0,4.0,65.0,4.0
5936,Sarjapur  Road,1173.0,2.0,45.75,3.0
5937,Electronics City Phase 1,1445.0,2.0,56.0,3.0
5940,Thanisandra,2336.5,3.0,115.89,3.0
5941,JP Nagar,1197.0,2.0,47.88,2.0
5943,Sarjapur  Road,3930.0,7.0,329.0,5.0
5944,Kanakpura Road,1450.0,3.0,62.4,3.0
5945,Whitefield,1187.0,2.0,37.85,2.0
5947,Channasandra,1050.0,2.0,41.0,2.0
5948,Panathur,1370.0,2.0,54.8,3.0
5949,Yelahanka,1036.0,2.0,39.37,2.0
5950,JP Nagar,1275.0,3.0,41.2,3.0
5951,Old Madras Road,2010.0,3.0,115.0,4.0
5952,Thigalarapalya,1418.0,2.0,106.0,2.0
5953,Thanisandra,1265.0,2.0,46.6,2.0
5954,Anandapura,1576.0,3.0,58.0,3.0
5955,Dodda Nekkundi,1148.0,2.0,56.0,2.0
5956,other,1000.0,2.0,36.0,2.0
5957,Kudlu,1293.0,2.0,85.0,3.0
5958,TC Palaya,1200.0,2.0,66.0,3.0
5959,Munnekollal,1210.0,2.0,75.0,2.0
5960,HSR Layout,1126.0,2.0,69.0,2.0
5961,Sarakki Nagar,1840.0,4.0,175.0,3.0
5962,Vidyaranyapura,1440.0,2.0,70.0,3.0
5963,Ramamurthy Nagar,1300.0,2.0,52.0,3.0
5964,Thanisandra,1276.0,2.0,75.0,2.0
5966,Whitefield,1216.0,2.0,83.0,2.0
5967,other,840.0,1.0,75.0,1.0
5969,Sompura,1126.0,2.0,39.0,2.0
5971,Raja Rajeshwari Nagar,1162.0,2.0,65.0,2.0
5972,Whitefield,1301.0,2.0,65.0,2.0
5973,Devanahalli,658.0,1.0,34.0,1.0
5977,Chandapura,1208.51,3.0,42.0,3.0
5978,Raja Rajeshwari Nagar,1133.0,2.0,38.41,2.0
5979,other,1760.0,2.0,116.0,3.0
5980,Bisuvanahalli,1075.0,2.0,52.0,3.0
5981,Sarjapur,940.0,2.0,25.38,2.0
5982,Badavala Nagar,1145.0,2.0,57.0,2.0
5983,Bannerghatta Road,1302.5,2.0,67.73,2.0
5985,other,3317.5,5.0,268.5,4.0
5986,Dasarahalli,1300.0,2.0,50.0,2.0
5988,6th Phase JP Nagar,2040.0,3.0,200.0,3.0
5990,Jigani,2420.0,4.0,190.0,4.0
5991,Thubarahalli,1216.0,2.0,80.0,2.0
5992,Tumkur Road,1459.0,2.0,110.0,3.0
5993,Jakkur,1622.0,2.0,80.0,3.0
5994,Kanakpura Road,1843.0,3.0,85.0,3.0
5995,Badavala Nagar,1274.0,2.0,81.0,2.0
5997,Malleshpalya,1430.0,2.0,69.5,3.0
5999,Begur Road,1565.0,2.0,57.91,3.0
6000,other,1670.0,3.0,160.0,3.0
6001,Lakshminarayana Pura,1695.0,3.0,150.0,3.0
6002,other,1410.0,2.0,75.0,2.0
6003,Kengeri Satellite Town,1060.0,2.0,42.0,2.0
6004,Sarjapur  Road,1120.0,2.0,50.0,2.0
6005,Hosa Road,880.0,2.0,50.0,2.0
6006,Jalahalli,1083.0,2.0,32.49,2.0
6007,Dodda Nekkundi,1435.0,3.0,57.2,3.0
6008,Doddakallasandra,1425.0,2.0,56.99,3.0
6009,Arekere,900.0,2.0,50.0,2.0
6010,other,2400.0,5.0,93.0,5.0
6011,Thanisandra,693.0,1.0,34.3,1.0
6013,Electronic City,2435.0,4.0,119.0,4.0
6014,Iblur Village,1920.0,3.0,150.0,3.0
6015,Electronic City,630.0,1.0,47.0,1.0
6016,Bisuvanahalli,1075.0,2.0,50.0,3.0
6018,Nagavarapalya,705.0,1.0,55.0,1.0
6019,other,1200.0,2.0,75.6,3.0
6020,Mahadevpura,1532.0,2.0,62.0,2.0
6021,Rajiv Nagar,1330.0,2.0,93.0,2.0
6023,Sarjapur  Road,1530.0,2.0,60.0,3.0
6024,Kasavanhalli,1105.0,2.0,42.0,2.0
6026,Harlur,1630.0,3.0,95.1,3.0
6027,5th Phase JP Nagar,1256.0,2.0,62.8,2.0
6029,Brookefield,1595.0,2.0,75.0,3.0
6030,7th Phase JP Nagar,1000.0,2.0,53.0,2.0
6031,Poorna Pragna Layout,1475.0,2.0,58.99,3.0
6033,Electronic City Phase II,1000.0,2.0,28.88,2.0
6035,Uttarahalli,1737.0,2.0,95.0,3.0
6036,Electronic City Phase II,1000.0,2.0,28.88,2.0
6037,other,2100.0,4.0,150.0,4.0
6038,Hosakerehalli,3600.0,6.0,145.0,8.0
6039,Mysore Road,883.0,2.0,50.0,2.0
6040,Haralur Road,1243.0,2.0,46.0,2.0
6041,BTM Layout,1776.0,2.0,75.0,3.0
6042,Anjanapura,1347.0,2.0,37.72,3.0
6043,Whitefield,1330.0,2.0,55.0,3.0
6045,Rajaji Nagar,3730.0,4.0,370.0,4.0
6046,Harlur,1459.0,3.0,135.0,3.0
6047,Thanisandra,2259.0,5.0,135.0,4.0
6048,JP Nagar,2700.0,4.0,160.0,7.0
6049,Gubbalala,1008.0,2.0,32.25,2.0
6050,other,1200.0,2.0,52.5,2.0
6053,Electronic City,660.0,1.0,15.5,2.0
6056,Yelahanka,1405.0,2.0,50.58,2.0
6057,Yelahanka,602.0,1.0,26.0,1.0
6058,Marathahalli,1710.0,3.0,100.0,3.0
6059,JP Nagar,1500.0,2.0,82.0,3.0
6060,other,1539.0,3.0,60.0,3.0
6062,Judicial Layout,1100.0,2.0,53.0,3.0
6063,Raja Rajeshwari Nagar,1151.0,2.0,49.0,2.0
6064,other,920.0,2.0,46.0,2.0
6065,Kathriguppe,1350.0,3.0,78.3,3.0
6066,Bannerghatta Road,1200.0,2.0,65.0,2.0
6067,Thanisandra,1265.0,2.0,78.0,2.0
6069,Sarjapur  Road,1700.0,3.0,93.5,3.0
6070,Ramamurthy Nagar,1600.0,3.0,75.0,3.0
6071,other,1550.0,4.0,120.0,4.0
6072,R.T. Nagar,1560.0,3.0,125.0,3.0
6074,Haralur Road,1243.0,2.0,46.0,2.0
6076,Sarjapur  Road,1403.0,3.0,56.0,3.0
6077,Doddakallasandra,1010.0,2.0,40.39,2.0
6078,Tumkur Road,1416.0,3.0,94.0,3.0
6079,Kanakpura Road,1628.0,2.0,68.0,2.0
6081,7th Phase JP Nagar,1680.0,3.0,125.0,3.0
6082,Doddathoguru,1595.0,3.0,62.0,3.0
6083,Kanakpura Road,1507.0,2.0,95.0,3.0
6085,Hennur Road,1949.0,3.0,133.0,3.0
6087,Electronic City Phase II,1000.0,2.0,28.88,2.0
6088,other,905.0,2.0,50.0,2.0
6089,Hosakerehalli,2480.0,3.0,245.0,3.0
6091,Kaikondrahalli,1605.0,3.0,105.0,3.0
6092,Bommanahalli,1290.0,2.0,73.0,2.0
6093,Yelahanka,1100.0,2.0,60.0,2.0
6094,Vishveshwarya Layout,2100.0,6.0,92.0,6.0
6095,Electronics City Phase 1,995.0,2.0,49.8,2.0
6098,Gottigere,1425.0,2.0,47.0,3.0
6099,other,1455.0,2.0,55.0,3.0
6100,other,550.0,1.0,23.0,1.0
6101,Uttarahalli,1385.0,2.0,48.48,3.0
6102,Vishveshwarya Layout,7000.0,4.0,210.0,4.0
6103,other,4000.0,3.0,130.0,5.0
6104,other,1060.0,2.0,53.0,2.0
6105,other,1080.0,2.0,75.0,3.0
6106,HBR Layout,1783.0,3.0,125.0,3.0
6107,Haralur Road,1520.0,2.0,90.0,3.0
6108,Sarjapur  Road,1060.0,2.0,55.0,2.0
6109,Raja Rajeshwari Nagar,1267.0,2.0,54.35,2.0
6110,Whitefield,1155.0,2.0,55.0,2.0
6111,Karuna Nagar,2500.0,3.0,180.0,3.0
6112,Bannerghatta Road,1240.0,2.0,65.0,2.0
6113,other,1570.0,3.0,78.0,3.0
6114,NGR Layout,1019.0,2.0,45.9,2.0
6115,Whitefield,1355.0,3.0,76.0,2.0
6116,other,1537.0,3.0,110.0,3.0
6117,Whitefield,4075.0,5.0,226.0,4.0
6118,Raja Rajeshwari Nagar,1550.0,3.0,52.45,3.0
6119,Raja Rajeshwari Nagar,1100.0,2.0,50.0,2.0
6120,other,1750.0,3.0,150.0,3.0
6121,9th Phase JP Nagar,1466.0,2.0,71.0,2.0
6122,Rachenahalli,1550.0,3.0,72.5,3.0
6123,Akshaya Nagar,2300.0,4.0,102.0,3.0
6124,Kengeri,540.0,1.0,22.5,1.0
6127,other,1020.0,2.0,48.0,2.0
6129,Hebbal,1987.0,4.0,165.0,3.0
6130,Hoodi,1305.0,2.0,75.0,2.0
6131,Sarjapur,2100.0,3.0,125.0,4.0
6132,Electronic City,1125.0,2.0,32.5,2.0
6133,Horamavu Banaswadi,1225.0,2.0,49.5,2.0
6134,Hennur,1255.0,2.0,55.5,2.0
6135,other,1191.0,2.0,90.0,2.0
6136,Uttarahalli,3600.0,6.0,303.0,6.0
6137,Electronic City,1165.0,2.0,33.64,2.0
6138,other,865.0,2.0,35.11,2.0
6139,Nagarbhavi,1850.0,2.0,88.0,3.0
6141,Hennur Road,1232.0,2.0,89.0,2.0
6142,Thanisandra,1732.0,3.0,85.73,3.0
6143,Yelahanka,1614.0,2.0,100.0,3.0
6144,Magadi Road,600.0,1.0,22.0,2.0
6145,Thigalarapalya,2072.0,4.0,155.0,3.0
6146,Electronic City,919.0,2.0,34.0,2.0
6147,other,2100.0,4.0,90.0,4.0
6151,other,2849.0,5.0,250.0,4.0
6152,other,1000.0,2.0,42.0,2.0
6153,Whitefield,1216.0,2.0,75.0,2.0
6154,Lingadheeranahalli,2245.0,4.0,154.0,4.0
6155,Bannerghatta Road,1476.0,3.0,125.0,3.0
6156,Ambedkar Nagar,1852.0,3.0,130.0,3.0
6157,other,1225.0,2.0,47.0,2.0
6158,Panathur,1597.0,3.0,67.12,3.0
6159,Jakkur,2423.0,4.0,160.0,3.0
6160,Marathahalli,1152.0,2.0,90.0,2.0
6161,Harlur,1762.0,3.0,133.0,3.0
6162,Kammasandra,1400.0,3.0,92.0,3.0
6163,Rachenahalli,1530.0,2.0,74.4,3.0
6165,Raja Rajeshwari Nagar,1185.0,2.0,40.17,2.0
6166,Yelahanka,1890.0,3.0,108.0,3.0
6167,Varthur Road,1247.0,2.0,58.0,3.0
6170,Bellandur,1201.0,2.0,59.99,2.0
6171,other,830.0,2.0,40.0,2.0
6172,Electronic City Phase II,1165.0,2.0,30.29,2.0
6173,Bommanahalli,1100.0,1.0,55.0,2.0
6174,9th Phase JP Nagar,1890.0,2.0,93.0,3.0
6175,other,1685.0,3.0,60.0,3.0
6177,Battarahalli,1165.0,2.0,43.0,2.0
6178,other,827.0,2.0,45.0,2.0
6181,Electronics City Phase 1,635.0,1.0,26.0,1.0
6182,Whitefield,4000.0,4.0,380.0,4.0
6183,other,1050.0,2.0,50.0,2.0
6185,Jakkur,1819.18,3.0,168.0,3.0
6186,Kanakapura,1500.0,3.0,125.0,3.0
6187,Yelenahalli,1500.0,2.0,57.0,3.0
6189,Raja Rajeshwari Nagar,1751.0,3.0,72.0,3.0
6191,Bommasandra,1020.0,2.0,40.89,2.0
6192,Thanisandra,1148.0,2.0,43.5,2.0
6193,Talaghattapura,1856.0,3.0,135.0,3.0
6196,other,1060.0,2.0,49.27,2.0
6197,Haralur Road,1300.0,2.0,60.0,2.0
6198,Hormavu,3000.0,4.0,100.0,4.0
6199,Bellandur,1325.0,2.0,65.0,2.0
6200,other,1261.0,2.0,61.0,2.0
6201,other,1100.0,2.0,46.0,2.0
6202,Ramamurthy Nagar,700.0,2.0,33.0,2.0
6203,7th Phase JP Nagar,1675.0,2.0,135.0,3.0
6204,other,3400.0,4.0,190.0,4.0
6206,other,1180.0,2.0,56.0,2.0
6207,Uttarahalli,1160.0,2.0,45.0,2.0
6208,Kasavanhalli,1863.0,3.0,105.0,4.0
6209,Sahakara Nagar,1914.0,3.0,149.0,3.0
6210,BTM Layout,1458.0,3.0,79.0,3.0
6212,Babusapalaya,1105.0,2.0,40.0,2.0
6213,Hulimavu,3035.0,5.0,220.0,3.0
6215,Akshaya Nagar,1662.0,3.0,90.0,3.0
6216,Yelahanka,1556.0,3.0,86.0,3.0
6217,Jigani,918.0,2.0,50.0,2.0
6218,Sarjapur  Road,1455.0,2.0,98.0,3.0
6219,other,1205.0,2.0,70.0,2.0
6220,BEML Layout,1194.0,2.0,65.0,2.0
6221,Laggere,1200.0,2.0,75.0,2.0
6222,Bannerghatta Road,1100.0,2.0,52.0,3.0
6223,Sarjapur  Road,1405.0,3.0,48.87,3.0
6224,Subramanyapura,929.0,2.0,56.0,2.0
6225,Frazer Town,3436.0,5.0,341.0,4.0
6226,7th Phase JP Nagar,1035.0,2.0,39.33,2.0
6227,8th Phase JP Nagar,2100.0,4.0,92.0,4.0
6228,Channasandra,1065.0,2.0,40.47,2.0
6229,Bannerghatta Road,1532.5,3.0,84.29,3.0
6232,Hormavu,1093.0,2.0,32.78,2.0
6233,Anandapura,1250.0,2.0,45.0,2.0
6234,Marathahalli,1680.0,3.0,105.0,3.0
6235,Nagarbhavi,1146.0,2.0,50.0,2.0
6236,other,1250.0,2.0,58.0,2.0
6237,Ramagondanahalli,1451.0,3.0,60.44,3.0
6238,other,1424.0,2.0,55.0,3.0
6239,Gottigere,1435.0,2.0,62.0,3.0
6240,Devanahalli,658.0,1.0,26.91,1.0
6241,Bommanahalli,1300.0,3.0,45.0,3.0
6242,Whitefield,1242.0,2.0,65.0,2.0
6243,Marathahalli,1910.0,3.0,119.0,3.0
6244,Yelahanka,1610.0,4.0,85.0,3.0
6245,Hulimavu,1127.0,2.0,65.0,2.0
6246,Yelahanka,1075.0,2.0,42.0,3.0
6247,Mysore Road,1155.0,2.0,51.0,2.0
6249,other,1250.0,3.0,55.0,3.0
6250,other,2200.0,4.0,160.0,3.0
6251,Billekahalli,2400.0,3.0,150.0,3.0
6252,Chandapura,876.0,2.0,29.5,2.0
6253,Nagarbhavi,1850.0,2.0,89.0,3.0
6254,Kadugodi,1314.0,2.0,83.0,2.0
6255,Rachenahalli,690.0,1.0,39.8,1.0
6256,Electronic City Phase II,3550.0,2.0,167.5,4.0
6257,other,1230.0,2.0,55.0,2.0
6258,Bommasandra,920.0,2.0,37.2,2.0
6259,Sarjapur  Road,1850.0,3.0,140.0,3.0
6260,Electronic City,1073.0,2.0,60.0,2.0
6261,other,1540.0,3.0,76.0,3.0
6262,Kanakpura Road,1550.0,3.0,63.5,3.0
6263,Kalyan nagar,1198.0,2.0,65.0,2.0
6264,HBR Layout,1656.0,3.0,90.0,3.0
6265,other,1900.0,3.0,155.0,3.0
6266,Ramagondanahalli,1910.0,3.0,142.0,3.0
6267,Mysore Road,1003.0,2.0,43.0,2.0
6269,Whitefield,1495.0,2.0,67.0,3.0
6270,Thanisandra,2172.0,3.0,76.02,3.0
6272,other,1200.0,1.0,95.0,2.0
6273,Whitefield,1548.0,3.0,65.0,3.0
6275,Whitefield,2856.0,5.0,154.5,4.0
6276,Hosur Road,1689.0,3.0,103.0,3.0
6277,Electronic City Phase II,1031.0,2.0,53.0,2.0
6278,Bhoganhalli,2119.0,4.0,111.0,4.0
6279,Whitefield,1200.0,2.0,46.13,2.0
6280,other,1060.0,2.0,37.0,2.0
6281,other,1100.0,2.0,61.0,2.0
6284,Hennur Road,1250.0,2.0,77.88,3.0
6286,Whitefield,1200.0,2.0,46.13,2.0
6287,Seegehalli,1420.0,2.0,46.0,3.0
6288,Electronic City,1500.0,2.0,78.0,3.0
6289,other,1942.0,3.0,155.0,3.0
6290,Haralur Road,1985.0,3.0,130.0,3.0
6291,Sarjapur  Road,950.0,1.0,39.9,1.0
6292,other,1200.0,4.0,80.0,3.0
6293,Green Glen Layout,1752.0,3.0,105.0,3.0
6294,Abbigere,1200.0,3.0,120.0,4.0
6296,Old Madras Road,1480.0,2.0,84.0,3.0
6298,Sarjapur  Road,1826.0,3.0,130.0,3.0
6299,8th Phase JP Nagar,1035.0,2.0,39.33,2.0
6300,Sarjapur  Road,2600.0,4.0,98.0,4.0
6301,Kasavanhalli,1667.0,3.0,92.0,3.0
6302,Thanisandra,934.0,2.0,55.0,2.0
6304,Mahadevpura,1620.0,2.0,76.0,3.0
6305,Electronic City,1070.0,2.0,47.0,2.0
6306,Hosur Road,3600.0,5.0,180.0,5.0
6307,Uttarahalli,1280.0,2.0,60.0,3.0
6308,other,1400.0,2.0,60.0,2.0
6310,other,1330.0,2.0,64.0,2.0
6311,Balagere,1012.0,2.0,54.59,2.0
6312,Electronic City Phase II,1611.0,2.0,48.33,3.0
6313,Whitefield,1405.0,3.0,58.0,3.0
6314,other,1515.0,3.0,90.0,3.0
6315,Thigalarapalya,1830.0,4.0,150.0,3.0
6316,Kaggadasapura,1710.0,3.0,60.0,3.0
6317,BTM Layout,935.0,2.0,51.5,2.0
6318,Jakkur,2197.0,3.0,136.0,3.0
6320,Yeshwanthpur,1678.0,3.0,92.13,3.0
6321,Brookefield,1410.0,2.0,80.0,3.0
6322,Jakkur,1125.0,2.0,65.0,2.0
6323,Magadi Road,1191.0,2.0,55.38,3.0
6324,Thubarahalli,1200.0,2.0,79.0,2.0
6325,CV Raman Nagar,1525.0,2.0,67.0,3.0
6326,other,1464.0,3.0,56.0,3.0
6327,Seegehalli,920.0,2.0,27.0,2.0
6328,Yelahanka,651.0,1.0,17.5,1.0
6329,Chikkabanavar,600.0,1.0,25.0,2.0
6330,Chandapura,645.0,1.0,16.45,1.0
6331,Thanisandra,1185.0,2.0,44.0,2.0
6332,Electronics City Phase 1,1190.0,2.0,68.0,2.0
6334,Whitefield,2856.0,5.0,158.5,4.0
6335,Whitefield,1355.0,2.0,73.0,2.0
6336,KR Puram,1200.0,1.0,65.0,2.0
6337,Kundalahalli,7000.0,4.0,550.0,4.0
6339,Yelahanka New Town,500.0,2.0,24.0,1.0
6340,Bommasandra Industrial Area,1250.0,3.0,50.0,3.0
6341,Uttarahalli,1480.0,2.0,58.0,3.0
6342,Ambalipura,3300.0,4.0,329.0,4.0
6343,KR Puram,1583.0,2.0,70.445,3.0
6344,other,1206.0,2.0,53.0,2.0
6346,Hosakerehalli,925.0,2.0,46.5,2.0
6347,8th Phase JP Nagar,909.0,2.0,40.9,2.0
6349,Brookefield,1100.0,2.0,55.0,2.0
6351,Vidyaranyapura,1100.0,2.0,54.0,2.0
6352,Subramanyapura,975.0,2.0,65.0,2.0
6353,Raja Rajeshwari Nagar,1306.0,2.0,44.17,2.0
6354,other,1200.0,4.0,95.0,4.0
6355,Kalena Agrahara,610.0,1.0,39.0,1.0
6356,Yelahanka,1484.0,2.0,56.4,3.0
6357,Ramamurthy Nagar,1125.0,2.0,47.0,2.0
6358,Bhoganhalli,1447.0,2.0,75.97,2.0
6359,Whitefield,2882.0,5.0,158.0,4.0
6361,Kundalahalli,2075.0,3.0,115.0,3.0
6362,other,1250.0,2.0,58.0,2.0
6363,Horamavu Banaswadi,1272.0,2.0,51.5,2.0
6365,other,625.0,2.0,24.0,2.0
6366,1st Phase JP Nagar,840.0,2.0,50.0,1.0
6367,Hennur Road,2502.0,4.0,180.0,4.0
6368,Rayasandra,583.0,1.0,26.9,1.0
6369,other,900.0,2.0,27.0,2.0
6370,Sarjapur  Road,1115.0,2.0,50.0,2.0
6371,other,1464.0,2.0,56.0,2.0
6372,Kanakapura,2200.0,3.0,121.0,3.0
6373,Whitefield,750.0,1.0,51.0,1.0
6374,Marathahalli,1600.0,3.0,58.0,3.0
6375,Chikkalasandra,1365.0,2.0,49.0,3.0
6376,other,1300.0,3.0,64.0,3.0
6377,other,1200.0,1.0,69.0,1.0
6378,Hormavu,1260.0,2.0,35.0,2.0
6379,Electronics City Phase 1,1190.0,2.0,33.92,2.0
6381,Vishwapriya Layout,1250.0,3.0,38.0,3.0
6382,Kaggadasapura,1500.0,3.0,75.0,3.0
6383,Banashankari Stage V,1510.0,3.0,47.57,3.0
6384,7th Phase JP Nagar,1187.0,2.0,59.0,2.0
6385,Kundalahalli,1120.0,2.0,53.76,2.0
6386,Whitefield,1115.0,2.0,34.555,2.0
6387,other,1717.0,3.0,99.0,3.0
6388,other,2099.0,3.0,95.0,3.0
6389,Kasturi Nagar,1100.0,2.0,58.0,2.0
6390,other,1200.0,1.0,48.0,1.0
6391,Bannerghatta Road,1465.0,2.0,45.87,3.0
6392,Kothanur,1500.0,1.0,75.0,1.0
6394,Haralur Road,1255.0,2.0,90.0,3.0
6395,5th Phase JP Nagar,1220.0,2.0,88.0,2.0
6396,Electronic City Phase II,1065.0,2.0,30.88,2.0
6397,Sultan Palaya,1765.0,3.0,80.0,3.0
6398,Bellandur,1281.0,2.0,87.0,2.0
6399,Electronic City,1210.0,2.0,25.0,2.0
6400,Kaggadasapura,1215.0,2.0,43.0,2.0
6401,Ananth Nagar,1200.0,3.0,87.0,4.0
6402,Mysore Road,1237.0,2.0,73.0,2.0
6403,Lakshminarayana Pura,1300.0,2.0,70.0,2.0
6404,Whitefield,1105.0,2.0,39.99,2.0
6405,Chandapura,1505.0,2.0,42.0,3.0
6406,Hebbal Kempapura,3900.0,5.0,310.0,4.0
6407,Banashankari,1186.0,2.0,65.0,2.0
6409,Kengeri,750.0,2.0,35.5,2.0
6410,Varthur,1083.0,2.0,28.0,2.0
6411,other,1430.0,2.0,78.65,3.0
6412,Thanisandra,1056.0,2.0,68.0,2.0
6413,other,2108.0,3.0,85.0,3.0
6414,Banashankari,1650.0,3.0,101.0,3.0
6415,Electronic City Phase II,1220.0,3.0,36.6,3.0
6416,Rayasandra,1198.0,2.0,54.0,2.0
6417,other,1190.0,2.0,70.0,2.0
6418,other,900.0,2.0,41.0,2.0
6419,other,2690.0,4.0,185.0,4.0
6420,Kanakapura,1340.0,2.0,65.0,2.0
6424,Yelahanka,1260.0,2.0,59.2,2.0
6425,Talaghattapura,2254.0,3.0,153.0,3.0
6426,Old Madras Road,2990.0,5.0,210.0,3.0
6428,JP Nagar,820.0,2.0,45.0,2.0
6429,Electronic City,1296.0,2.0,65.0,2.0
6430,Uttarahalli,1190.0,2.0,53.55,2.0
6431,Whitefield,1173.0,2.0,77.0,2.0
6432,Sarjapura - Attibele Road,1800.0,3.0,90.0,3.0
6433,Yelahanka,1102.0,2.0,52.0,2.0
6434,Sarjapur,913.0,2.0,36.0,2.0
6435,Hormavu,1176.0,2.0,35.27,3.0
6436,Prithvi Layout,1620.0,3.0,65.0,3.0
6437,Billekahalli,2968.0,3.0,225.0,3.0
6438,Yelahanka,1519.0,2.0,65.0,2.0
6439,Hosur Road,1345.0,2.0,106.0,2.0
6440,other,1594.0,3.0,99.0,3.0
6441,other,1250.0,2.0,68.0,2.0
6442,Haralur Road,1056.0,2.0,60.0,2.0
6443,Whitefield,1200.0,3.0,68.4,3.0
6444,other,1290.0,1.0,77.5,2.0
6445,other,1150.0,2.0,48.0,2.0
6447,Anekal,1200.0,2.0,36.0,4.0
6448,Gollarapalya Hosahalli,861.0,2.0,36.5,2.0
6449,Kundalahalli,1047.0,2.0,82.62,2.0
6450,other,1200.0,2.0,75.0,2.0
6452,other,1065.0,2.0,45.0,2.0
6454,Ramamurthy Nagar,1000.0,2.0,62.0,2.0
6455,Lingadheeranahalli,1682.0,3.0,113.0,3.0
6456,Harlur,1756.0,3.0,131.0,3.0
6459,Vittasandra,1238.0,2.0,67.32,2.0
6460,Dasanapura,814.0,2.0,42.0,2.0
6461,Dodda Nekkundi,1145.0,2.0,46.5,2.0
6462,Varthur,965.0,2.0,34.0,2.0
6463,other,750.0,2.0,36.0,2.0
6464,Banashankari,1300.0,2.0,55.0,3.0
6465,1st Phase JP Nagar,1590.0,3.0,131.0,3.0
6466,Begur Road,644.0,1.0,40.0,1.0
6467,Whitefield,982.0,2.0,37.0,2.0
6468,Indira Nagar,1260.0,2.0,100.0,2.0
6469,Rayasandra,1555.0,3.0,75.17,3.0
6471,Kaggadasapura,1225.0,2.0,48.0,2.0
6472,Electronics City Phase 1,1085.0,2.0,46.0,2.0
6474,Thanisandra,1595.0,3.0,110.0,3.0
6475,Raja Rajeshwari Nagar,1196.0,2.0,40.44,2.0
6476,Yelahanka,1859.0,3.0,108.0,3.0
6477,9th Phase JP Nagar,1079.0,2.0,60.0,2.0
6479,Whitefield,1118.0,2.0,42.0,2.0
6480,CV Raman Nagar,1198.0,2.0,60.0,2.0
6481,Chandapura,1162.5,2.0,30.215,3.0
6482,Thigalarapalya,1830.0,4.0,135.0,3.0
6483,Banashankari Stage VI,1160.0,2.0,59.0,2.0
6485,other,2070.0,3.0,135.0,3.0
6487,Kannamangala,957.0,2.0,52.5,2.0
6489,Bannerghatta Road,1268.0,2.0,69.0,2.0
6490,Bannerghatta Road,1450.0,2.0,87.0,3.0
6491,other,1600.0,2.0,75.0,3.0
6492,Uttarahalli,1330.0,2.0,57.0,3.0
6493,Jakkur,1355.0,2.0,65.0,3.0
6494,Horamavu Banaswadi,1272.0,2.0,51.5,2.0
6495,other,1100.0,2.0,38.49,2.0
6496,Sarjapur  Road,1220.0,3.0,58.0,3.0
6497,Chikkalasandra,1075.0,2.0,46.76,2.0
6498,other,800.0,2.0,55.0,2.0
6499,Vasanthapura,995.0,2.0,34.82,2.0
6500,other,900.0,1.0,44.0,2.0
6501,Haralur Road,1140.0,2.0,42.0,2.0
6502,other,1480.0,2.0,125.0,3.0
6503,Padmanabhanagar,1710.0,2.0,90.63,3.0
6504,Talaghattapura,2106.0,3.0,148.0,3.0
6506,other,3800.0,2.0,130.0,3.0
6508,Marathahalli,1602.0,2.0,104.0,2.0
6509,Sarjapur  Road,1660.0,2.0,116.0,3.0
6510,Electronic City Phase II,1549.0,3.0,80.0,3.0
6511,Marathahalli,700.0,1.0,38.0,1.0
6512,Balagere,1012.0,2.0,64.0,2.0
6513,Marathahalli,1469.0,3.0,89.0,3.0
6514,Whitefield,1216.0,2.0,69.0,2.0
6515,Electronic City Phase II,1065.0,2.0,56.13,2.0
6516,Thanisandra,1411.0,3.0,93.15,3.0
6517,Pai Layout,1400.0,2.0,57.5,2.0
6518,Hoskote,1250.0,3.0,29.0,3.0
6519,Haralur Road,1245.0,2.0,62.0,2.0
6520,Choodasandra,1115.0,2.0,50.0,2.0
6521,Vidyaranyapura,1000.0,2.0,35.0,2.0
6522,Panathur,1580.0,3.0,71.89,3.0
6523,Subramanyapura,1800.0,3.0,90.0,3.0
6525,Chandapura,645.0,1.0,16.45,1.0
6526,Kothannur,1275.0,3.0,44.0,3.0
6527,Kasavanhalli,1494.0,3.0,82.0,3.0
6528,Bhoganhalli,1949.0,3.0,129.0,3.0
6529,BTM Layout,1020.0,2.0,46.5,2.0
6530,Mysore Road,883.0,2.0,45.0,2.0
6531,Old Airport Road,3200.0,4.0,280.0,4.0
6534,other,2010.0,3.0,125.0,3.0
6535,Yeshwanthpur,1240.0,2.0,80.0,2.0
6536,6th Phase JP Nagar,1213.0,2.0,63.0,2.0
6537,Hegde Nagar,1835.0,3.0,88.0,3.0
6539,Bannerghatta Road,2932.0,5.0,195.0,4.0
6540,Whitefield,3425.0,5.0,250.0,4.0
6541,Gottigere,945.0,2.0,45.0,2.0
6542,other,1504.0,2.0,100.0,3.0
6543,Lakshminarayana Pura,1569.0,3.0,150.0,3.0
6544,Harlur,1755.0,3.0,130.0,3.0
6545,Vijayanagar,1760.0,3.0,140.0,3.0
6546,Hoodi,1240.0,2.0,43.94,2.0
6547,Electronics City Phase 1,1450.0,3.0,72.54,3.0
6548,5th Phase JP Nagar,1000.0,2.0,48.0,2.0
6549,Shivaji Nagar,3820.0,1.0,306.0,1.0
6550,Thyagaraja Nagar,2000.0,4.0,145.0,5.0
6551,Choodasandra,1215.0,2.0,59.0,2.0
6553,Yelachenahalli,1330.0,3.0,73.5,3.0
6554,Raja Rajeshwari Nagar,1178.0,2.0,75.0,2.0
6556,other,2040.0,2.0,59.0,2.0
6557,Bellandur,2000.0,3.0,85.0,3.0
6559,other,1200.0,4.0,130.0,4.0
6560,Parappana Agrahara,1194.0,2.0,46.0,2.0
6562,Dasarahalli,2400.0,2.0,152.0,3.0
6563,Sarjapur  Road,1700.0,3.0,108.0,3.0
6564,Jigani,1200.0,3.0,65.0,3.0
6565,other,1500.0,3.0,72.0,3.0
6568,Kanakpura Road,1737.0,3.0,85.0,3.0
6569,TC Palaya,900.0,2.0,55.0,2.0
6570,other,1280.0,2.0,48.0,3.0
6571,CV Raman Nagar,1560.0,2.0,85.0,2.0
6572,Kambipura,883.0,2.0,44.0,2.0
6573,Kengeri Satellite Town,750.0,2.0,33.0,2.0
6574,Brookefield,2400.0,3.0,140.0,4.0
6575,other,900.0,2.0,45.0,2.0
6576,Hormavu,1030.0,2.0,49.35,2.0
6577,7th Phase JP Nagar,1850.0,3.0,155.0,3.0
6578,Hennur Road,1831.0,3.0,110.0,3.0
6579,other,1095.0,2.0,38.33,2.0
6580,Electronic City Phase II,1320.0,2.0,38.13,3.0
6581,Sarjapur  Road,1272.5,2.0,40.72,3.0
6582,7th Phase JP Nagar,1000.0,2.0,61.0,2.0
6583,Budigere,1820.0,3.0,85.4,3.0
6584,Bisuvanahalli,1075.0,2.0,41.0,3.0
6585,TC Palaya,1500.0,3.0,83.0,3.0
6586,Electronics City Phase 1,360.0,1.0,16.9,1.0
6587,Kadugodi,925.0,1.0,40.7,1.0
6588,Electronic City,1140.0,2.0,70.93,2.0
6589,other,1145.0,2.0,58.4,2.0
6590,other,1862.0,3.0,120.0,3.0
6591,Devarachikkanahalli,947.0,2.0,43.0,2.0
6594,Kalena Agrahara,1120.0,2.0,40.0,2.0
6595,other,2700.0,3.0,200.0,3.0
6596,Kaggadasapura,1805.0,2.0,75.0,3.0
6598,Bommenahalli,1355.0,3.0,135.0,4.0
6599,other,1677.0,3.0,98.0,3.0
6600,other,2500.0,8.0,95.0,8.0
6601,Uttarahalli,1560.0,3.0,74.0,3.0
6602,Arekere,2060.0,3.0,150.0,3.0
6603,Koramangala,1716.0,2.0,115.0,3.0
6604,Harlur,1864.0,3.0,140.0,3.0
6605,Electronics City Phase 1,638.0,1.0,32.0,1.0
6608,Chandapura,937.0,2.0,30.0,2.0
6609,other,1490.0,2.0,115.0,3.0
6610,Frazer Town,4856.0,5.0,410.0,4.0
6612,Whitefield,1100.0,2.0,37.0,2.0
6613,Thigalarapalya,1000.0,2.0,48.53,2.0
6614,Horamavu Agara,1060.0,2.0,37.0,2.0
6616,Basaveshwara Nagar,1200.0,2.0,80.0,2.0
6617,Akshaya Nagar,1420.0,2.0,75.0,3.0
6618,Sarjapur  Road,1539.0,3.0,85.0,3.0
6619,other,1550.0,3.0,59.0,3.0
6620,Kasavanhalli,1555.0,3.0,82.0,3.0
6622,Seegehalli,1553.0,3.0,68.0,3.0
6623,Electronic City Phase II,920.0,2.0,26.0,2.0
6624,other,1740.0,3.0,120.0,3.0
6625,OMBR Layout,1855.0,3.0,145.0,3.0
6626,Kundalahalli,1724.0,3.0,146.0,3.0
6627,other,1020.0,2.0,60.0,2.0
6629,Uttarahalli,1250.0,2.0,50.0,3.0
6630,Sanjay nagar,1450.0,3.0,75.0,3.0
6631,Thubarahalli,1200.0,2.0,80.0,2.0
6632,Haralur Road,1140.0,2.0,58.0,2.0
6634,other,550.0,1.0,16.0,1.0
6635,Bannerghatta Road,1450.0,3.0,44.0,3.0
6637,Kanakpura Road,700.0,2.0,35.07,2.0
6638,Whitefield,1200.0,3.0,56.0,3.0
6639,Yelahanka,1050.0,2.0,45.0,2.0
6640,Somasundara Palya,1600.0,3.0,69.0,3.0
6641,Bannerghatta Road,1625.0,2.0,75.0,3.0
6642,other,1492.0,2.0,65.0,2.0
6643,Whitefield,2856.0,5.0,157.5,4.0
6644,Sarjapur  Road,1489.0,2.0,82.0,3.0
6645,Kanakapura,1560.0,2.0,62.38,3.0
6646,Haralur Road,1140.0,2.0,42.0,2.0
6647,other,1431.0,3.0,65.0,3.0
6648,Lingadheeranahalli,1682.0,3.0,114.0,3.0
6649,Panathur,1198.0,2.0,86.26,2.0
6650,other,3664.0,3.0,325.0,3.0
6651,Sarjapur  Road,1550.0,2.0,69.75,3.0
6652,Kodichikkanahalli,1026.0,2.0,45.0,2.0
6653,Hennur,1260.0,2.0,52.0,3.0
6654,other,690.0,2.0,42.0,2.0
6655,Sarjapur  Road,539.0,1.0,45.0,1.0
6656,Sarakki Nagar,1200.0,4.0,85.0,4.0
6657,Attibele,2400.0,3.0,120.0,3.0
6658,Thubarahalli,1200.0,2.0,79.55,2.0
6660,Sarjapur  Road,1186.0,2.0,40.0,3.0
6661,Thanisandra,1039.0,2.0,39.5,2.0
6663,Gottigere,1500.0,4.0,100.0,5.0
6664,Malleshwaram,2520.0,3.0,150.0,3.0
6665,Brookefield,1225.0,2.0,66.5,2.0
6666,Bommanahalli,1350.0,2.0,72.0,2.0
6668,Whitefield,1550.0,2.0,49.6,3.0
6669,Hoodi,1490.0,3.0,79.0,3.0
6670,other,1520.0,3.0,111.0,3.0
6672,other,1391.0,2.0,64.5,3.0
6673,Rachenahalli,1200.0,2.0,50.0,2.0
6674,other,1200.0,4.0,86.0,4.0
6676,Yelahanka,1322.0,2.0,80.0,2.0
6677,Whitefield,2173.0,3.0,128.0,3.0
6678,Sarjapur  Road,1200.0,2.0,75.0,2.0
6679,Thubarahalli,1200.0,2.0,47.0,2.0
6680,Mysore Road,1170.0,2.0,65.0,2.0
6681,NRI Layout,1125.0,2.0,45.56,2.0
6682,Devanahalli,698.5,1.0,28.57,1.0
6683,other,1250.0,2.0,90.0,2.0
6684,Chandapura,1025.0,2.0,27.68,2.0
6685,Yelahanka,1075.0,2.0,36.0,3.0
6686,other,1900.0,2.0,190.0,3.0
6687,Whitefield,1435.0,3.0,45.0,3.0
6688,Electronics City Phase 1,1175.0,2.0,64.98,2.0
6689,other,1464.0,3.0,56.0,3.0
6690,other,900.0,2.0,33.0,2.0
6691,Electronics City Phase 1,585.0,1.0,21.0,1.0
6692,Jigani,3170.0,5.0,230.0,4.0
6694,Thanisandra,1220.0,2.0,42.0,2.0
6696,Sarjapur  Road,2145.0,3.0,180.0,3.0
6697,Bannerghatta Road,960.0,2.0,58.0,2.0
6698,NGR Layout,907.0,1.0,38.0,1.0
6699,Old Madras Road,1210.0,2.0,74.0,2.0
6701,other,1230.0,2.0,70.0,2.0
6702,5th Phase JP Nagar,1350.0,2.0,75.0,3.0
6703,Kenchenahalli,1150.0,2.0,58.0,2.0
6704,Sarjapur,1404.0,2.0,53.35,3.0
6705,OMBR Layout,1050.0,2.0,48.0,2.0
6707,Yelahanka,1285.0,2.0,56.0,2.0
6708,Hormavu,1018.0,2.0,50.8,2.0
6709,Hoskote,1200.0,3.0,57.0,3.0
6710,Sarjapur  Road,1115.0,2.0,50.0,2.0
6711,other,1600.0,3.0,95.0,3.0
6712,9th Phase JP Nagar,1480.0,2.0,80.0,2.0
6713,Kodichikkanahalli,2500.0,7.0,125.0,5.0
6714,Kaval Byrasandra,480.0,1.0,25.0,1.0
6715,Akshaya Nagar,1435.0,3.0,53.0,3.0
6717,other,600.0,2.0,23.0,1.0
6718,CV Raman Nagar,1590.0,2.0,85.0,3.0
6720,Nagavara,936.0,2.0,40.2,2.0
6721,Banashankari,1181.0,2.0,75.0,2.0
6722,Kengeri,1741.0,3.0,80.0,3.0
6723,JP Nagar,1750.0,3.0,123.0,3.0
6724,Varthur Road,1050.0,2.0,42.7,2.0
6725,Tumkur Road,1027.0,2.0,60.0,2.0
6727,other,3463.0,6.0,310.0,4.0
6728,Sector 2 HSR Layout,1600.0,3.0,70.0,3.0
6729,Hebbal,2790.0,5.0,198.0,4.0
6730,Sahakara Nagar,1000.0,2.0,60.0,2.0
6731,Varthur,1120.0,2.0,44.24,2.0
6732,other,1200.0,2.0,85.0,2.0
6733,other,1200.0,2.0,35.0,2.0
6734,Kasturi Nagar,1570.0,3.0,110.0,3.0
6735,Koramangala,1500.0,3.0,135.0,3.0
6737,Electronic City Phase II,1140.0,2.0,33.84,2.0
6738,Banashankari,1105.0,2.0,90.0,2.0
6739,Electronic City,1200.0,2.0,34.65,2.0
6740,Whitefield,905.0,1.0,62.0,1.0
6742,Kudlu Gate,1185.0,2.0,50.0,2.0
6744,Rayasandra,1458.0,3.0,60.0,3.0
6745,Hormavu,1555.0,3.0,75.0,3.0
6746,other,1200.0,2.0,45.0,2.0
6747,Sarjapur  Road,1308.0,2.0,58.86,2.0
6748,Kudlu,1024.0,2.0,44.0,2.0
6749,Parappana Agrahara,1194.0,2.0,47.0,2.0
6750,Kanakapura,1450.0,3.0,75.0,3.0
6751,Seegehalli,1639.0,3.0,120.0,3.0
6752,Whitefield,1870.0,3.0,138.0,3.0
6753,Hennur Road,1232.0,2.0,87.0,2.0
6755,Chandapura,975.0,2.0,24.86,2.0
6756,other,2000.0,4.0,130.0,3.0
6757,Jakkur,1230.0,2.0,79.0,2.0
6758,other,1350.0,4.0,140.0,4.0
6759,KR Puram,1076.0,2.0,67.0,2.0
6760,Kumaraswami Layout,2400.0,7.0,125.0,7.0
6761,other,995.0,2.0,34.82,3.0
6762,Kodigehaali,2120.0,3.0,177.0,3.0
6765,Electronic City,1096.0,2.0,40.55,2.0
6766,Horamavu Agara,1107.83,2.0,41.51,2.0
6769,8th Phase JP Nagar,1431.5,3.0,72.02,3.0
6770,Whitefield,1320.0,2.0,99.26,2.0
6771,Whitefield,2901.0,4.0,190.0,3.0
6772,GM Palaya,1315.0,2.0,65.0,3.0
6773,other,1000.0,2.0,44.0,2.0
6774,Hosakerehalli,1596.0,3.0,79.8,3.0
6775,Bannerghatta Road,1750.0,3.0,130.0,3.0
6777,Old Madras Road,1350.0,3.0,47.25,3.0
6778,Old Madras Road,4062.5,2.0,341.0,4.0
6779,other,1175.0,2.0,79.0,2.0
6780,Talaghattapura,921.0,2.0,29.47,2.0
6782,Sultan Palaya,1713.0,3.0,125.0,3.0
6783,other,1200.0,2.0,43.0,2.0
6784,8th Phase JP Nagar,1900.0,4.0,90.0,3.0
6785,Kudlu Gate,1664.0,3.0,68.0,3.0
6786,Binny Pete,1795.0,3.0,139.0,3.0
6787,Kereguddadahalli,600.0,1.0,19.5,1.0
6788,Hoodi,1240.0,2.0,65.0,2.0
6789,Hegde Nagar,1965.0,4.0,132.0,3.0
6791,Sarjapur,4111.0,4.0,370.0,4.0
6792,Electronics City Phase 1,1200.0,2.0,59.76,2.0
6793,other,1112.0,2.0,68.0,2.0
6794,Raja Rajeshwari Nagar,3000.0,3.0,60.0,3.0
6795,Mahadevpura,1136.0,2.0,64.5,2.0
6796,Jigani,914.0,2.0,55.0,2.0
6797,Poorna Pragna Layout,1270.0,2.0,50.79,3.0
6798,Rachenahalli,1050.0,2.0,47.25,2.0
6799,Marathahalli,1385.0,2.0,68.5,3.0
6800,other,990.0,2.0,35.0,2.0
6801,Yelahanka,845.0,2.0,43.0,2.0
6802,Whitefield,1485.0,2.0,96.51,2.0
6803,Kanakapura,1460.0,2.0,43.79,3.0
6804,Thanisandra,1450.0,2.0,57.0,2.0
6805,HSR Layout,1360.0,2.0,53.0,3.0
6806,Singasandra,1375.0,2.0,58.0,2.0
6807,Uttarahalli,1125.0,2.0,48.0,2.0
6808,Banashankari,720.0,1.0,60.0,1.0
6809,7th Phase JP Nagar,1460.0,2.0,100.0,3.0
6810,other,1107.0,2.0,40.0,2.0
6811,other,1158.0,2.0,75.0,2.0
6812,Yelachenahalli,800.0,1.0,30.0,2.0
6814,Bhoganhalli,1760.0,3.0,128.0,3.0
6815,other,3200.0,4.0,200.0,4.0
6817,TC Palaya,1350.0,3.0,60.0,3.0
6819,other,1125.0,2.0,32.49,2.0
6820,Frazer Town,1706.0,3.0,154.0,3.0
6821,BTM Layout,1600.0,3.0,112.0,3.0
6822,other,1200.0,2.0,90.0,2.0
6823,Whitefield,1755.0,3.0,101.0,3.0
6824,Hulimavu,1200.0,2.0,50.0,2.0
6825,BEML Layout,1200.0,2.0,67.0,2.0
6826,other,1266.67,2.0,69.0,2.0
6827,other,1800.0,3.0,90.0,3.0
6829,2nd Phase Judicial Layout,1300.0,3.0,64.0,3.0
6832,Mysore Road,1029.5,2.0,50.855,2.0
6833,Raja Rajeshwari Nagar,1128.0,2.0,40.0,2.0
6834,other,2000.0,2.0,160.0,2.0
6835,Panathur,1210.0,2.0,80.0,2.0
6836,Arekere,2710.0,6.0,142.0,4.0
6837,Raja Rajeshwari Nagar,1151.0,2.0,39.0,2.0
6839,other,1464.0,3.0,56.0,3.0
6840,Electronic City,1017.0,2.0,27.0,2.0
6841,Sarjapur  Road,920.0,2.0,40.0,2.0
6844,Munnekollal,1750.0,3.0,86.5,3.0
6845,Dasanapura,1163.0,2.0,65.0,2.0
6846,7th Phase JP Nagar,1650.0,3.0,110.0,3.0
6847,other,1800.0,3.0,95.0,3.0
6848,CV Raman Nagar,1100.0,2.0,58.0,2.0
6849,R.T. Nagar,1200.0,2.0,60.0,2.0
6850,other,1410.0,3.0,65.0,3.0
6851,Begur Road,1933.0,3.0,98.0,3.0
6852,Begur Road,1200.0,2.0,45.6,2.0
6853,Whitefield,1608.0,2.0,63.0,3.0
6854,other,2679.0,5.0,280.0,4.0
6855,Horamavu Banaswadi,1156.0,2.0,46.9,2.0
6856,other,1230.0,2.0,75.0,2.0
6857,Kasavanhalli,770.0,1.0,43.82,1.0
6858,Ardendale,1777.26,3.0,105.0,3.0
6859,Kanakpura Road,1339.0,2.0,85.0,2.0
6860,Sarjapur  Road,3044.0,3.0,183.0,3.0
6861,other,1080.0,2.0,44.8,2.0
6862,other,3150.0,5.0,145.0,8.0
6863,other,2400.0,2.0,135.0,2.0
6864,Hulimavu,1450.0,3.0,72.0,3.0
6865,Kothanur,1075.0,2.0,53.0,2.0
6866,Sarjapur  Road,1163.0,2.0,62.0,3.0
6867,TC Palaya,1200.0,2.0,65.0,2.0
6869,Marathahalli,3090.0,4.0,325.0,4.0
6870,Hebbal,1299.0,2.0,100.0,2.0
6871,Electronic City,1130.0,2.0,32.63,2.0
6872,HRBR Layout,1170.0,2.0,75.0,2.0
6873,JP Nagar,2195.0,2.0,152.0,3.0
6874,Yelahanka,2600.0,4.0,175.0,4.0
6875,KR Puram,1140.0,2.0,43.32,2.0
6876,Kanakpura Road,1900.0,3.0,125.0,3.0
6877,Bommasandra Industrial Area,1090.0,2.0,31.48,2.0
6878,Electronic City,1110.0,2.0,39.95,2.0
6879,Nagavarapalya,705.0,1.0,57.0,1.0
6880,HBR Layout,1089.0,2.0,60.0,2.0
6881,other,880.0,2.0,48.0,2.0
6882,Kereguddadahalli,1080.0,2.0,32.0,2.0
6883,Thanisandra,1093.0,2.0,68.1,2.0
6884,Banashankari Stage III,1480.0,3.0,75.48,3.0
6885,Hegde Nagar,1703.0,3.0,125.0,3.0
6886,Hebbal,1200.0,2.0,60.0,2.0
6887,Marathahalli,1690.0,3.0,116.0,3.0
6888,Yelahanka,1305.0,2.0,78.0,2.0
6889,Talaghattapura,1257.0,2.0,40.22,3.0
6890,other,1150.0,2.0,45.0,2.0
6891,other,1194.0,2.0,55.0,2.0
6892,other,2000.0,3.0,90.0,3.0
6893,Anekal,1500.0,4.0,99.0,3.0
6894,other,1025.0,2.0,42.5,2.0
6895,Horamavu Agara,980.0,2.0,38.19,2.0
6896,Hosakerehalli,1200.0,2.0,100.0,3.0
6897,Whitefield,2225.0,3.0,149.0,3.0
6898,other,1022.0,2.0,57.0,2.0
6900,Narayanapura,1153.0,2.0,45.0,2.0
6901,Pai Layout,1175.0,2.0,60.0,2.0
6902,Vidyaranyapura,1560.0,3.0,68.0,3.0
6903,Yelahanka New Town,650.0,1.0,17.0,1.0
6905,Billekahalli,1350.0,3.0,55.0,2.0
6906,other,1200.0,2.0,76.0,2.0
6907,other,1200.0,1.0,54.0,2.0
6908,Chandapura,800.0,2.0,25.0,2.0
6909,Electronic City,2093.0,4.0,104.0,4.0
6910,Uttarahalli,1320.0,2.0,55.44,3.0
6911,Bannerghatta Road,1275.0,2.0,73.0,2.0
6912,Begur Road,1215.0,2.0,43.13,2.0
6913,Kanakapura,1130.0,2.0,45.2,2.0
6914,Begur Road,1444.0,2.0,71.5,3.0
6915,other,950.0,2.0,38.0,2.0
6917,Banashankari Stage II,1240.0,2.0,59.52,3.0
6919,Hennur,1231.0,2.0,50.0,2.0
6921,Yeshwanthpur,1713.0,3.0,110.0,3.0
6922,Kogilu,1200.0,2.0,53.33,2.0
6923,Sarjapur  Road,3004.0,4.0,158.0,3.0
6924,Sonnenahalli,1310.0,2.0,46.0,3.0
6925,Jalahalli,790.0,2.0,49.5,2.0
6927,other,1605.0,3.0,100.0,3.0
6928,Whitefield,1250.0,2.0,82.0,2.0
6930,Subramanyapura,1260.0,2.0,76.0,3.0
6932,Yelahanka,1180.0,2.0,56.0,2.0
6933,Uttarahalli,1255.0,2.0,50.19,3.0
6934,Electronic City,1025.0,2.0,53.9,2.0
6935,Sarjapur  Road,1877.0,4.0,150.0,3.0
6936,Lakshminarayana Pura,1649.0,3.0,150.0,3.0
6938,Hennur,2500.0,5.0,125.0,5.0
6939,other,1542.0,3.0,98.0,3.0
6940,Thigalarapalya,1418.0,2.0,105.0,2.0
6941,other,1012.0,2.0,42.0,2.0
6942,Chandapura,1200.0,2.0,65.0,2.0
6943,Sarjapur  Road,1115.0,2.0,43.0,2.0
6944,Green Glen Layout,1680.0,4.0,95.0,3.0
6945,Old Madras Road,1171.0,2.0,72.0,2.0
6946,Tumkur Road,1027.0,2.0,68.62,2.0
6947,Shampura,1700.0,3.0,75.0,3.0
6948,Kanakapura,1090.0,2.0,38.15,2.0
6949,Hennur Road,1232.0,2.0,74.0,2.0
6950,Anekal,766.0,2.0,28.0,2.0
6952,Kanakpura Road,525.0,1.0,27.0,1.0
6954,JP Nagar,1452.0,2.0,41.0,3.0
6955,Choodasandra,1254.0,2.0,65.0,3.0
6956,other,3600.0,5.0,110.0,5.0
6957,Kanakpura Road,1593.0,3.0,118.0,3.0
6958,other,1333.0,2.0,77.27,2.0
6959,other,1100.0,3.0,110.0,3.0
6960,Raja Rajeshwari Nagar,1375.0,2.0,54.99,3.0
6961,Ardendale,1650.0,3.0,82.0,3.0
6962,Thanisandra,1430.0,2.0,51.48,3.0
6963,Electronic City,940.0,2.0,54.0,2.0
6964,Electronic City,435.0,1.0,21.0,1.0
6965,Begur Road,1160.0,2.0,36.54,2.0
6966,Electronic City,1500.0,2.0,77.5,3.0
6967,Koramangala,1890.0,2.0,100.0,3.0
6968,other,1050.0,2.0,70.0,2.0
6970,Haralur Road,1027.0,2.0,43.0,2.0
6971,Whitefield,1495.0,2.0,61.28,3.0
6972,Seegehalli,3000.0,4.0,235.0,3.0
6973,Tumkur Road,1459.0,2.0,95.0,3.0
6974,Yelahanka,1711.0,3.0,85.61,3.0
6975,Hoodi,1250.0,2.0,98.0,2.0
6976,Chandapura,645.0,1.0,16.45,1.0
6977,Anandapura,875.0,2.0,57.0,2.0
6978,Ramamurthy Nagar,1334.0,2.0,67.0,2.0
6979,other,1140.0,2.0,32.92,2.0
6980,Sarjapur  Road,1115.0,2.0,50.0,2.0
6983,Thigalarapalya,2072.0,4.0,160.0,3.0
6986,Kengeri Satellite Town,920.0,2.0,39.0,2.0
6987,Chandapura,778.0,2.0,25.29,2.0
6988,Nagasandra,1310.0,3.0,95.0,4.0
6989,Electronic City,1631.0,3.0,80.0,3.0
6990,Kanakpura Road,525.0,1.0,27.5,1.0
6991,Jalahalli,1395.0,3.0,82.0,3.0
6992,other,2000.0,3.0,105.0,3.0
6993,Hennur Road,1232.0,2.0,66.0,2.0
6994,other,1075.0,2.0,55.0,2.0
6995,Gubbalala,1205.0,2.0,70.0,2.0
6997,Rajiv Nagar,2340.0,5.0,129.0,4.0
6998,Rayasandra,1179.0,2.0,55.0,3.0
6999,Kodigehaali,1013.0,2.0,51.0,2.0
7000,Uttarahalli,1160.0,2.0,40.6,2.0
7002,7th Phase JP Nagar,1200.0,2.0,62.5,2.0
7004,Uttarahalli,1255.0,2.0,50.19,3.0
7006,other,1069.0,2.0,55.0,2.0
7007,other,1200.0,3.0,99.0,3.0
7009,Marathahalli,1065.0,2.0,55.0,2.0
7010,Lakshminarayana Pura,1395.0,2.0,75.0,2.0
7011,Hebbal Kempapura,1725.0,2.0,165.0,3.0
7012,other,1007.0,2.0,43.0,2.0
7013,Kengeri,1436.0,2.0,55.0,3.0
7014,other,4250.0,6.0,150.0,6.0
7015,Hebbal,1645.0,3.0,117.0,3.0
7016,Kengeri,1200.0,2.0,58.0,2.0
7017,Mysore Road,940.0,2.0,43.61,2.0
7018,KR Puram,4300.0,6.0,175.0,6.0
7021,Haralur Road,1194.0,2.0,47.0,2.0
7023,Dodda Nekkundi,1829.0,3.0,125.0,3.0
7024,Whitefield,1800.0,4.0,178.0,4.0
7025,other,1000.0,2.0,60.0,2.0
7026,other,5720.0,3.0,350.0,3.0
7028,other,675.0,1.0,15.0,2.0
7029,Hebbal,1390.0,2.0,95.0,2.0
7030,Lakshminarayana Pura,1500.0,3.0,104.0,3.0
7031,Vijayanagar,2047.0,3.0,136.0,3.0
7032,Jakkur,1202.0,2.0,79.0,2.0
7033,other,1012.0,2.0,59.0,2.0
7034,Gunjur,2132.0,3.0,80.0,3.0
7036,Whitefield,605.0,1.0,40.0,1.0
7037,Harlur,1331.0,2.0,88.0,2.0
7038,Margondanahalli,1200.0,2.0,69.0,2.0
7043,other,1280.0,2.0,49.0,3.0
7044,Balagere,1007.0,2.0,62.0,2.0
7045,Thanisandra,1370.0,2.0,61.0,3.0
7046,other,925.0,2.0,35.0,2.0
7047,TC Palaya,1500.0,2.0,75.0,2.0
7048,Attibele,450.0,1.0,12.5,1.0
7050,Hennur Road,1341.0,2.0,95.0,2.0
7051,2nd Phase Judicial Layout,1350.0,2.0,47.25,3.0
7052,Tumkur Road,992.0,2.0,60.0,2.0
7053,Uttarahalli,1163.0,2.0,68.0,2.0
7054,Sarjapur  Road,1229.0,2.0,70.0,2.0
7055,other,600.0,2.0,39.0,2.0
7056,Electronic City Phase II,1219.0,2.0,61.26,2.0
7057,Raja Rajeshwari Nagar,1525.0,2.0,99.13,3.0
7058,Kasavanhalli,1147.0,2.0,60.0,2.0
7059,Akshaya Nagar,1412.0,2.0,88.0,3.0
7061,Sarjapur  Road,1044.0,2.0,34.77,2.0
7062,Nagarbhavi,1190.0,2.0,63.0,2.0
7063,other,1240.0,2.0,65.0,3.0
7064,Jigani,1352.0,3.0,65.0,3.0
7065,other,1100.0,2.0,55.0,2.0
7066,Uttarahalli,1330.0,2.0,39.9,3.0
7067,other,1700.0,3.0,111.0,3.0
7068,Electronic City,1355.0,2.0,67.0,2.0
7069,Ramamurthy Nagar,1200.0,2.0,46.0,2.0
7070,Kengeri,400.0,2.0,25.0,1.0
7071,Sarjapur  Road,1342.0,2.0,70.0,2.0
7072,Begur Road,1615.0,3.0,50.87,3.0
7073,other,1340.0,2.0,65.0,2.0
7074,other,1200.0,2.0,54.0,2.0
7076,Devanahalli,1080.0,2.0,52.0,2.0
7077,other,1600.0,2.0,31.0,2.0
7078,Electronic City,1200.0,2.0,34.0,2.0
7079,Hennur Road,2700.0,3.0,150.0,3.0
7080,other,1780.0,3.0,110.0,3.0
7081,Amruthahalli,1605.0,3.0,65.0,3.0
7084,Kammanahalli,1200.0,2.0,80.0,2.0
7085,Margondanahalli,900.0,2.0,49.0,2.0
7086,Sarjapur,1830.0,3.0,88.0,3.0
7089,other,1800.0,4.0,68.0,5.0
7091,Chandapura,1230.0,2.0,31.37,3.0
7092,Uttarahalli,1065.0,2.0,42.59,2.0
7095,other,900.0,2.0,65.0,3.0
7096,other,946.0,2.0,45.0,2.0
7097,Laggere,1500.0,1.0,60.0,1.0
7098,Sarjapur  Road,1711.0,3.0,110.0,3.0
7100,Chandapura,950.0,2.0,25.65,2.0
7101,Kudlu Gate,1656.0,3.0,80.0,3.0
7102,Uttarahalli,1075.0,2.0,46.76,2.0
7103,Harlur,1752.12,3.0,133.0,3.0
7104,Hebbal,6000.0,8.0,220.0,8.0
7105,other,1540.0,3.0,85.0,3.0
7107,LB Shastri Nagar,665.0,1.0,32.0,1.0
7108,Sector 2 HSR Layout,1665.0,3.0,110.0,3.0
7109,Electronics City Phase 1,1145.0,2.0,54.0,2.0
7110,Whitefield,1185.0,2.0,41.0,2.0
7112,Marathahalli,1693.0,3.0,125.0,3.0
7113,other,2456.0,3.0,220.0,3.0
7115,Uttarahalli,1155.0,2.0,40.6,2.0
7116,other,1610.0,2.0,64.4,3.0
7117,Whitefield,1200.0,3.0,56.58,3.0
7119,EPIP Zone,1709.0,3.0,80.0,3.0
7123,Gottigere,1400.0,2.0,50.0,3.0
7124,KR Puram,1200.0,2.0,42.0,2.0
7125,other,1439.0,3.0,57.23,3.0
7126,Kasavanhalli,1375.0,2.0,72.0,2.0
7128,Vijayanagar,1200.0,2.0,75.0,3.0
7129,Yelahanka,1315.0,2.0,75.0,2.0
7130,Dommasandra,1500.0,2.0,40.0,2.0
7131,Yelahanka,3600.0,6.0,200.0,6.0
7132,Vijayanagar,1178.0,2.0,82.0,2.0
7133,Bannerghatta Road,1430.0,3.0,59.0,3.0
7134,Mahadevpura,1400.0,2.0,65.8,3.0
7135,Thanisandra,1093.0,2.0,72.0,2.0
7136,Horamavu Banaswadi,1200.0,2.0,45.0,2.0
7137,Magadi Road,5000.0,6.0,360.0,5.0
7139,Whitefield,2210.0,3.0,156.0,3.0
7140,Uttarahalli,1150.0,2.0,70.0,2.0
7141,other,1435.0,2.0,60.0,3.0
7143,Whitefield,1173.0,2.0,78.2,2.0
7144,Thanisandra,1140.0,2.0,39.0,2.0
7145,other,1717.0,3.0,120.0,3.0
7146,Mallasandra,1325.0,2.0,65.0,2.0
7147,Hoodi,1370.0,3.0,67.0,3.0
7149,other,1409.0,2.0,62.0,3.0
7150,Bellandur,1200.0,2.0,52.0,2.0
7151,Thanisandra,1200.0,2.0,53.5,2.0
7152,Whitefield,1740.0,4.0,130.0,3.0
7153,Hennur Road,1232.0,2.0,88.0,2.0
7154,Chandapura,1200.0,2.0,36.0,2.0
7155,Whitefield,5924.0,4.0,625.0,4.0
7156,other,1250.0,2.0,50.0,2.0
7158,Bommanahalli,2100.0,4.0,85.0,4.0
7159,5th Phase JP Nagar,552.0,1.0,23.5,1.0
7160,Uttarahalli,1065.0,2.0,42.59,3.0
7162,other,1225.0,2.0,65.0,2.0
7163,other,650.0,1.0,16.0,1.0
7164,Padmanabhanagar,1067.0,2.0,52.0,2.0
7165,Sarjapur,1364.0,2.0,56.0,3.0
7166,other,1750.0,3.0,75.0,3.0
7167,Bannerghatta Road,1240.0,2.0,71.0,2.0
7168,Hulimavu,1200.0,2.0,75.0,2.0
7169,Kaggadasapura,1540.0,3.0,75.0,3.0
7170,other,1504.0,2.0,102.0,3.0
7171,other,1116.0,2.0,49.8,2.0
7172,Hennur Road,2365.0,4.0,175.0,3.0
7173,Sarjapura - Attibele Road,1308.0,2.0,37.0,2.0
7174,Vijayanagar,864.0,2.0,45.0,2.0
7176,Hoskote,1069.0,2.0,38.0,3.0
7177,Hebbal,1333.0,2.0,100.0,2.0
7178,other,1800.0,4.0,145.0,4.0
7179,Devanahalli,6136.0,4.0,550.0,4.0
7180,Thanisandra,1698.0,3.0,107.0,3.0
7181,JP Nagar,1275.0,2.0,43.6,3.0
7182,Raja Rajeshwari Nagar,1060.0,2.0,48.0,2.0
7183,Hennur,1160.0,2.0,49.0,2.0
7184,Sarjapur  Road,1484.0,2.0,65.0,3.0
7187,Hennur Road,1310.0,2.0,66.0,2.0
7189,other,3000.0,4.0,240.0,4.0
7190,Varthur,2145.0,3.0,165.0,3.0
7191,Marathahalli,1693.0,3.0,125.0,3.0
7192,Jigani,1230.0,3.0,60.0,3.0
7194,Bommasandra Industrial Area,1310.0,2.0,37.83,3.0
7195,other,1150.0,2.0,60.0,2.0
7196,Munnekollal,1385.0,2.0,66.5,3.0
7197,Tumkur Road,1066.0,2.0,52.5,2.0
7198,Thanisandra,2293.0,3.0,80.26,3.0
7200,other,1625.0,3.0,92.0,3.0
7201,Vittasandra,1246.0,2.0,67.4,2.0
7203,other,2400.0,4.0,250.0,4.0
7204,Raja Rajeshwari Nagar,3900.0,6.0,195.0,6.0
7205,7th Phase JP Nagar,1000.0,2.0,70.65,2.0
7206,Nagavarapalya,907.0,2.0,38.0,2.0
7207,Ulsoor,3500.0,4.0,138.0,4.0
7208,Varthur,1395.0,2.0,79.0,3.0
7209,other,1180.0,2.0,50.0,2.0
7210,Banaswadi,1903.0,6.0,140.0,5.0
7211,Electronic City,1175.0,2.0,47.0,2.0
7212,other,1272.0,2.0,51.5,2.0
7213,other,1490.0,2.0,92.0,3.0
7214,Yeshwanthpur,1144.0,2.0,67.0,2.0
7215,other,2400.0,5.0,140.0,4.0
7216,Hormavu,1143.0,2.0,53.0,2.0
7217,Karuna Nagar,2500.0,3.0,190.0,3.0
7218,Whitefield,1216.0,2.0,75.0,2.0
7219,other,1044.0,2.0,60.0,2.0
7220,Prithvi Layout,1352.0,3.0,93.0,2.0
7221,Hennur Road,1552.0,3.0,75.0,3.0
7222,Bellandur,1785.0,3.0,120.0,3.0
7223,Pai Layout,810.0,2.0,34.5,2.0
7224,Banashankari Stage V,1650.0,3.0,51.98,3.0
7225,other,1595.0,3.0,70.39,3.0
7226,Whitefield,1060.0,2.0,35.0,2.0
7227,Babusapalaya,1410.0,2.0,65.0,3.0
7228,Nagarbhavi,1523.0,2.0,56.0,3.0
7229,Kanakpura Road,1591.0,3.0,122.0,3.0
7230,other,1640.0,3.0,84.0,3.0
7231,Yelahanka New Town,450.0,1.0,16.0,1.0
7232,Bannerghatta Road,1305.0,2.0,60.0,3.0
7233,Yelahanka,1590.0,3.0,54.0,3.0
7234,Kaggadasapura,1240.0,2.0,45.0,2.0
7235,other,1200.0,2.0,54.0,2.0
7236,Dodda Nekkundi,1100.0,2.0,41.16,2.0
7238,Sarjapur  Road,1115.0,2.0,50.0,2.0
7239,Bisuvanahalli,845.0,2.0,33.0,2.0
7241,Channasandra,1310.0,2.0,45.0,3.0
7242,Yelahanka,26136.0,1.0,150.0,1.0
7243,other,959.0,2.0,42.5,2.0
7245,Kambipura,883.0,2.0,37.0,2.0
7246,Rachenahalli,1050.0,2.0,55.5,2.0
7247,Yelahanka,1390.0,2.0,70.21,2.0
7249,Kenchenahalli,1280.0,2.0,69.0,3.0
7251,Yelahanka,1614.0,3.0,95.0,3.0
7252,Kasturi Nagar,1000.0,2.0,58.0,2.0
7253,Marathahalli,1196.0,2.0,57.9,2.0
7254,Sarjapur  Road,1220.0,3.0,57.0,3.0
7255,Ambalipura,950.0,2.0,31.95,2.0
7257,other,1141.0,2.0,55.0,2.0
7258,5th Phase JP Nagar,1200.0,2.0,51.0,2.0
7259,Kasavanhalli,1380.0,2.0,55.0,3.0
7260,Doddathoguru,855.0,2.0,32.0,2.0
7261,Chandapura,645.0,1.0,16.45,1.0
7262,Chandapura,922.0,2.0,36.0,2.0
7263,other,1200.0,2.0,43.2,2.0
7264,other,1240.0,2.0,65.0,3.0
7265,7th Phase JP Nagar,1070.0,2.0,42.0,2.0
7266,other,1293.0,2.0,75.0,2.0
7267,R.T. Nagar,1380.0,2.0,50.0,3.0
7268,Yelahanka New Town,1599.0,3.0,80.0,3.0
7269,Nehru Nagar,967.0,2.0,41.1,2.0
7270,other,1885.0,3.0,90.0,3.0
7271,other,860.0,2.0,65.5,2.0
7272,Yelahanka,1075.0,1.0,19.5,1.0
7273,Sarjapur  Road,1050.0,2.0,63.5,2.0
7274,Marathahalli,1595.0,3.0,88.0,3.0
7275,Sarjapur  Road,1350.0,2.0,102.0,2.0
7276,Hebbal,1204.0,2.0,45.0,2.0
7277,Sarjapur  Road,2990.0,4.0,240.0,4.0
7278,Sarjapur  Road,1035.0,2.0,49.0,2.0
7279,ITPL,1000.0,2.0,29.95,2.0
7280,Sarjapur  Road,1457.0,3.0,85.0,3.0
7281,Haralur Road,1194.0,2.0,47.0,2.0
7282,Bannerghatta,1100.0,2.0,66.0,2.0
7283,Whitefield,1655.0,3.0,120.0,3.0
7284,Kanakpura Road,1691.2,3.0,115.0,3.0
7285,Ramagondanahalli,1215.0,2.0,46.1,2.0
7286,Kanakpura Road,1155.0,2.0,50.125,2.0
7287,Hoodi,1639.0,3.0,129.0,3.0
7288,Sarjapur  Road,1685.0,3.0,135.0,3.0
7290,Hormavu,1100.0,2.0,38.0,2.0
7291,Marathahalli,2122.0,3.0,125.0,3.0
7292,Vasanthapura,1050.0,2.0,47.0,2.0
7293,Kengeri,1230.0,2.0,45.0,2.0
7294,5th Phase JP Nagar,1240.0,3.0,60.0,3.0
7295,Electronic City Phase II,1252.0,2.0,65.0,3.0
7296,other,1374.0,2.0,88.0,3.0
7297,8th Phase JP Nagar,500.0,1.0,30.0,1.0
7299,Hebbal,1355.0,3.0,83.87,3.0
7300,Banashankari,1040.0,2.0,45.0,2.0
7301,Sarjapur  Road,1350.0,2.0,68.0,2.0
7302,Whitefield,4003.0,6.0,300.0,4.0
7303,Hennur,2400.0,3.0,135.0,3.0
7304,Haralur Road,1560.0,3.0,90.0,3.0
7305,Anandapura,1151.0,2.0,43.16,2.0
7306,Uttarahalli,1360.0,2.0,47.59,3.0
7307,other,1250.0,2.0,60.0,2.0
7308,Chandapura,1110.0,2.0,29.97,3.0
7309,Hennur Road,1015.0,2.0,50.0,2.0
7310,Kadugodi,1351.0,2.0,78.0,3.0
7311,Yelahanka New Town,960.0,2.0,50.0,2.0
7312,other,1110.0,2.0,52.0,2.0
7313,R.T. Nagar,1680.0,3.0,72.0,3.0
7314,Arekere,2400.0,3.0,180.0,3.0
7316,other,1350.0,3.0,48.6,3.0
7317,Horamavu Banaswadi,1254.0,2.0,47.0,2.0
7318,Haralur Road,1255.0,3.0,115.0,3.0
7319,CV Raman Nagar,1051.0,2.0,61.0,2.0
7321,Uttarahalli,1099.0,2.0,65.0,2.0
7322,Hebbal,2650.0,4.0,199.0,3.0
7323,other,2000.0,2.0,160.0,4.0
7325,Sarjapur  Road,1200.0,3.0,70.0,3.0
7326,Whitefield,1125.0,2.0,45.0,2.0
7327,Vittasandra,1650.0,3.0,85.0,3.0
7328,other,834.0,1.0,62.0,1.0
7329,Gollarapalya Hosahalli,1320.0,3.0,60.0,3.0
7332,Mysore Road,1500.0,3.0,74.0,3.0
7335,other,600.0,1.0,52.0,1.0
7336,Whitefield,1180.0,2.0,70.0,2.0
7337,Kadugodi,1010.0,2.0,50.0,2.0
7338,Channasandra,1070.0,2.0,38.0,2.0
7339,Choodasandra,1580.0,3.0,105.0,3.0
7341,Green Glen Layout,2000.0,3.0,165.0,3.0
7342,Iblur Village,1920.0,3.0,130.0,3.0
7343,Sanjay nagar,1200.0,2.0,76.0,3.0
7344,Kalena Agrahara,1040.0,2.0,45.0,2.0
7345,Hulimavu,1430.0,2.0,90.0,3.0
7346,Uttarahalli,1215.0,2.0,52.85,3.0
7348,Thanisandra,1564.0,3.0,105.0,3.0
7350,Hormavu,750.0,2.0,58.0,2.0
7351,Kasavanhalli,1200.0,2.0,60.0,2.0
7352,Raja Rajeshwari Nagar,1128.0,2.0,48.79,2.0
7353,Begur Road,1200.0,2.0,44.4,2.0
7354,other,2000.0,4.0,135.0,4.0
7355,other,2750.0,3.0,260.0,3.0
7357,Yelahanka,1650.0,3.0,105.0,3.0
7359,Yelahanka,1200.0,2.0,55.0,2.0
7361,Kengeri Satellite Town,985.0,2.0,42.0,2.0
7362,Ramagondanahalli,1475.0,2.0,63.0,3.0
7363,Hebbal,3450.0,5.0,348.0,3.0
7364,Sarjapur  Road,1157.0,2.0,53.99,3.0
7365,other,900.0,2.0,35.0,2.0
7366,Gottigere,2500.0,3.0,120.0,4.0
7367,GM Palaya,1030.0,2.0,60.0,2.0
7368,other,1000.0,2.0,46.0,2.0
7369,Sarjapur  Road,3800.0,3.0,325.0,4.0
7370,Kasavanhalli,4260.0,4.0,333.0,4.0
7371,Brookefield,1950.0,6.0,175.0,5.0
7372,Kudlu,1570.0,2.0,65.94,3.0
7373,Kanakapura,1283.0,2.0,68.0,2.0
7375,other,1200.0,2.0,52.0,2.0
7377,Konanakunte,2400.0,2.0,180.0,3.0
7378,Kathriguppe,1250.0,2.0,68.75,3.0
7379,Old Madras Road,3630.0,6.0,196.0,4.0
7380,Yelahanka,990.0,2.0,37.62,2.0
7381,Panathur,1199.0,2.0,85.0,2.0
7382,other,1280.0,2.0,90.0,2.0
7384,other,1190.0,2.0,55.0,2.0
7385,Yelachenahalli,1100.0,2.0,60.0,2.0
7386,other,2075.0,3.0,175.0,3.0
7387,Harlur,1133.0,2.0,55.0,2.0
7388,Somasundara Palya,2400.0,3.0,140.0,4.0
7389,Whitefield,1280.0,2.0,69.0,2.0
7390,Horamavu Agara,1250.0,3.0,65.0,3.0
7391,Begur Road,1565.0,2.0,49.3,3.0
7392,other,1900.0,3.0,65.0,3.0
7393,Munnekollal,1080.0,2.0,45.0,2.0
7394,Battarahalli,600.0,1.0,47.0,1.0
7396,HRBR Layout,1335.0,2.0,87.0,3.0
7397,Vittasandra,1246.0,2.0,67.3,2.0
7398,JP Nagar,3496.5,2.0,237.5,3.0
7399,Sarjapur  Road,1385.0,3.0,55.0,3.0
7400,other,1578.0,3.0,73.9,3.0
7401,HSR Layout,1140.0,2.0,46.0,2.0
7402,Sarjapur  Road,1700.0,3.0,79.9,3.0
7404,Vidyaranyapura,1120.0,2.0,70.0,2.0
7405,Electronic City,435.0,1.0,22.0,1.0
7406,Magadi Road,1116.0,2.0,51.89,2.0
7407,Old Madras Road,1480.0,3.0,95.0,3.0
7408,Hormavu,1000.0,2.0,50.0,2.0
7409,HSR Layout,1145.0,2.0,46.0,2.0
7410,Bommasandra,800.0,1.0,32.0,2.0
7411,Thanisandra,1265.0,2.0,83.0,2.0
7412,Devanahalli,1700.0,3.0,88.2,3.0
7413,other,1475.0,2.0,70.0,2.0
7414,BTM 2nd Stage,1265.0,2.0,55.0,2.0
7415,Anandapura,1200.0,2.0,58.0,2.0
7416,1st Phase JP Nagar,2180.0,3.0,210.0,3.0
7417,Brookefield,1080.0,2.0,50.0,2.0
7418,Whitefield,2023.0,4.0,130.0,3.0
7419,other,2400.0,2.0,125.0,2.0
7420,Kadubeesanahalli,1545.0,2.0,66.0,3.0
7421,Kalena Agrahara,1804.0,3.0,166.0,3.0
7423,6th Phase JP Nagar,1350.0,2.0,58.0,3.0
7424,Hoodi,1108.0,2.0,74.23,2.0
7425,Marathahalli,1730.0,3.0,115.0,3.0
7426,other,1427.0,2.0,70.0,3.0
7427,Yelahanka,935.0,2.0,35.53,2.0
7428,Sarjapura - Attibele Road,1073.0,2.0,31.77,2.0
7429,Ananth Nagar,960.0,2.0,37.0,2.0
7430,Thigalarapalya,2215.0,4.0,150.0,3.0
7431,Electronic City Phase II,1125.0,2.0,32.49,2.0
7432,Brookefield,1230.0,2.0,55.0,2.0
7433,Mahadevpura,1438.0,2.0,89.0,2.0
7434,7th Phase JP Nagar,1080.0,2.0,75.0,2.0
7437,Uttarahalli,1590.0,3.0,58.0,3.0
7438,other,1350.0,3.0,68.0,3.0
7439,Raja Rajeshwari Nagar,1400.0,2.0,48.0,3.0
7440,Kaggadasapura,1560.0,2.0,72.0,3.0
7441,Mallasandra,1810.0,3.0,57.0,4.0
7442,other,2274.24,4.0,160.0,3.0
7443,Sonnenahalli,1484.0,3.0,74.18,3.0
7445,other,1455.0,2.0,55.0,3.0
7446,Thanisandra,2280.0,4.0,184.0,3.0
7449,Bharathi Nagar,1351.0,2.0,74.0,2.0
7450,Kanakpura Road,1223.0,2.0,42.81,3.0
7451,KR Puram,1430.0,2.0,61.0,3.0
7453,Electronic City Phase II,1310.0,2.0,37.83,3.0
7456,Sarjapur  Road,984.0,2.0,55.0,2.0
7457,Jalahalli,1770.0,3.0,100.0,3.0
7460,Bhoganhalli,1447.0,2.0,75.97,2.0
7461,Margondanahalli,1140.0,2.0,60.0,2.0
7462,Bommanahalli,1170.0,2.0,34.0,2.0
7463,Poorna Pragna Layout,1160.0,2.0,46.39,2.0
7464,Kanakpura Road,1296.0,2.0,89.0,2.0
7465,other,1570.0,3.0,80.0,3.0
7466,other,1495.0,2.0,65.0,3.0
7467,Hoodi,1530.0,2.0,67.0,3.0
7469,Gunjur,1800.0,3.0,70.0,3.0
7470,Bellandur,1088.0,2.0,48.0,2.0
7471,Hosa Road,1533.0,3.0,98.18,3.0
7472,Rachenahalli,1100.0,2.0,68.0,2.0
7473,Thubarahalli,1540.0,3.0,90.0,3.0
7474,Hebbal,1244.0,3.0,48.0,2.0
7475,Hosa Road,1040.0,2.0,68.59,2.0
7477,Begur Road,1260.0,2.0,39.69,2.0
7478,Uttarahalli,1180.0,2.0,41.3,2.0
7479,Thigalarapalya,1245.0,2.0,100.0,2.0
7480,other,1350.0,3.0,75.0,3.0
7481,other,1464.0,3.0,56.0,3.0
7482,other,470.0,2.0,10.0,1.0
7483,Vijayanagar,920.0,2.0,60.0,2.0
7484,other,2300.0,7.0,160.0,6.0
7485,Sarjapur,1124.0,2.0,30.35,2.0
7486,Yelahanka New Town,2095.0,3.0,109.0,4.0
7487,Begur Road,1100.0,2.0,71.42,2.0
7488,Vijayanagar,1019.0,2.0,58.0,2.0
7489,Harlur,1756.0,3.0,128.0,3.0
7490,Bommasandra,1280.0,3.0,50.0,3.0
7491,Kenchenahalli,1200.0,3.0,125.0,4.0
7492,Indira Nagar,1700.0,3.0,150.0,3.0
7493,Whitefield,2134.0,4.0,118.0,3.0
7494,Hosa Road,1369.1,2.0,98.0,2.0
7497,other,2515.0,4.0,155.0,3.0
7498,Thigalarapalya,2215.0,4.0,154.0,3.0
7499,other,1440.0,3.0,72.0,3.0
7500,Hennur Road,1186.0,2.0,55.33,3.0
7501,Uttarahalli,1350.0,2.0,47.24,3.0
7502,Hebbal,1800.0,3.0,140.0,3.0
7503,Kudlu,1600.0,3.0,79.0,3.0
7504,GM Palaya,1000.0,2.0,35.0,2.0
7506,Banashankari Stage III,1305.0,2.0,59.0,3.0
7507,Binny Pete,1740.0,3.0,150.0,3.0
7510,Kambipura,1082.0,2.0,45.5,3.0
7511,Nagarbhavi,1050.0,2.0,80.0,2.0
7512,other,1200.0,2.0,56.0,2.0
7513,Begur,3500.0,4.0,185.0,3.0
7514,Dasarahalli,1220.0,2.0,52.0,2.0
7515,Binny Pete,1970.0,3.0,164.0,3.0
7517,Kanakapura,2130.0,4.0,120.0,4.0
7518,Harlur,1749.0,3.0,120.0,3.0
7522,other,1670.0,3.0,75.0,3.0
7523,Hennur Road,2264.0,3.0,168.0,3.0
7525,Begur,1100.0,2.0,55.0,2.0
7526,Chandapura,674.0,1.0,19.9,2.0
7529,Electronics City Phase 1,1125.0,2.0,65.0,2.0
7530,Nagavara,1125.0,2.0,44.5,2.0
7531,other,700.0,2.0,29.0,2.0
7532,BTM Layout,1300.0,2.0,75.0,3.0
7533,JP Nagar,1600.0,3.0,83.0,3.0
7534,Magadi Road,1052.0,2.0,60.0,3.0
7536,Devarachikkanahalli,1130.0,2.0,36.0,2.0
7538,BTM 2nd Stage,2200.0,3.0,220.0,3.0
7539,Electronic City,1500.0,2.0,63.0,3.0
7540,Old Madras Road,1350.0,3.0,47.25,3.0
7541,Gottigere,1230.0,2.0,52.0,3.0
7542,Haralur Road,1520.0,2.0,85.0,3.0
7543,Kanakpura Road,525.0,1.0,26.25,1.0
7544,Hosa Road,1040.0,2.0,61.0,2.0
7545,other,1300.0,2.0,67.0,3.0
7546,Old Airport Road,2690.0,4.0,201.0,4.0
7547,Domlur,780.0,1.0,70.0,1.0
7548,Panathur,1140.0,2.0,51.2,2.0
7549,Chandapura,1225.0,3.0,33.08,3.0
7550,Nagavarapalya,646.0,1.0,25.84,1.0
7551,Cox Town,1600.0,3.0,150.0,3.0
7552,Kadugodi,1890.0,4.0,125.0,3.0
7553,Kadugodi,1050.0,2.0,34.0,2.0
7555,Whitefield,1458.0,2.0,62.0,3.0
7557,Green Glen Layout,1970.0,3.0,160.0,3.0
7558,Whitefield,1808.0,4.0,80.0,3.0
7559,Balagere,1007.0,2.0,67.0,2.0
7560,Doddathoguru,1105.0,2.0,50.0,2.0
7561,Lakshminarayana Pura,1700.0,3.0,150.0,3.0
7562,Raja Rajeshwari Nagar,1170.0,2.0,50.0,2.0
7563,Chandapura,1080.0,2.0,45.0,2.0
7564,Kaggalipura,1150.0,2.0,62.0,3.0
7565,Ramamurthy Nagar,1200.0,2.0,57.9,2.0
7566,other,1200.0,2.0,54.0,2.0
7567,Kudlu Gate,1656.0,3.0,75.0,3.0
7569,KR Puram,1040.0,2.0,50.0,2.0
7570,Hosur Road,1085.0,2.0,33.7,2.0
7571,other,1215.0,2.0,49.75,3.0
7572,NRI Layout,2150.0,4.0,115.0,4.0
7574,Panathur,1210.0,2.0,77.0,2.0
7575,other,1050.0,2.0,55.0,2.0
7577,Iblur Village,1920.0,3.0,150.0,3.0
7578,Uttarahalli,1250.0,2.0,50.0,3.0
7580,Malleshpalya,1421.0,2.0,90.0,2.0
7582,Old Madras Road,1425.0,2.0,74.31,3.0
7583,Budigere,1162.0,2.0,58.0,2.0
7584,Whitefield,905.0,1.0,60.0,1.0
7585,Sarjapur  Road,914.0,2.0,32.0,2.0
7586,other,1258.0,2.0,58.0,2.0
7588,Hormavu,3500.0,4.0,289.0,4.0
7591,Whitefield,1537.0,2.0,70.0,3.0
7592,Chikkalasandra,1230.0,2.0,53.51,3.0
7594,Malleshwaram,2250.0,3.0,200.0,3.0
7595,Hosur Road,2000.0,4.0,69.0,4.0
7596,other,3000.0,4.0,130.0,8.0
7598,Indira Nagar,3200.0,3.0,250.0,4.0
7599,Anjanapura,950.0,2.0,32.0,2.0
7600,Marathahalli,4000.0,4.0,200.0,4.0
7601,Yelahanka,1282.0,2.0,48.72,3.0
7603,7th Phase JP Nagar,2100.0,3.0,200.0,3.0
7604,Jakkur,1220.0,2.0,49.0,3.0
7605,Budigere,1636.0,3.0,85.0,3.0
7606,7th Phase JP Nagar,1415.0,3.0,65.0,3.0
7608,Green Glen Layout,1728.0,3.0,125.0,3.0
7609,7th Phase JP Nagar,1680.0,3.0,125.0,3.0
7612,Yelahanka,3990.0,4.0,260.0,4.0
7613,Kasavanhalli,1495.0,2.0,83.0,2.0
7615,Yeshwanthpur,2501.0,3.0,138.0,3.0
7616,Kanakpura Road,381.0,1.0,28.0,1.0
7618,Hennur Road,2002.0,3.0,120.0,3.0
7619,other,3200.0,3.0,260.0,3.0
7620,Banjara Layout,1200.0,2.0,70.0,2.0
7622,Bommasandra,1942.0,3.0,90.0,3.0
7623,Electronics City Phase 1,1522.5,2.0,60.75,3.0
7626,other,1450.0,3.0,90.0,3.0
7627,Electronic City,1039.0,2.0,50.0,2.0
7628,Old Madras Road,1210.0,2.0,80.0,2.0
7629,Attibele,995.0,1.0,24.88,2.0
7630,Yelahanka,1620.0,3.0,90.0,3.0
7632,Hebbal Kempapura,3408.0,3.0,260.0,3.0
7633,Marathahalli,1314.0,2.0,55.0,2.0
7634,Bisuvanahalli,945.0,2.0,33.0,2.0
7635,Nehru Nagar,1374.0,3.0,72.0,3.0
7636,Kanakpura Road,1603.0,3.0,113.0,3.0
7637,Kengeri,1230.0,2.0,52.0,3.0
7638,Basavangudi,670.0,1.0,50.0,1.0
7639,Sarjapur  Road,1864.0,3.0,105.0,4.0
7640,Hosa Road,2500.0,3.0,100.0,3.0
7641,Raja Rajeshwari Nagar,1625.0,2.0,54.0,3.0
7642,Whitefield,1186.0,2.0,55.0,2.0
7644,Electronic City,770.0,1.0,39.9,2.0
7645,Varthur,1085.0,2.0,45.0,2.0
7647,other,1893.0,3.0,115.0,3.0
7649,Kundalahalli,1496.0,2.0,78.0,3.0
7650,Chandapura,1305.0,3.0,33.28,3.0
7651,Electronics City Phase 1,1550.0,2.0,82.0,3.0
7652,Marathahalli,1200.0,2.0,58.17,3.0
7653,Badavala Nagar,1494.0,2.0,94.55,3.0
7654,Electronic City Phase II,1286.0,2.0,69.0,2.0
7656,Hebbal,1860.0,3.0,95.0,3.0
7658,Haralur Road,1243.0,2.0,45.0,2.0
7659,Brookefield,1200.0,2.0,75.0,2.0
7660,Sarjapur,1044.0,2.0,32.0,2.0
7661,7th Phase JP Nagar,1040.0,2.0,41.59,2.0
7662,8th Phase JP Nagar,1125.0,2.0,36.94,2.0
7664,Subramanyapura,1278.0,2.0,59.0,3.0
7665,other,2400.0,6.0,98.0,6.0
7666,other,1250.0,2.0,43.0,2.0
7667,Vijayanagar,2400.0,6.0,125.0,5.0
7669,Lakshminarayana Pura,1210.0,2.0,75.0,2.0
7670,8th Phase JP Nagar,1200.0,3.0,110.0,4.0
7671,Sarjapur  Road,1157.0,2.0,57.84,3.0
7672,Raja Rajeshwari Nagar,1185.0,2.0,51.15,2.0
7673,Kalena Agrahara,1450.0,3.0,100.0,3.0
7674,Old Madras Road,1859.0,3.0,121.0,3.0
7676,Attibele,900.0,1.0,25.0,2.0
7677,Ramamurthy Nagar,1305.0,3.0,60.0,3.0
7678,other,1200.0,2.0,100.0,3.0
7679,Thanisandra,784.0,1.0,35.285,1.0
7681,Sarjapur  Road,1150.0,2.0,36.8,2.0
7682,Whitefield,1806.0,3.0,85.0,3.0
7683,Kudlu,1027.0,2.0,42.0,2.0
7684,Uttarahalli,1002.0,2.0,40.08,2.0
7685,Electronic City Phase II,1220.0,2.0,36.21,3.0
7686,Whitefield,1109.0,2.0,35.22,2.0
7687,Uttarahalli,1002.0,2.0,40.08,2.0
7688,Narayanapura,1308.0,2.0,89.04,2.0
7689,Hennur Road,1232.0,2.0,69.6,2.0
7690,Haralur Road,1027.0,2.0,44.0,2.0
7691,Kalyan nagar,1250.0,2.0,65.0,2.0
7694,Raja Rajeshwari Nagar,1255.0,2.0,53.87,2.0
7695,Akshaya Nagar,1434.0,3.0,84.0,3.0
7696,Doddathoguru,925.0,2.0,30.0,2.0
7697,Jakkur,1858.0,3.0,123.0,3.0
7698,other,1205.0,2.0,70.0,2.0
7699,other,1500.0,3.0,90.0,3.0
7701,Mysore Road,1020.0,2.0,48.95,2.0
7702,Thanisandra,965.0,2.0,56.0,2.0
7705,Battarahalli,1636.0,2.0,82.89,2.0
7706,Kundalahalli,1724.0,3.0,125.0,3.0
7707,Whitefield,1216.0,2.0,67.0,2.0
7708,Yelahanka,654.0,1.0,36.25,1.0
7709,Chikkabanavar,2460.0,7.0,80.0,4.0
7710,other,1190.0,2.0,41.0,2.0
7712,Budigere,1636.0,3.0,92.0,3.0
7713,Hennur Road,1195.0,2.0,73.0,2.0
7715,other,1250.0,2.0,67.0,2.0
7716,Whitefield,1452.0,3.0,90.0,3.0
7717,Thanisandra,1546.0,3.0,95.0,3.0
7718,Sarjapur  Road,3385.5,6.0,142.0,4.0
7720,other,2260.0,3.0,80.0,2.0
7721,other,2700.0,3.0,90.0,4.0
7723,JP Nagar,3000.0,3.0,150.0,4.0
7724,other,375.0,1.0,26.0,1.0
7725,Balagere,1007.0,2.0,66.0,2.0
7728,Hennur Road,1020.0,2.0,47.0,2.0
7730,other,800.0,3.0,59.5,2.0
7732,Marathahalli,1125.0,2.0,55.0,2.0
7734,other,909.0,2.0,43.0,3.0
7735,Whitefield,2850.0,5.0,240.0,4.0
7736,other,1400.0,2.0,85.0,2.0
7737,Kadugodi,1152.0,2.0,61.0,2.0
7738,Subramanyapura,958.0,2.0,34.49,2.0
7739,Whitefield,1150.0,2.0,55.0,2.0
7740,Old Madras Road,2990.0,5.0,173.0,3.0
7741,Bellandur,1310.0,2.0,85.0,2.0
7742,Hosur Road,1590.0,2.0,126.0,3.0
7743,Green Glen Layout,1645.0,3.0,110.0,3.0
7744,other,1800.0,2.0,100.0,3.0
7745,Thanisandra,1795.0,3.0,150.0,3.0
7746,8th Phase JP Nagar,1100.0,2.0,35.0,2.0
7747,Thanisandra,777.0,1.0,38.535,1.0
7748,other,925.0,2.0,70.0,2.0
7749,Basavangudi,1542.14,3.0,120.0,3.0
7750,Konanakunte,3746.0,6.0,375.0,4.0
7751,Thanisandra,1430.0,2.0,54.0,3.0
7752,Bommanahalli,1020.0,2.0,55.0,2.0
7754,Electronic City Phase II,1140.0,2.0,32.92,2.0
7755,Anekal,967.0,2.0,45.0,3.0
7756,Hebbal,2470.0,4.0,203.0,4.0
7757,other,850.0,1.0,35.5,2.0
7758,other,1100.0,2.0,32.0,2.0
7759,Thanisandra,1697.0,3.0,110.0,3.0
7760,Varthur,1250.0,2.0,47.0,2.0
7761,Gottigere,1120.0,2.0,50.0,2.0
7762,NRI Layout,1200.0,4.0,95.0,4.0
7763,Hennur Road,5100.0,6.0,375.0,5.0
7765,Hebbal,1200.0,2.0,52.0,2.0
7766,7th Phase JP Nagar,1100.0,2.0,44.0,2.0
7767,Devarachikkanahalli,1417.0,2.0,76.0,3.0
7768,Thanisandra,1492.0,3.0,88.0,3.0
7769,Devanahalli,1498.0,3.0,79.15,3.0
7770,other,3500.0,2.0,350.0,4.0
7771,Kundalahalli,1010.0,2.0,48.27,2.0
7772,Hennur,1255.0,2.0,53.5,2.0
7773,Channasandra,1050.0,2.0,35.0,2.0
7774,Hegde Nagar,1847.0,3.0,125.0,3.0
7775,other,1200.0,2.0,55.0,2.0
7776,Bellandur,982.0,2.0,37.28,2.0
7777,Hegde Nagar,2144.6,4.0,145.0,3.0
7778,Kengeri,750.0,2.0,36.5,2.0
7779,Electronic City,919.0,2.0,35.0,2.0
7780,Budigere,1087.0,2.0,54.3,2.0
7781,other,1480.0,3.0,74.0,3.0
7782,Tindlu,1180.0,2.0,52.0,2.0
7784,Jigani,1221.0,3.0,65.0,3.0
7785,Haralur Road,1194.0,2.0,46.0,2.0
7786,Thanisandra,2072.0,3.0,122.0,3.0
7787,Whitefield,1600.0,3.0,69.0,3.0
7788,Sahakara Nagar,2200.0,3.0,98.0,3.0
7790,Kaikondrahalli,1253.0,2.0,81.5,2.0
7791,Hennur Road,1061.0,2.0,54.92,2.0
7792,Marathahalli,1950.0,3.0,115.0,3.0
7793,Marathahalli,1250.0,2.0,68.0,2.0
7794,Hennur Road,1585.0,2.0,80.0,3.0
7795,Kanakpura Road,1452.0,3.0,60.98,3.0
7796,Kammasandra,1015.0,2.0,37.0,2.0
7797,Begur Road,2464.5,6.0,118.0,4.0
7798,Marathahalli,1125.0,2.0,56.8,2.0
7799,Electronic City Phase II,1116.0,2.0,40.0,2.0
7800,other,400.0,1.0,35.0,1.0
7801,Kasavanhalli,4000.0,4.0,325.0,4.0
7802,Hebbal,3900.0,4.0,410.0,4.0
7803,Old Madras Road,1300.0,2.0,100.0,2.0
7804,Raja Rajeshwari Nagar,1419.0,2.0,60.42,2.0
7805,other,1310.0,2.0,55.0,3.0
7806,Thigalarapalya,2072.0,4.0,152.0,3.0
7807,Kaggadasapura,1240.0,2.0,58.58,2.0
7808,Chamrajpet,1565.0,3.0,98.91,3.0
7809,Budigere,1820.0,3.0,89.0,3.0
7810,Gubbalala,2500.0,3.0,88.0,3.0
7811,KR Puram,3657.0,5.0,310.0,5.0
7812,Hosa Road,1245.0,2.0,62.0,2.0
7813,GM Palaya,1315.0,3.0,65.0,3.0
7814,Kenchenahalli,1410.0,2.0,73.0,3.0
7815,Dasarahalli,1375.0,2.0,60.0,2.0
7816,Old Madras Road,1299.0,2.0,95.0,2.0
7817,other,993.0,2.0,45.5,2.0
7818,Bommasandra Industrial Area,1200.0,3.0,45.0,2.0
7820,other,2400.0,5.0,180.0,4.0
7821,Hebbal,1255.0,2.0,95.0,3.0
7822,Hoodi,1655.0,3.0,131.0,3.0
7823,Whitefield,2830.0,5.0,190.0,4.0
7824,other,6000.0,1.0,276.0,1.0
7826,other,825.0,2.0,40.0,1.0
7827,Begur Road,1634.0,3.0,111.0,3.0
7829,Banaswadi,1222.0,2.0,80.0,2.0
7830,Gottigere,1500.0,3.0,63.0,3.0
7831,Akshaya Nagar,1890.0,4.0,100.0,3.0
7832,Hegde Nagar,3750.0,6.0,375.0,4.0
7833,Hulimavu,850.0,1.0,39.5,2.0
7834,Whitefield,1295.0,2.0,78.5,2.0
7835,Sarjapur  Road,1320.0,2.0,100.0,2.0
7838,2nd Stage Nagarbhavi,3000.0,3.0,170.0,4.0
7839,Harlur,1197.0,2.0,82.0,2.0
7840,other,1320.0,2.0,60.0,3.0
7842,Whitefield,840.0,1.0,57.6,1.0
7843,Whitefield,640.0,1.0,19.83,1.0
7844,Raja Rajeshwari Nagar,1693.0,3.0,71.38,3.0
7845,Kodihalli,1000.0,2.0,62.0,2.0
7846,Babusapalaya,1305.0,2.0,70.0,2.0
7847,Kodichikkanahalli,450.0,1.0,18.0,1.0
7848,CV Raman Nagar,705.0,1.0,57.0,1.0
7850,Tumkur Road,4800.0,5.0,150.0,5.0
7852,Gubbalala,5000.0,4.0,425.0,4.0
7853,Whitefield,1991.0,3.0,104.0,3.0
7854,Battarahalli,1779.0,3.0,90.0,3.0
7856,Banaswadi,870.0,2.0,38.0,2.0
7857,Thanisandra,1595.0,3.0,120.0,3.0
7858,Kanakpura Road,525.0,1.0,26.0,1.0
7861,Iblur Village,2000.0,4.0,138.0,3.0
7862,Yelahanka,1614.0,3.0,93.0,3.0
7863,Gottigere,1200.0,2.0,40.0,2.0
7864,Electronic City Phase II,1150.0,3.0,46.0,3.0
7866,Sonnenahalli,1610.0,3.0,80.48,3.0
7867,Whitefield,1190.0,2.0,41.0,2.0
7868,other,1050.0,2.0,50.0,2.0
7869,other,4800.0,5.0,420.0,4.0
7870,7th Phase JP Nagar,1460.0,2.0,97.0,3.0
7872,other,600.0,1.0,33.0,1.0
7873,other,1569.0,3.0,70.0,3.0
7874,other,2600.0,3.0,147.0,3.0
7875,Electronics City Phase 1,645.0,1.0,42.5,1.0
7879,Marathahalli,1350.0,2.0,90.0,2.0
7881,other,1410.0,2.0,45.12,3.0
7882,Whitefield,1109.0,2.0,35.47,2.0
7884,other,800.0,1.0,72.0,1.0
7885,Bannerghatta Road,1215.0,2.0,68.0,2.0
7887,Prithvi Layout,2273.0,4.0,192.0,3.0
7888,Varthur Road,1255.0,2.0,52.76,2.0
7889,other,1020.0,2.0,49.0,2.0
7890,other,1225.0,2.0,82.0,3.0
7891,Singasandra,1120.0,2.0,60.0,2.0
7893,Kasavanhalli,1225.0,2.0,69.0,3.0
7894,Whitefield,5200.0,5.0,242.0,4.0
7896,Sarjapur  Road,1984.0,4.0,145.0,3.0
7897,Old Madras Road,2425.0,3.0,197.0,3.0
7898,ITPL,1200.0,3.0,56.12,3.0
7899,Bommasandra,1127.0,2.0,45.0,2.0
7900,Whitefield,1655.0,3.0,97.0,3.0
7901,Ananth Nagar,500.0,1.0,14.0,1.0
7902,Varthur,1200.0,3.0,68.38,3.0
7903,Kaggadasapura,1000.0,2.0,43.0,2.0
7904,CV Raman Nagar,1225.0,2.0,47.88,2.0
7905,Hormavu,1350.0,2.0,45.0,2.0
7907,Sahakara Nagar,1175.0,2.0,49.0,2.0
7908,other,655.0,1.0,27.0,1.0
7909,Hosa Road,1311.0,2.0,84.86,3.0
7911,CV Raman Nagar,1000.0,2.0,38.5,2.0
7912,other,1196.0,2.0,96.0,2.0
7913,Kanakpura Road,1050.0,2.0,59.0,3.0
7914,Somasundara Palya,1275.0,2.0,52.0,3.0
7915,other,927.0,2.0,50.0,2.0
7916,Varthur,1520.0,2.0,61.0,3.0
7918,Hebbal,1333.0,2.0,104.0,2.0
7919,other,600.0,1.0,18.0,1.0
7920,Abbigere,1326.0,2.0,34.8,3.0
7921,Sarjapur  Road,1773.5,2.0,85.125,3.0
7923,Koramangala,1100.0,2.0,85.0,2.0
7924,Haralur Road,1650.0,3.0,100.0,3.0
7925,Kasavanhalli,1917.0,3.0,132.0,3.0
7927,Billekahalli,950.0,2.0,58.11,2.0
7928,other,1175.0,2.0,48.72,2.0
7929,8th Phase JP Nagar,1089.0,2.0,43.55,2.0
7930,Kalena Agrahara,1804.0,3.0,175.0,3.0
7931,Hoodi,1257.0,2.0,68.5,2.0
7932,Sarjapur,650.0,1.0,19.87,1.0
7933,Whitefield,1850.0,3.0,150.0,3.0
7934,other,2800.0,4.0,200.0,4.0
7935,Vidyaranyapura,945.0,2.0,40.0,2.0
7936,Koramangala,1161.0,2.0,63.85,2.0
7937,Banashankari Stage V,1630.0,3.0,51.35,3.0
7938,Jalahalli,1310.0,2.0,60.0,3.0
7939,other,750.0,2.0,28.0,2.0
7940,Whitefield,1200.0,3.0,67.77,3.0
7941,other,1000.0,2.0,45.0,2.0
7942,Old Madras Road,4000.0,4.0,225.0,4.0
7943,Nagavara,1315.0,2.0,70.0,2.0
7944,Sahakara Nagar,1370.0,2.0,90.0,3.0
7946,Bellandur,1465.0,3.0,90.0,2.0
7948,Electronic City,1128.0,2.0,64.0,2.0
7949,Padmanabhanagar,1250.0,2.0,70.0,3.0
7950,Hebbal,1645.0,3.0,117.0,3.0
7951,Horamavu Agara,1284.0,2.0,75.0,3.0
7952,Hebbal,2600.0,3.0,199.0,3.0
7953,Kodigehalli,1820.0,3.0,150.0,3.0
7954,Haralur Road,1580.0,3.0,73.0,3.0
7955,Akshaya Nagar,2650.0,3.0,125.0,3.0
7956,Bannerghatta Road,1215.0,2.0,68.0,2.0
7957,Uttarahalli,1075.0,2.0,40.0,2.0
7958,R.T. Nagar,1400.0,2.0,78.0,3.0
7959,Subramanyapura,1400.0,2.0,55.0,3.0
7960,Bisuvanahalli,845.0,2.0,30.0,2.0
7961,Hegde Nagar,2600.0,4.0,40.0,4.0
7962,Sarjapur,3854.5,6.0,385.5,4.0
7964,Panathur,1199.0,2.0,85.0,2.0
7965,Gunjur,1175.0,2.0,43.48,2.0
7967,Bellandur,1767.0,3.0,109.0,3.0
7968,Sarjapur  Road,1800.0,3.0,90.0,4.0
7969,Talaghattapura,1856.0,3.0,135.0,3.0
7971,Rajaji Nagar,1613.0,3.0,150.0,3.0
7973,Whitefield,1290.0,2.0,90.0,2.0
7974,Kasavanhalli,1375.0,2.0,78.0,2.0
7975,other,985.0,2.0,57.0,2.0
7977,Singasandra,1099.0,2.0,37.5,2.0
7978,Electronic City,605.0,1.0,13.31,1.0
7979,other,6000.0,12.0,150.0,11.0
7980,other,3600.0,7.0,160.0,7.0
7981,Marathahalli,1200.0,2.0,53.0,2.0
7982,Hulimavu,1000.0,2.0,45.0,2.0
7983,Electronic City,1159.0,2.0,38.0,3.0
7984,Sarjapur  Road,3692.0,5.0,340.0,5.0
7987,BTM Layout,1540.0,2.0,78.0,3.0
7988,other,1503.0,2.0,93.0,3.0
7989,Ambedkar Nagar,1850.0,4.0,120.0,3.0
7990,Uttarahalli,1580.0,3.0,60.0,3.0
7991,Mico Layout,1190.0,2.0,39.25,2.0
7992,other,1200.0,2.0,61.0,2.0
7994,Jakkur,850.0,1.0,19.9,2.0
7996,other,2500.0,2.0,60.0,3.0
7997,ITPL,1200.0,3.0,56.12,3.0
7998,other,1500.0,2.0,52.0,3.0
8000,Thanisandra,1880.0,3.0,120.0,3.0
8001,Padmanabhanagar,1150.0,2.0,45.0,2.0
8002,Kasavanhalli,4408.0,4.0,344.0,4.0
8003,Bellandur,924.0,2.0,35.11,2.0
8004,Sarjapur  Road,7800.0,6.0,385.0,5.0
8007,Karuna Nagar,1962.0,3.0,175.0,3.0
8009,other,1765.0,3.0,77.27,3.0
8010,Attibele,1174.0,2.0,29.35,2.0
8011,Bannerghatta Road,1894.0,3.0,115.0,3.0
8013,Sector 7 HSR Layout,1760.0,3.0,142.0,3.0
8014,other,1768.0,3.0,95.0,3.0
8015,Kothanur,1790.0,3.0,97.0,3.0
8017,Whitefield,1200.0,2.0,45.0,2.0
8018,Kengeri,2540.0,4.0,160.0,4.0
8019,Mahadevpura,1137.0,2.0,53.4,2.0
8020,Jakkur,3181.0,2.0,229.0,4.0
8022,Mysore Road,1568.0,2.0,100.0,3.0
8023,Devanahalli,4920.0,4.0,393.5,4.0
8024,AECS Layout,1308.0,2.0,60.0,2.0
8026,Bisuvanahalli,1200.0,2.0,41.0,3.0
8027,other,800.0,1.0,32.0,1.0
8028,Electronic City,530.0,1.0,13.5,1.0
8030,other,3000.0,6.0,145.0,7.0
8032,Subramanyapura,958.0,2.0,33.53,2.0
8033,Thigalarapalya,2072.0,4.0,160.0,3.0
8034,Talaghattapura,2273.0,3.0,159.0,3.0
8036,Thanisandra,760.0,1.0,50.0,1.0
8037,Dommasandra,1090.0,2.0,43.5,2.0
8038,Thigalarapalya,2072.0,4.0,155.0,3.0
8039,Bellandur,2666.0,3.0,230.0,3.0
8040,Sarjapur  Road,1550.0,2.0,89.0,3.0
8041,Ramagondanahalli,1251.0,2.0,50.0,2.0
8042,Electronic City,1070.0,2.0,53.0,2.0
8043,Kalena Agrahara,1200.0,2.0,45.0,2.0
8044,CV Raman Nagar,1435.0,2.0,60.0,3.0
8045,Bommasandra,1400.0,2.0,45.0,3.0
8046,Judicial Layout,2330.0,3.0,94.71,4.0
8047,Thanisandra,1200.0,2.0,60.0,2.0
8048,Panathur,1000.0,2.0,40.0,2.0
8049,Bannerghatta Road,1655.0,2.0,62.89,3.0
8051,other,600.0,1.0,35.0,1.0
8052,Electronics City Phase 1,1175.0,2.0,50.0,2.0
8053,Uttarahalli,1155.0,2.0,40.43,2.0
8054,Magadi Road,1200.0,3.0,98.0,3.0
8055,Budigere,1149.0,2.0,65.0,2.0
8056,Jakkur,1745.0,2.0,98.485,3.0
8058,other,1010.0,2.0,55.0,2.0
8059,Hegde Nagar,1718.0,3.0,119.0,3.0
8060,other,650.0,1.0,20.0,2.0
8061,Banashankari,1330.0,2.0,77.0,2.0
8062,Hormavu,1200.0,2.0,68.0,2.0
8063,Bannerghatta Road,1693.0,3.0,89.0,3.0
8065,Thanisandra,1800.0,4.0,125.0,3.0
8066,Margondanahalli,900.0,2.0,55.0,2.0
8067,NGR Layout,1020.0,2.0,46.0,2.0
8068,Amruthahalli,1700.0,3.0,77.0,3.0
8069,Panathur,661.0,1.0,40.0,1.0
8070,Bannerghatta Road,1280.0,2.0,60.16,2.0
8072,Hosur Road,1170.0,2.0,48.0,2.0
8073,Thanisandra,933.0,2.0,58.0,1.0
8074,Sarjapur  Road,1150.0,2.0,44.0,2.0
8076,Rajaji Nagar,1380.0,3.0,130.0,3.0
8077,Banjara Layout,1050.0,2.0,64.8,2.0
8078,other,1080.0,2.0,37.8,2.0
8079,Harlur,1303.0,2.0,90.0,2.0
8080,Raja Rajeshwari Nagar,1196.0,2.0,40.54,2.0
8081,Nagarbhavi,2500.0,3.0,180.0,5.0
8083,Bommanahalli,1250.0,3.0,41.0,3.0
8084,Akshaya Nagar,1419.0,2.0,87.0,3.0
8085,Banashankari,1200.0,2.0,49.0,2.0
8086,7th Phase JP Nagar,1120.0,2.0,65.0,2.0
8087,Electronics City Phase 1,762.5,1.0,45.4,1.0
8088,Electronics City Phase 1,1245.0,2.0,75.0,2.0
8089,other,3978.0,4.0,428.0,4.0
8090,Channasandra,1093.0,2.0,34.0,2.0
8091,Electronic City,1025.0,1.0,26.63,2.0
8092,Hebbal,1345.0,2.0,97.0,2.0
8093,other,1500.0,2.0,45.0,2.0
8094,Vijayanagar,1180.0,2.0,86.0,2.0
8095,NGR Layout,1020.0,2.0,48.45,2.0
8096,other,1800.0,3.0,85.0,3.0
8098,other,2008.0,3.0,170.0,3.0
8099,Kothannur,1240.0,2.0,39.85,3.0
8100,CV Raman Nagar,1020.0,2.0,55.0,2.0
8101,other,2095.0,3.0,142.0,3.0
8102,Gunjur,1362.0,3.0,62.63,3.0
8103,Yelahanka,694.0,1.0,30.84,1.0
8104,Vittasandra,1404.0,2.0,70.0,2.0
8105,Electronic City Phase II,1192.0,2.0,47.0,3.0
8108,Vittasandra,1259.0,2.0,67.48,2.0
8109,Kengeri,1000.0,2.0,34.0,2.0
8110,Rachenahalli,985.0,2.0,49.97,2.0
8111,Indira Nagar,850.0,1.0,60.0,1.0
8112,Uttarahalli,1650.0,2.0,50.0,3.0
8114,Sarjapur  Road,1900.0,4.0,180.0,3.0
8115,Ambedkar Nagar,1367.0,2.0,86.0,2.0
8116,Rajaji Nagar,1210.0,2.0,81.0,3.0
8117,other,1190.0,2.0,48.6,2.0
8118,Sarjapur,1175.0,2.0,42.0,2.0
8120,Whitefield,1140.0,2.0,40.0,2.0
8121,Hoskote,1095.0,2.0,33.6,2.0
8122,Attibele,782.0,1.0,19.55,1.0
8123,Gubbalala,1435.0,2.0,80.0,3.0
8124,Choodasandra,725.0,2.0,36.0,2.0
8125,other,1600.0,2.0,88.0,3.0
8127,Hosakerehalli,3205.0,4.0,300.0,4.0
8129,Nehru Nagar,1674.0,3.0,90.0,3.0
8131,Haralur Road,1243.0,2.0,46.0,2.0
8132,Kanakpura Road,1703.0,3.0,130.0,3.0
8133,Padmanabhanagar,1350.0,3.0,71.55,3.0
8134,Horamavu Agara,1145.0,2.0,41.21,2.0
8135,Whitefield,1216.0,2.0,75.0,2.0
8136,7th Phase JP Nagar,1100.0,3.0,60.0,2.0
8137,Sarjapur  Road,2425.0,5.0,201.0,4.0
8138,Kothanur,2700.0,4.0,175.0,4.0
8139,Raja Rajeshwari Nagar,1196.0,2.0,40.54,2.0
8140,Kanakpura Road,1600.0,3.0,90.0,3.0
8141,Banashankari Stage V,1510.0,3.0,47.57,3.0
8142,Hosakerehalli,3033.0,4.0,326.0,4.0
8144,Haralur Road,1194.0,2.0,47.0,2.0
8147,Horamavu Agara,1250.0,4.0,100.0,4.0
8149,Laggere,620.0,2.0,48.0,1.0
8150,Raja Rajeshwari Nagar,1630.0,3.0,60.65,3.0
8151,Hennur Road,1020.0,2.0,45.0,2.0
8152,Hosakerehalli,1410.0,2.0,53.58,3.0
8155,Sarjapur  Road,1691.0,3.0,113.0,3.0
8156,KR Puram,1200.0,4.0,83.0,4.0
8157,Banaswadi,1200.0,2.0,60.0,2.0
8158,Old Airport Road,1050.0,2.0,50.0,2.0
8159,Kathriguppe,1300.0,3.0,77.99,3.0
8160,Whitefield,1356.0,2.0,94.84,2.0
8161,Whitefield,1338.0,2.0,103.0,2.0
8162,other,500.0,1.0,20.0,1.0
8163,other,1280.0,2.0,100.0,3.0
8164,Raja Rajeshwari Nagar,1531.0,3.0,51.77,3.0
8166,Anekal,620.0,1.0,23.5,2.0
8167,8th Phase JP Nagar,1605.0,2.0,65.0,3.0
8168,Thanisandra,1917.0,3.0,110.0,3.0
8171,Sarjapur  Road,1400.0,3.0,55.0,3.0
8172,Thubarahalli,2625.0,3.0,175.0,3.0
8173,Sahakara Nagar,1100.0,2.0,55.0,2.0
8174,Hennur Road,2041.0,3.0,128.0,3.0
8175,Sarjapur  Road,2070.0,4.0,160.0,3.0
8176,Hebbal,1110.0,3.0,59.0,3.0
8177,other,1650.0,3.0,110.0,3.0
8178,Ambedkar Nagar,3565.0,4.0,255.0,4.0
8179,Varthur Road,1033.0,2.0,30.47,3.0
8180,HSR Layout,1142.0,2.0,65.0,2.0
8181,other,1500.0,2.0,75.0,3.0
8182,Electronic City Phase II,1502.0,3.0,50.0,3.0
8183,other,1176.0,2.0,45.0,3.0
8184,Hosa Road,1063.0,2.0,32.8,2.0
8185,Kammanahalli,1100.0,2.0,60.0,2.0
8186,other,1044.0,2.0,85.0,2.0
8188,6th Phase JP Nagar,1216.0,2.0,60.0,2.0
8189,other,1425.0,3.0,55.0,3.0
8191,Hosur Road,1345.0,2.0,108.0,2.0
8195,Bellandur,3600.0,4.0,245.0,4.0
8196,Uttarahalli,1025.0,2.0,35.88,2.0
8198,Lakshminarayana Pura,3050.0,2.0,90.0,3.0
8199,Kadubeesanahalli,1424.0,2.0,75.0,3.0
8202,other,1285.0,2.0,45.0,2.0
8203,Babusapalaya,1450.0,2.0,55.99,2.0
8204,Raja Rajeshwari Nagar,1160.0,2.0,70.0,2.0
8206,other,2000.0,2.0,95.0,3.0
8207,Uttarahalli,1125.0,2.0,47.65,2.0
8208,Old Madras Road,3900.0,4.0,175.0,4.0
8209,Raja Rajeshwari Nagar,1133.0,2.0,38.37,2.0
8210,Arekere,1240.0,2.0,60.0,2.0
8211,Devanahalli,1466.0,3.0,77.59,3.0
8212,other,3870.0,4.0,411.0,4.0
8213,Ramagondanahalli,1610.0,2.0,115.0,3.0
8214,Sarjapur  Road,1220.0,3.0,56.0,3.0
8215,Kaggadasapura,1225.0,2.0,48.0,2.0
8216,Akshaya Nagar,1300.0,2.0,54.0,2.0
8217,Thanisandra,1996.0,4.0,123.0,3.0
8218,other,1320.0,2.0,55.0,3.0
8220,other,1835.0,3.0,175.0,3.0
8221,Sarjapur  Road,1435.0,3.0,90.0,3.0
8222,Whitefield,4097.0,3.0,400.0,3.0
8223,Rayasandra,1601.0,3.0,70.0,3.0
8224,Kadubeesanahalli,1257.0,2.0,93.0,2.0
8225,Iblur Village,3596.0,5.0,260.0,4.0
8226,Kasavanhalli,1309.0,2.0,95.0,2.0
8227,Yeshwanthpur,1362.0,2.0,100.0,2.0
8228,Whitefield,1115.0,2.0,55.0,2.0
8229,Whitefield,1870.0,3.0,90.0,3.0
8230,other,1322.0,2.0,61.99,2.0
8231,other,1450.0,2.0,65.0,3.0
8232,Banashankari,1185.0,2.0,67.0,2.0
8233,7th Phase JP Nagar,1790.0,3.0,120.0,3.0
8234,Whitefield,3450.0,4.0,208.0,3.0
8235,Rachenahalli,1050.0,2.0,52.5,2.0
8236,Budigere,693.0,1.0,27.375,1.0
8238,Devanahalli,775.0,1.0,39.0,1.0
8239,Hoodi,1000.0,2.0,48.0,2.0
8240,Thanisandra,1183.0,2.0,77.25,2.0
8242,other,425.0,1.0,15.0,1.0
8243,other,820.0,2.0,30.0,2.0
8245,Hebbal,1200.0,2.0,52.0,2.0
8246,Ramagondanahalli,1151.0,2.0,43.6,2.0
8247,Hulimavu,1320.0,2.0,59.0,3.0
8248,other,1450.0,3.0,68.0,3.0
8249,Poorna Pragna Layout,1270.0,2.0,50.79,3.0
8250,Hegde Nagar,1847.0,3.0,123.0,3.0
8251,Devanahalli,1020.0,2.0,49.87,1.0
8252,Somasundara Palya,1650.0,3.0,95.0,3.0
8253,other,2380.0,4.0,242.0,4.0
8254,Electronic City,2400.0,2.0,78.0,3.0
8255,Begur Road,1160.0,2.0,44.0,2.0
8256,Haralur Road,2805.0,4.0,154.0,4.0
8257,Mysore Road,1360.0,3.0,47.6,3.0
8258,Brookefield,1089.0,2.0,49.0,2.0
8259,Yelahanka,1115.0,2.0,60.0,2.0
8260,Kudlu Gate,1215.0,2.0,45.0,2.0
8261,Sarjapur  Road,1194.0,2.0,51.0,2.0
8262,Kannamangala,1536.0,3.0,104.0,3.0
8263,Hennur,1255.0,2.0,55.5,2.0
8264,Electronic City,1571.0,3.0,83.0,3.0
8265,other,900.0,1.0,70.0,2.0
8266,other,1517.0,2.0,125.0,2.0
8267,Budigere,664.0,1.0,35.4,1.0
8268,Devarachikkanahalli,1230.0,2.0,58.0,2.0
8269,Hegde Nagar,1340.0,2.0,72.0,2.0
8270,Attibele,1175.0,2.0,29.38,2.0
8272,Sarjapur,1240.0,2.0,43.1,2.0
8274,Electronic City,1470.0,2.0,44.1,3.0
8275,Kanakpura Road,525.0,2.0,29.25,1.0
8276,7th Phase JP Nagar,1680.0,3.0,117.0,3.0
8277,other,1000.0,2.0,35.0,2.0
8278,Gunjur,1071.0,2.0,51.0,2.0
8279,Sector 2 HSR Layout,1512.0,3.0,80.0,3.0
8280,Frazer Town,3435.0,2.0,341.0,4.0
8282,Kalyan nagar,1190.0,2.0,60.0,2.0
8283,Pattandur Agrahara,1550.0,2.0,80.0,3.0
8284,Kanakpura Road,1283.0,2.0,63.22,2.0
8285,Mallasandra,1325.0,2.0,73.0,2.0
8286,Whitefield,1105.0,2.0,35.36,2.0
8287,Banaswadi,1600.0,3.0,74.5,3.0
8289,Kanakpura Road,800.0,2.0,41.145,2.0
8290,Hennur,1100.0,2.0,44.55,2.0
8291,Talaghattapura,2099.0,3.0,147.0,3.0
8292,Yelachenahalli,1365.0,2.0,72.0,3.0
8294,Hosur Road,1250.0,2.0,55.0,2.0
8295,Chikkalasandra,1290.0,2.0,56.12,3.0
8296,Bellandur,1170.0,2.0,46.79,2.0
8297,Kanakpura Road,1328.0,2.0,91.06,2.0
8298,Hennur Road,1232.0,2.0,87.0,2.0
8299,1st Phase JP Nagar,1180.0,2.0,88.5,2.0
8300,Electronic City,1350.0,3.0,66.0,3.0
8301,other,3602.0,4.0,280.0,4.0
8302,Nagasandra,2400.0,4.0,145.0,4.0
8303,Electronic City Phase II,1020.0,2.0,32.0,2.0
8304,Begur Road,1410.0,2.0,49.34,3.0
8305,other,2159.0,3.0,120.0,3.0
8307,TC Palaya,1200.0,2.0,66.0,3.0
8308,Hennur,1255.0,2.0,57.5,2.0
8309,Whitefield,1074.0,2.0,42.79,2.0
8310,other,1200.0,3.0,72.0,3.0
8311,Sarjapur,1170.0,2.0,35.41,3.0
8312,Tumkur Road,728.5,1.0,31.315,1.0
8313,Bommanahalli,1660.0,2.0,100.0,3.0
8315,other,1850.0,3.0,175.0,6.0
8316,other,510.0,1.0,34.0,1.0
8317,Mahadevpura,1601.0,3.0,95.0,3.0
8318,Begur Road,952.0,2.0,42.0,2.0
8319,other,1166.0,2.0,65.0,2.0
8320,other,2700.0,2.0,260.0,3.0
8321,Electronic City Phase II,1900.0,3.0,97.0,4.0
8323,Haralur Road,1520.0,2.0,96.0,3.0
8324,other,2100.0,6.0,100.0,4.0
8325,Yelenahalli,1175.0,2.0,50.0,2.0
8326,Bharathi Nagar,1432.0,2.0,68.0,2.0
8327,Bommasandra Industrial Area,1005.0,2.0,39.77,2.0
8328,Rajiv Nagar,1309.0,2.0,80.0,2.0
8330,7th Phase JP Nagar,1050.0,2.0,77.0,2.0
8331,Kanakpura Road,1100.0,3.0,53.0,3.0
8333,Begur Road,1565.0,2.0,56.34,3.0
8334,other,940.0,2.0,56.0,2.0
8335,other,1015.0,2.0,40.1,2.0
8337,Electronic City,1652.0,3.0,110.0,3.0
8338,Whitefield,1100.0,2.0,52.0,2.0
8339,Rajiv Nagar,2340.0,4.0,145.0,4.0
8341,Kammanahalli,1200.0,1.0,81.0,2.0
8342,other,1400.0,3.0,69.0,3.0
8344,Electronic City Phase II,1020.0,2.0,27.43,2.0
8345,Whitefield,1267.0,2.0,90.33,2.0
8346,Bhoganhalli,2439.0,4.0,185.0,4.0
8347,other,1645.0,3.0,95.0,3.0
8348,Sahakara Nagar,1100.0,2.0,75.0,3.0
8349,Electronic City,1320.0,2.0,38.12,3.0
8350,Ananth Nagar,1000.0,2.0,29.7,2.0
8352,KR Puram,2500.0,6.0,58.0,6.0
8353,Kengeri Satellite Town,2480.0,2.0,160.0,2.0
8354,Kalyan nagar,1086.0,2.0,44.5,2.0
8355,Kengeri,416.0,1.0,18.0,1.0
8356,Hennur Road,1066.0,2.0,52.23,2.0
8357,OMBR Layout,1730.0,3.0,93.0,3.0
8358,Balagere,1205.0,2.0,63.86,2.0
8359,Marathahalli,2500.0,5.0,175.0,4.0
8360,Subramanyapura,960.0,2.0,55.0,2.0
8361,Haralur Road,1510.0,3.0,83.05,3.0
8362,other,1600.0,4.0,90.0,4.0
8363,Old Madras Road,2300.0,3.0,142.0,3.0
8364,other,1000.0,2.0,63.0,2.0
8365,Poorna Pragna Layout,1160.0,2.0,46.39,2.0
8366,Hormavu,1553.0,2.0,58.23,3.0
8367,Frazer Town,3436.0,5.0,345.0,4.0
8368,Seegehalli,1134.0,2.0,45.0,2.0
8370,Horamavu Agara,2400.0,3.0,80.0,5.0
8371,Whitefield,2400.0,4.0,143.0,4.0
8372,other,1350.0,2.0,65.0,2.0
8373,Sarjapur,1032.0,2.0,42.0,2.0
8374,other,1998.0,3.0,117.0,3.0
8375,Murugeshpalya,1225.0,2.0,48.0,2.0
8376,Sarjapur  Road,1262.0,2.0,67.0,2.0
8377,Badavala Nagar,1842.0,3.0,115.0,3.0
8378,other,1300.0,2.0,60.0,2.0
8379,Kothannur,1070.0,2.0,38.6,2.0
8380,other,950.0,2.0,33.0,2.0
8381,Balagere,1012.0,2.0,53.58,2.0
8382,TC Palaya,1000.0,2.0,70.0,2.0
8383,Kadugodi,1394.0,2.0,56.0,2.0
8384,Amruthahalli,1450.0,2.0,85.0,3.0
8385,Banaswadi,527.0,1.0,35.0,1.0
8386,Sarjapur  Road,1693.0,3.0,125.0,3.0
8387,Thigalarapalya,3122.0,6.0,235.0,4.0
8388,Horamavu Agara,1000.0,2.0,46.0,2.0
8389,Kogilu,952.0,2.0,49.0,2.0
8391,Kengeri,1200.0,1.0,14.0,1.0
8392,Mysore Road,1410.0,2.0,64.0,3.0
8393,Hebbal Kempapura,1400.0,2.0,108.0,2.0
8394,Chikka Tirupathi,3056.0,5.0,100.0,4.0
8395,Sarjapur  Road,1826.0,3.0,125.0,3.0
8396,Hosur Road,1689.0,3.0,103.0,3.0
8397,Bisuvanahalli,1075.0,2.0,31.0,3.0
8399,Hennur,960.0,2.0,48.0,2.0
8400,Channasandra,808.0,2.0,40.0,2.0
8401,Kodichikkanahalli,907.0,2.0,38.5,2.0
8402,Uttarahalli,1300.0,2.0,55.0,2.0
8403,other,1804.0,3.0,150.0,3.0
8404,other,1350.0,3.0,81.0,3.0
8405,Whitefield,1836.0,3.0,125.0,3.0
8406,other,826.0,2.0,36.0,2.0
8407,Hormavu,1200.0,2.0,68.0,2.0
8408,other,3000.0,3.0,300.0,4.0
8410,6th Phase JP Nagar,1460.0,2.0,80.0,2.0
8412,BTM 2nd Stage,965.0,2.0,56.0,2.0
8413,Kothannur,2000.0,4.0,95.0,4.0
8414,Bhoganhalli,1395.0,2.0,70.0,3.0
8415,Sarjapur  Road,1660.0,3.0,116.0,3.0
8416,other,935.0,2.0,35.0,2.0
8417,other,1180.0,2.0,39.0,2.0
8418,Electronic City,1090.0,2.0,31.48,2.0
8419,Kanakpura Road,1204.0,2.0,82.0,2.0
8420,Thigalarapalya,2072.0,4.0,153.0,3.0
8421,Haralur Road,1056.0,2.0,65.0,2.0
8422,Hebbal,985.0,2.0,62.0,2.0
8423,Banashankari Stage V,1315.0,2.0,49.0,3.0
8424,KR Puram,734.0,2.0,22.0,2.0
8425,Kammanahalli,2900.0,4.0,200.0,4.0
8426,Yelahanka,2317.0,4.0,140.0,3.0
8427,Singasandra,600.0,1.0,45.0,1.0
8428,other,2200.0,3.0,115.0,4.0
8429,Attibele,656.0,2.0,25.0,2.0
8430,Attibele,400.0,1.0,11.5,1.0
8431,Yeshwanthpur,666.0,1.0,36.8,1.0
8433,7th Phase JP Nagar,1174.0,2.0,47.0,2.0
8434,Budigere,1153.0,2.0,56.7,2.0
8436,Narayanapura,2400.0,5.0,85.0,5.0
8437,Marathahalli,957.0,2.0,47.0,2.0
8439,Sarjapur  Road,1060.0,2.0,50.0,2.0
8440,Banashankari,1000.0,2.0,50.0,2.0
8441,Kanakpura Road,1843.0,3.0,88.0,3.0
8442,Kanakpura Road,1150.0,2.0,40.25,3.0
8443,Chandapura,1230.0,2.0,31.37,3.0
8444,Kodihalli,3197.0,5.0,335.0,4.0
8445,Kanakpura Road,1703.0,3.0,130.0,3.0
8446,Kaval Byrasandra,1125.0,2.0,41.5,2.0
8447,Battarahalli,1516.0,3.0,65.0,3.0
8448,Brookefield,1130.0,2.0,56.0,2.0
8449,Iblur Village,3596.0,5.0,279.0,4.0
8450,Hosa Road,1512.0,3.0,103.0,3.0
8451,Thanisandra,1491.0,3.0,88.0,3.0
8452,Cox Town,1250.0,2.0,95.0,2.0
8453,Banashankari,1650.0,3.0,90.75,3.0
8454,Raja Rajeshwari Nagar,1140.0,2.0,48.7,2.0
8455,other,1200.0,4.0,110.0,4.0
8456,Thanisandra,1881.0,3.0,95.0,3.0
8457,Kanakpura Road,1100.0,3.0,56.57,3.0
8458,Iblur Village,2666.0,4.0,200.0,3.0
8459,other,1500.0,2.0,50.0,2.0
8461,Whitefield,1197.0,2.0,50.0,2.0
8462,other,2400.0,4.0,170.0,6.0
8463,Gollarapalya Hosahalli,1345.0,3.0,60.0,3.0
8464,KR Puram,1200.0,4.0,100.0,4.0
8465,Bannerghatta Road,3230.0,5.0,165.0,4.0
8466,Banashankari Stage II,1260.0,2.0,95.0,3.0
8467,Sarjapur  Road,2750.0,5.0,240.0,4.0
8468,9th Phase JP Nagar,1200.0,2.0,80.0,2.0
8469,other,1650.0,3.0,52.0,3.0
8470,other,600.0,1.0,45.0,1.0
8471,Uttarahalli,1025.0,2.0,35.88,2.0
8472,Sarjapur,2302.5,2.0,80.59,4.0
8473,Hennur Road,973.0,2.0,56.0,2.0
8476,Balagere,1007.0,2.0,75.0,2.0
8477,Hosa Road,800.0,1.0,39.99,1.0
8478,Sarjapur  Road,1830.0,3.0,119.0,3.0
8479,Nagavara,1077.0,2.0,50.0,2.0
8480,other,672.0,1.0,27.0,1.0
8481,other,1280.0,3.0,87.0,3.0
8482,Electronics City Phase 1,865.0,2.0,40.0,2.0
8483,Kalena Agrahara,1000.0,2.0,33.0,2.0
8484,CV Raman Nagar,1285.0,2.0,65.0,2.0
8485,Thanisandra,662.0,1.0,29.0,1.0
8487,Sarjapura - Attibele Road,3750.0,6.0,295.0,5.0
8488,other,1850.0,3.0,95.0,3.0
8489,Harlur,1754.0,3.0,132.0,3.0
8492,other,1567.0,3.0,100.0,3.0
8493,Hoskote,1695.0,3.0,50.0,3.0
8495,Bellandur,1150.0,2.0,69.44,2.0
8496,Akshaya Nagar,1690.0,3.0,85.0,3.0
8497,other,2350.0,3.0,210.0,3.0
8498,Karuna Nagar,1057.0,2.0,65.0,2.0
8499,Hebbal,1320.0,2.0,91.0,2.0
8500,Bhoganhalli,2119.0,4.0,111.0,4.0
8501,other,1125.0,2.0,48.0,2.0
8502,Kanakpura Road,2254.0,3.0,170.0,3.0
8503,Balagere,645.0,1.0,34.18,1.0
8504,Rachenahalli,1050.0,2.0,52.08,2.0
8505,Panathur,1040.0,2.0,41.6,2.0
8507,1st Block Jayanagar,1760.0,3.0,115.0,3.0
8509,Sarjapur  Road,984.0,2.0,45.91,2.0
8510,Raja Rajeshwari Nagar,1140.0,2.0,38.65,2.0
8511,Whitefield,3596.0,3.0,200.0,3.0
8512,other,1365.0,3.0,54.0,3.0
8513,other,560.0,1.0,19.0,1.0
8514,Vittasandra,1404.0,2.0,75.0,2.0
8515,Bellandur,1540.0,4.0,45.0,4.0
8516,Electronic City,1050.0,2.0,39.0,3.0
8518,Rachenahalli,1550.0,3.0,72.5,3.0
8519,Yelahanka,1653.0,3.0,93.0,3.0
8520,Parappana Agrahara,1194.0,2.0,47.0,2.0
8521,other,1471.0,2.0,75.0,3.0
8522,Kanakpura Road,700.0,2.0,35.0,2.0
8523,Kudlu Gate,812.0,2.0,38.25,2.0
8524,8th Phase JP Nagar,1504.0,2.0,83.0,3.0
8525,Mahadevpura,1450.0,3.0,75.0,3.0
8526,Kannamangala,957.0,2.0,54.5,2.0
8527,Attibele,460.0,1.0,13.0,1.0
8529,7th Phase JP Nagar,1050.0,2.0,75.0,2.0
8530,Budigere,1820.0,3.0,85.0,3.0
8531,Varthur Road,1033.0,2.0,32.0,2.0
8533,other,520.0,2.0,29.0,1.0
8534,OMBR Layout,1165.0,2.0,88.5,2.0
8535,Gottigere,1280.0,2.0,61.0,2.0
8537,other,600.0,1.0,58.0,1.0
8538,Kanakpura Road,1550.0,3.0,65.1,3.0
8540,Jigani,1221.0,3.0,75.0,3.0
8541,other,1000.0,1.0,19.0,1.0
8542,other,1300.0,2.0,60.0,2.0
8543,Hoskote,1065.0,2.0,31.5,2.0
8544,Yelahanka New Town,1209.0,2.0,65.0,3.0
8547,Sarjapur  Road,1929.0,4.0,101.0,3.0
8548,Hennur Road,1255.0,2.0,84.0,2.0
8549,Jalahalli,1035.0,2.0,31.05,2.0
8551,Banashankari,1650.0,3.0,101.0,3.0
8552,Whitefield,1275.0,2.0,65.0,3.0
8553,Electronic City,1128.0,2.0,65.58,2.0
8554,Raja Rajeshwari Nagar,1140.0,2.0,38.55,2.0
8556,Thanisandra,1183.0,2.0,58.56,2.0
8557,Whitefield,1155.0,2.0,39.0,2.0
8558,Kengeri,1245.0,2.0,43.57,3.0
8559,Akshaya Nagar,1000.0,2.0,38.0,2.0
8560,7th Phase JP Nagar,1040.0,2.0,75.0,2.0
8561,Ardendale,2062.0,3.0,140.0,4.0
8562,other,1477.0,2.0,75.0,3.0
8564,Sarjapur  Road,1525.0,2.0,65.0,3.0
8566,other,1220.0,2.0,65.0,2.0
8567,Hebbal,2388.0,3.0,195.0,3.0
8568,Electronic City,1355.0,2.0,97.6,2.0
8569,Whitefield,1141.0,2.0,62.0,2.0
8570,Vijayanagar,1046.0,2.0,49.06,2.0
8571,Bannerghatta Road,630.0,1.0,35.0,1.0
8572,Pattandur Agrahara,1247.0,2.0,62.35,2.0
8573,Marathahalli,3855.0,4.0,220.0,4.0
8574,other,850.0,2.0,32.5,2.0
8575,KR Puram,1120.0,2.0,36.0,2.0
8577,Jakkur,1798.0,3.0,110.0,3.0
8578,Bisuvanahalli,1180.0,2.0,45.0,3.0
8579,Kereguddadahalli,1000.0,2.0,34.0,2.0
8580,Whitefield,1216.0,2.0,82.0,2.0
8581,Margondanahalli,900.0,2.0,65.0,2.0
8582,TC Palaya,1100.0,2.0,65.0,2.0
8583,Badavala Nagar,1842.0,3.0,115.0,3.0
8584,Bisuvanahalli,1075.0,2.0,43.0,3.0
8585,Whitefield,1495.0,3.0,88.0,2.0
8586,Kanakpura Road,1700.0,3.0,120.0,3.0
8587,Whitefield,1564.0,3.0,103.0,3.0
8588,other,1256.0,2.0,65.0,2.0
8590,Bhoganhalli,1458.0,3.0,78.45,3.0
8591,Hoodi,1063.0,2.0,61.17,2.0
8593,Garudachar Palya,1150.0,2.0,52.5,2.0
8594,Chandapura,450.0,1.0,9.0,1.0
8595,Ramamurthy Nagar,1360.0,2.0,45.0,2.0
8596,Marathahalli,1605.0,3.0,76.0,3.0
8598,Haralur Road,1810.0,3.0,100.0,3.0
8599,LB Shastri Nagar,1250.0,2.0,48.5,2.0
8600,Poorna Pragna Layout,1475.0,2.0,58.99,3.0
8602,Dommasandra,850.0,2.0,25.4,2.0
8603,Electronic City Phase II,1025.0,2.0,26.65,2.0
8604,Uttarahalli,980.0,2.0,45.0,2.0
8605,other,1428.0,2.0,70.0,3.0
8606,other,1130.0,2.0,74.0,2.0
8607,Kanakpura Road,1592.0,3.0,125.0,3.0
8608,JP Nagar,2050.0,3.0,82.0,3.0
8609,other,1407.0,2.0,83.87,2.0
8611,Whitefield,1585.0,3.0,84.0,3.0
8612,Jakkur,1785.0,3.0,130.0,3.0
8613,other,900.0,2.0,45.0,2.0
8615,Kanakpura Road,1843.0,3.0,96.2,3.0
8616,other,2375.0,3.0,260.0,4.0
8617,other,1200.0,2.0,67.0,2.0
8618,Akshaya Nagar,1113.0,2.0,52.0,2.0
8619,Uttarahalli,1125.0,2.0,47.0,2.0
8620,Whitefield,1200.0,3.0,56.0,3.0
8621,Anekal,1150.0,3.0,45.0,3.0
8623,Kodichikkanahalli,1181.0,2.0,57.0,2.0
8624,Kanakpura Road,1550.0,3.0,64.7,3.0
8625,1st Phase JP Nagar,1200.0,2.0,86.0,2.0
8626,Raja Rajeshwari Nagar,1295.0,2.0,55.47,2.0
8628,Lingadheeranahalli,1506.0,3.0,95.0,3.0
8629,other,1872.0,3.0,152.0,3.0
8630,Sarjapur  Road,2900.0,4.0,240.0,4.0
8631,Abbigere,1326.0,2.0,35.0,3.0
8632,Talaghattapura,1040.0,2.0,33.28,2.0
8634,Hennur,1020.0,2.0,48.0,2.0
8635,other,1400.0,3.0,90.0,3.0
8636,Neeladri Nagar,4000.0,12.0,160.0,10.0
8637,other,812.0,1.0,26.0,1.0
8638,Vidyaranyapura,1100.0,2.0,54.0,2.0
8639,other,829.0,2.0,22.8,2.0
8642,Kanakpura Road,1500.0,3.0,72.99,3.0
8643,Ananth Nagar,850.0,2.0,25.99,2.0
8644,Kaval Byrasandra,1180.0,2.0,60.0,2.0
8646,Thigalarapalya,2215.0,4.0,150.0,3.0
8647,Channasandra,1010.0,2.0,36.0,2.0
8648,Marathahalli,1350.0,2.0,60.0,2.0
8649,Talaghattapura,1100.0,2.0,50.0,2.0
8650,Kanakpura Road,1450.0,2.0,62.93,3.0
8651,Raja Rajeshwari Nagar,1133.0,2.0,40.0,2.0
8652,Thanisandra,1564.0,3.0,100.0,3.0
8653,Doddaballapur,640.0,1.0,10.5,2.0
8654,Thigalarapalya,2072.0,4.0,157.0,3.0
8656,Kanakapura,1460.0,2.0,51.1,3.0
8657,other,600.0,2.0,35.0,1.0
8658,Rachenahalli,1050.0,2.0,52.07,2.0
8659,other,700.0,2.0,35.0,2.0
8660,TC Palaya,1200.0,3.0,66.0,3.0
8661,Yelahanka,654.0,1.0,38.0,1.0
8662,other,1105.0,2.0,50.0,2.0
8663,Hebbal Kempapura,1800.0,3.0,150.0,3.0
8665,Kogilu,700.0,1.0,30.84,1.0
8666,other,1000.0,2.0,51.0,2.0
8667,HSR Layout,3500.0,5.0,350.0,5.0
8668,other,1240.0,2.0,63.0,3.0
8669,Bellandur,1200.0,2.0,45.0,2.0
8670,Yelahanka New Town,1400.0,2.0,80.0,3.0
8671,other,1393.0,3.0,54.0,3.0
8672,Whitefield,1140.0,2.0,50.0,2.0
8674,other,1640.0,3.0,70.0,3.0
8675,other,1200.0,2.0,62.0,2.0
8677,Yelenahalli,1650.0,3.0,68.0,3.0
8678,Nagavara,2496.0,4.0,125.0,4.0
8679,9th Phase JP Nagar,905.0,2.0,32.0,2.0
8680,HAL 2nd Stage,1600.0,3.0,125.0,3.0
8681,Chikkalasandra,1070.0,2.0,45.48,2.0
8685,8th Phase JP Nagar,2600.0,4.0,115.0,4.0
8686,Old Airport Road,1145.0,2.0,75.0,2.0
8687,other,1495.0,3.0,55.0,3.0
8689,other,1400.0,3.0,53.0,3.0
8690,Whitefield,1558.0,3.0,90.0,3.0
8691,Balagere,1007.0,2.0,53.0,2.0
8692,Ananth Nagar,902.0,2.0,25.26,2.0
8693,other,1054.0,2.0,53.0,2.0
8694,Uttarahalli,1135.0,2.0,39.73,3.0
8695,Gollarapalya Hosahalli,996.0,2.0,49.0,2.0
8696,other,1275.0,2.0,47.0,2.0
8697,NRI Layout,1250.0,2.0,75.0,2.0
8698,Hennur,2502.0,4.0,170.0,4.0
8699,other,1394.0,2.0,52.0,2.0
8700,Haralur Road,1243.0,2.0,46.0,2.0
8701,Whitefield,1216.0,2.0,75.0,2.0
8702,other,1075.0,2.0,57.0,2.0
8704,Indira Nagar,1500.0,3.0,120.0,3.0
8705,Rayasandra,1708.0,3.0,76.0,4.0
8707,other,1800.0,4.0,115.0,3.0
8708,Harlur,1532.0,2.0,65.0,2.0
8709,Hosa Road,1726.0,3.0,81.99,3.0
8710,other,1220.0,2.0,54.89,2.0
8711,Chikkalasandra,1100.0,2.0,50.0,2.0
8712,Electronics City Phase 1,1530.0,3.0,40.0,3.0
8713,Hosa Road,840.0,2.0,28.0,2.0
8714,Bommanahalli,1250.0,4.0,39.0,3.0
8715,CV Raman Nagar,1030.0,2.0,35.0,2.0
8716,other,1499.0,3.0,89.0,3.0
8717,other,1280.0,2.0,55.0,3.0
8718,Munnekollal,1170.0,2.0,59.0,2.0
8719,Chikka Tirupathi,2646.0,3.0,99.0,3.0
8720,other,1161.0,2.0,36.69,2.0
8721,Yelahanka,1633.0,2.0,72.0,2.0
8722,other,1050.0,2.0,65.0,2.0
8724,Varthur Road,552.5,1.0,13.26,1.0
8725,Attibele,418.0,2.0,11.5,1.0
8726,other,905.0,2.0,50.0,2.0
8727,Raja Rajeshwari Nagar,1510.0,2.0,55.0,3.0
8728,Chikkalasandra,1390.0,2.0,60.47,3.0
8729,Kasturi Nagar,1101.0,2.0,66.0,2.0
8730,other,2736.0,4.0,130.0,4.0
8731,EPIP Zone,2350.0,4.0,163.0,3.0
8732,other,1056.0,2.0,55.0,2.0
8733,Kanakpura Road,1425.0,2.0,49.88,3.0
8734,Electronics City Phase 1,1450.0,3.0,70.0,3.0
8735,Pai Layout,1000.0,2.0,34.0,2.0
8736,Haralur Road,575.0,1.0,38.0,1.0
8737,Uttarahalli,1350.0,2.0,47.24,3.0
8738,Kanakpura Road,2000.0,2.0,180.0,3.0
8739,other,1770.0,3.0,90.0,3.0
8740,other,3155.0,3.0,315.0,3.0
8741,Anandapura,616.0,3.0,45.0,2.0
8742,JP Nagar,745.0,1.0,34.27,1.0
8743,other,6500.0,7.0,104.0,7.0
8745,Kudlu Gate,1547.0,2.0,103.0,2.0
8746,Panathur,1713.0,3.0,120.0,3.0
8749,Yeshwanthpur,1856.0,4.0,180.0,3.0
8750,other,1152.0,2.0,57.0,2.0
8751,Dodda Nekkundi,1100.0,2.0,46.75,2.0
8752,Narayanapura,2357.0,3.0,135.0,3.0
8753,Akshaya Nagar,1820.0,4.0,95.0,3.0
8754,Kannamangala,1865.0,3.0,139.0,3.0
8755,Kanakpura Road,1240.0,2.0,65.0,2.0
8756,Padmanabhanagar,1360.0,3.0,75.0,3.0
8757,ISRO Layout,4200.0,4.0,255.0,4.0
8758,Electronics City Phase 1,1450.0,2.0,63.51,3.0
8759,Budigere,1139.0,2.0,72.0,2.0
8760,Begur Road,1565.0,2.0,56.0,3.0
8763,other,1200.0,2.0,39.0,2.0
8764,Yeshwanthpur,1855.0,3.0,140.0,3.0
8765,Margondanahalli,1100.0,2.0,55.0,2.0
8766,other,1350.0,2.0,65.0,3.0
8767,Old Madras Road,2266.0,3.0,207.0,3.0
8768,Hosur Road,660.0,1.0,23.0,1.0
8770,Kambipura,1083.0,2.0,48.0,3.0
8771,Hennur Road,1232.0,2.0,83.0,2.0
8772,Raja Rajeshwari Nagar,1550.0,3.0,86.8,3.0
8773,Whitefield,1227.0,2.0,70.0,2.0
8774,Sarjapur  Road,1059.0,2.0,68.0,2.0
8776,Mahadevpura,1152.0,2.0,54.0,2.0
8777,Kenchenahalli,870.0,1.0,45.0,2.0
8778,Panathur,1210.0,2.0,78.0,2.0
8779,Thanisandra,663.0,1.0,46.1,1.0
8780,other,1464.0,2.0,135.0,3.0
8781,Kadubeesanahalli,1365.0,3.0,80.0,3.0
8782,Whitefield,1704.0,3.0,120.0,3.0
8783,Whitefield,1495.0,2.0,60.55,3.0
8784,Whitefield,1256.0,2.0,73.0,2.0
8785,Kengeri,883.0,2.0,49.0,2.0
8786,Bisuvanahalli,1080.0,2.0,45.0,3.0
8788,9th Phase JP Nagar,1073.0,2.0,52.36,2.0
8789,Rajaji Nagar,3000.0,6.0,250.0,6.0
8790,other,1300.0,2.0,32.0,2.0
8791,Thanisandra,662.0,1.0,45.0,1.0
8792,other,1200.0,2.0,75.0,2.0
8793,5th Phase JP Nagar,1550.0,3.0,75.0,3.0
8794,other,1707.0,3.0,171.0,3.0
8795,Banashankari,1310.0,2.0,80.43,2.0
8796,Sarjapur  Road,1577.0,3.0,65.0,3.0
8797,Kodigehaali,1324.0,3.0,65.0,3.0
8798,Kothanur,1786.0,2.0,106.0,3.0
8799,Harlur,1174.0,2.0,75.0,2.0
8800,other,565.0,1.0,33.0,1.0
8801,7th Phase JP Nagar,1400.0,2.0,95.0,3.0
8802,Electronic City,635.0,1.0,28.0,1.0
8804,8th Phase JP Nagar,1368.0,2.0,54.71,3.0
8805,Kanakpura Road,1450.0,3.0,55.0,3.0
8806,Devanahalli,1045.0,2.0,48.0,2.0
8807,Electronic City,1128.0,2.0,65.4,2.0
8808,Bhoganhalli,1125.0,2.0,54.0,2.0
8809,Whitefield,1195.0,2.0,62.38,2.0
8811,Kaggadasapura,1350.0,2.0,105.0,3.0
8812,Domlur,1740.0,3.0,120.0,3.0
8813,Bommasandra,877.0,2.0,29.0,2.0
8814,Whitefield,1770.0,4.0,68.0,3.0
8815,Yelahanka New Town,450.0,1.0,15.0,1.0
8816,other,1000.0,2.0,55.0,2.0
8817,Whitefield,1300.0,2.0,78.0,2.0
8818,Doddathoguru,1300.0,2.0,42.0,3.0
8819,Abbigere,985.0,2.0,40.39,2.0
8820,other,1045.0,2.0,42.0,2.0
8821,other,1250.0,2.0,62.4,2.0
8822,other,2400.0,4.0,130.0,3.0
8823,Haralur Road,1194.0,2.0,46.0,2.0
8824,Kanakpura Road,1420.0,3.0,68.0,3.0
8825,other,1720.0,3.0,83.0,3.0
8826,Rachenahalli,1530.0,2.0,74.4,3.0
8827,Anandapura,1200.0,2.0,66.0,3.0
8828,Whitefield,1570.0,3.0,88.0,3.0
8829,Sarjapur  Road,1157.0,2.0,74.0,3.0
8831,Kanakapura,1120.0,2.0,39.2,2.0
8832,Kenchenahalli,1150.0,2.0,60.0,2.0
8833,Hebbal Kempapura,2400.0,5.0,200.0,5.0
8834,Bannerghatta Road,1215.0,2.0,68.0,2.0
8835,Bhoganhalli,1444.0,2.0,75.97,2.0
8836,6th Phase JP Nagar,2003.0,3.0,200.0,3.0
8837,other,1100.0,2.0,70.0,2.0
8838,Kodichikkanahalli,900.0,2.0,42.0,2.0
8839,Talaghattapura,1372.0,2.0,43.9,3.0
8840,Chikka Tirupathi,4500.0,5.0,150.0,4.0
8841,Bisuvanahalli,1180.0,2.0,55.5,3.0
8842,Electronic City,1096.0,2.0,39.0,2.0
8843,Yeshwanthpur,2504.0,3.0,138.0,3.0
8844,2nd Phase Judicial Layout,1350.0,2.0,47.25,3.0
8845,other,420.0,1.0,23.5,1.0
8846,Hennur Road,1832.0,3.0,116.0,3.0
8848,Vasanthapura,940.0,2.0,40.0,2.0
8850,Electronic City Phase II,1020.0,2.0,29.45,2.0
8851,Abbigere,2500.0,6.0,81.0,6.0
8852,Raja Rajeshwari Nagar,1400.0,2.0,45.0,2.0
8853,other,1675.0,3.0,65.0,3.0
8854,Tumkur Road,708.0,2.0,32.0,2.0
8855,Channasandra,1123.0,2.0,36.0,2.0
8856,Talaghattapura,1100.0,2.0,49.49,2.0
8857,other,1225.0,2.0,71.05,2.0
8858,Lingadheeranahalli,1683.0,3.0,140.0,3.0
8859,Kengeri Satellite Town,410.0,1.0,15.0,1.0
8861,other,1350.0,4.0,90.0,4.0
8862,Gubbalala,1475.0,2.0,80.0,2.0
8863,Kengeri Satellite Town,1120.0,2.0,49.0,2.0
8864,KR Puram,1150.0,2.0,42.0,2.0
8865,Yeshwanthpur,1165.0,2.0,85.0,2.0
8866,Harlur,1756.0,3.0,134.0,3.0
8867,Ambedkar Nagar,1409.0,2.0,95.0,2.0
8868,Mahadevpura,1212.0,2.0,56.9,2.0
8869,Doddathoguru,1140.0,2.0,26.49,2.0
8870,Hegde Nagar,2087.01,3.0,115.0,3.0
8871,Jalahalli East,775.0,1.0,34.1,1.0
8872,Sarjapur  Road,1700.0,3.0,118.0,3.0
8873,other,1732.5,3.0,91.855,3.0
8874,Raja Rajeshwari Nagar,1110.0,2.0,52.0,2.0
8875,Electronic City Phase II,1000.0,2.0,28.88,2.0
8877,Chikka Tirupathi,2704.0,5.0,105.0,4.0
8878,other,3760.0,2.0,280.0,2.0
8879,Hormavu,1600.0,5.0,140.0,5.0
8880,Bhoganhalli,1205.0,2.0,64.47,2.0
8881,Thigalarapalya,1418.0,2.0,105.0,2.0
8882,Ardendale,1650.0,3.0,82.0,3.0
8884,Electronic City,1150.0,2.0,38.0,2.0
8885,other,3071.0,4.0,300.0,3.0
8886,Dasanapura,2400.0,5.0,100.0,4.0
8887,other,850.0,2.0,34.0,2.0
8888,Raja Rajeshwari Nagar,1580.0,3.0,83.74,3.0
8889,Whitefield,1216.0,2.0,84.03,2.0
8890,Kanakpura Road,381.0,1.0,28.0,1.0
8891,KR Puram,4600.0,9.0,200.0,9.0
8892,Hebbal,1040.0,2.0,55.0,2.0
8893,Choodasandra,2429.0,3.0,210.0,4.0
8894,other,1260.0,2.0,49.0,3.0
8895,Kanakpura Road,1498.0,3.0,74.9,3.0
8896,Vidyaranyapura,1200.0,2.0,65.0,3.0
8897,Electronic City,1355.0,2.0,72.9,2.0
8898,other,1450.0,3.0,65.0,3.0
8899,Yeshwanthpur,1860.0,3.0,168.0,3.0
8900,Whitefield,1240.0,2.0,70.0,2.0
8901,Kanakpura Road,1300.0,2.0,55.0,3.0
8902,Kundalahalli,2500.0,5.0,245.0,4.0
8903,Ambedkar Nagar,1950.0,4.0,120.0,3.0
8904,Ambalipura,1625.0,2.0,145.0,3.0
8905,Electronic City,1200.0,2.0,30.0,2.0
8906,OMBR Layout,1101.0,2.0,66.0,2.0
8907,Whitefield,1216.0,2.0,72.5,2.0
8908,Uttarahalli,1250.0,2.0,50.0,3.0
8909,other,2100.0,3.0,70.0,3.0
8910,Ananth Nagar,1470.0,3.0,54.0,3.0
8911,Bannerghatta Road,1365.0,3.0,76.18,3.0
8912,Hosa Road,1364.0,2.0,64.79,2.0
8913,Banashankari Stage VI,1180.0,2.0,59.47,2.0
8914,7th Phase JP Nagar,1800.0,3.0,130.0,3.0
8915,Kothannur,1350.0,2.0,42.0,2.0
8916,Thanisandra,1573.0,3.0,98.0,3.0
8917,other,1620.0,3.0,95.0,3.0
8918,Doddakallasandra,1072.0,2.0,42.87,2.0
8919,other,560.0,1.0,21.0,1.0
8920,other,1156.0,2.0,46.0,2.0
8921,Kudlu Gate,1336.0,2.0,86.0,2.0
8922,Electronic City,1200.0,2.0,20.0,2.0
8923,Marathahalli,3400.0,4.0,235.0,4.0
8924,Raja Rajeshwari Nagar,1608.0,3.0,54.51,3.0
8926,Whitefield,1215.0,2.0,40.0,2.0
8928,Green Glen Layout,1517.0,3.0,100.0,3.0
8929,Mallasandra,1565.0,2.0,69.0,2.0
8931,Whitefield,2025.0,4.0,115.0,3.0
8932,Jalahalli,1057.0,2.0,34.71,2.0
8934,Sarjapur,1044.0,2.0,34.0,2.0
8935,Domlur,1695.0,3.0,125.0,3.0
8936,Ramagondanahalli,1635.0,3.0,61.0,3.0
8937,other,1140.0,2.0,56.0,2.0
8938,Electronic City,1150.0,2.0,35.0,2.0
8940,Yeshwanthpur,1163.0,2.0,64.08,2.0
8941,Thubarahalli,1418.0,2.0,65.0,3.0
8942,Varthur,1155.0,2.0,60.0,2.0
8943,Bannerghatta Road,1115.0,2.0,78.0,2.0
8944,other,2250.0,3.0,180.0,3.0
8945,NGR Layout,1020.0,2.0,48.45,2.0
8946,other,1485.0,3.0,78.0,3.0
8948,other,1350.0,2.0,45.0,1.0
8950,8th Phase JP Nagar,1089.0,2.0,43.55,2.0
8951,Yelahanka,1445.0,2.0,82.0,2.0
8952,Uttarahalli,1250.0,2.0,50.0,3.0
8953,other,1500.0,3.0,95.0,3.0
8954,Devarachikkanahalli,1705.0,3.0,75.0,3.0
8955,Indira Nagar,2200.0,3.0,160.0,3.0
8959,Bellandur,1830.0,3.0,90.0,3.0
8960,Electronics City Phase 1,1450.0,3.0,58.0,3.0
8961,Choodasandra,1220.0,3.0,56.0,3.0
8962,Hoodi,1259.0,2.0,69.45,2.0
8963,Subramanyapura,1260.0,2.0,73.0,3.0
8964,Kaggadasapura,2500.0,5.0,120.0,3.0
8965,Kudlu Gate,1919.0,3.0,121.0,3.0
8967,Hennur Road,2050.0,3.0,120.0,3.0
8969,other,1000.0,2.0,60.0,2.0
8970,Raja Rajeshwari Nagar,1640.0,3.0,86.8,3.0
8971,other,1488.0,2.0,65.0,3.0
8972,Chikkalasandra,1265.0,2.0,53.12,3.0
8973,Hennur,1640.0,3.0,120.0,3.0
8974,9th Phase JP Nagar,1719.3,2.0,88.0,3.0
8975,other,1200.0,4.0,130.0,4.0
8976,Kaggadasapura,1180.0,2.0,70.0,2.0
8977,HBR Layout,1700.0,3.0,110.0,3.0
8978,Kudlu Gate,1464.0,3.0,56.0,2.0
8979,JP Nagar,1800.0,6.0,68.0,6.0
8981,Yelahanka,1225.0,2.0,62.0,2.0
8982,7th Phase JP Nagar,1050.0,2.0,68.0,2.0
8983,Sarjapur  Road,1691.0,3.0,120.0,3.0
8984,other,2250.0,3.0,199.0,3.0
8985,other,3700.0,4.0,314.0,4.0
8988,other,1190.0,2.0,42.25,2.0
8989,Haralur Road,1243.0,2.0,46.0,2.0
8990,Hormavu,765.0,2.0,37.49,2.0
8991,Chamrajpet,730.0,1.0,52.0,2.0
8993,Old Madras Road,1350.0,3.0,45.9,3.0
8994,Yelahanka New Town,500.0,1.0,18.0,1.0
8995,Amruthahalli,1200.0,2.0,55.0,2.0
8996,Electronic City,1165.0,2.0,33.64,2.0
8997,7th Phase JP Nagar,1400.0,2.0,57.0,3.0
8998,other,4800.0,6.0,420.0,4.0
8999,Hormavu,1668.0,2.0,120.0,3.0
9000,Kenchenahalli,700.0,1.0,35.0,1.0
9001,5th Phase JP Nagar,1485.0,2.0,66.0,3.0
9002,Kanakpura Road,700.0,2.0,41.0,2.0
9003,Whitefield,1346.0,2.0,100.0,3.0
9004,Bisuvanahalli,1075.0,2.0,47.0,3.0
9005,other,1050.0,2.0,43.5,2.0
9006,other,1800.0,3.0,53.0,3.0
9007,Electronic City,1609.0,3.0,115.0,3.0
9008,Electronic City,770.0,1.0,35.0,2.0
9009,Kudlu,1076.0,2.0,50.0,2.0
9010,Kengeri,1052.0,2.0,51.0,2.0
9011,Channasandra,1000.0,2.0,35.0,2.0
9012,Bommasandra Industrial Area,1000.0,2.0,28.88,2.0
9013,Thanisandra,1262.0,2.0,83.0,3.0
9015,other,500.0,1.0,16.0,1.0
9018,Ramagondanahalli,1251.0,2.0,53.0,2.0
9020,other,1140.0,2.0,49.0,2.0
9021,Old Madras Road,1157.0,2.0,47.32,2.0
9022,other,648.0,1.0,34.0,1.0
9023,Harlur,1197.0,2.0,78.0,2.0
9024,Raja Rajeshwari Nagar,1500.0,3.0,51.04,3.0
9025,Raja Rajeshwari Nagar,1185.0,2.0,51.15,2.0
9026,Kumaraswami Layout,2400.0,2.0,125.0,3.0
9027,Kundalahalli,1397.0,3.0,105.0,3.0
9028,Uttarahalli,1175.0,2.0,47.0,2.0
9029,Basaveshwara Nagar,900.0,2.0,60.0,2.0
9030,Rachenahalli,2710.0,3.0,170.0,3.0
9031,other,1720.0,2.0,126.0,3.0
9033,Yelahanka,602.0,1.0,38.0,1.0
9036,Raja Rajeshwari Nagar,1295.0,2.0,43.9,2.0
9037,Rachenahalli,1200.0,2.0,46.5,2.0
9038,other,1100.0,2.0,45.0,2.0
9039,Haralur Road,1194.0,2.0,46.0,2.0
9041,Kasavanhalli,1476.0,3.0,105.0,3.0
9042,Thanisandra,1056.0,2.0,65.0,2.0
9043,other,825.0,2.0,35.0,2.0
9044,EPIP Zone,1860.0,3.0,130.0,3.0
9045,Gunjur,1063.0,2.0,40.0,2.0
9046,Yelahanka,697.0,1.0,35.0,1.0
9047,Vijayanagar,2400.0,2.0,230.0,1.0
9048,Anekal,1200.0,1.0,36.0,2.0
9049,CV Raman Nagar,1835.0,3.0,160.0,3.0
9050,Bannerghatta Road,1532.5,3.0,79.465,3.0
9051,BTM 2nd Stage,1147.0,2.0,75.0,2.0
9052,Uttarahalli,1360.0,2.0,47.59,3.0
9053,Kothanur,3400.0,5.0,265.0,4.0
9054,other,1080.0,2.0,64.0,2.0
9055,Doddakallasandra,1010.0,2.0,40.4,2.0
9057,Brookefield,1270.0,2.0,95.0,2.0
9058,other,1100.0,2.0,61.0,2.0
9059,Bellandur,1410.0,3.0,92.0,2.0
9060,Yelahanka,1065.0,2.0,41.38,2.0
9061,Anekal,1200.0,1.0,36.0,2.0
9062,Hebbal,1315.0,3.0,65.0,3.0
9064,Haralur Road,1140.0,2.0,43.0,2.0
9065,Kaggadasapura,960.0,2.0,45.0,2.0
9066,other,800.0,1.0,29.0,2.0
9067,other,1225.0,2.0,47.0,2.0
9068,Whitefield,1020.0,2.0,45.0,2.0
9069,Magadi Road,750.0,2.0,27.0,2.0
9071,other,535.0,1.0,35.0,1.0
9072,Varthur,1035.0,2.0,60.0,2.0
9073,Bommasandra Industrial Area,1020.0,2.0,29.45,2.0
9074,GM Palaya,1315.0,3.0,64.0,3.0
9075,Basavangudi,1350.0,2.0,130.0,3.0
9076,Bisuvanahalli,1075.0,2.0,48.0,3.0
9077,Kengeri Satellite Town,1450.0,2.0,50.0,3.0
9078,Gottigere,1806.0,1.0,150.0,1.0
9079,Marathahalli,1350.0,2.0,99.0,2.0
9081,Sarjapur  Road,1929.0,3.0,103.0,3.0
9082,Varthur,1100.0,2.0,72.0,2.0
9083,Kundalahalli,1800.0,3.0,110.0,3.0
9084,Gubbalala,1223.0,2.0,42.81,2.0
9085,Bharathi Nagar,1664.0,3.0,69.89,3.0
9086,Uttarahalli,1360.0,2.0,47.59,3.0
9087,Kasavanhalli,1158.0,2.0,67.0,2.0
9088,Hormavu,1420.0,3.0,58.0,3.0
9090,Sarjapur  Road,1308.0,2.0,75.0,2.0
9091,Basavangudi,1485.0,3.0,140.0,3.0
9092,other,1067.0,2.0,33.99,2.0
9093,Hulimavu,2000.0,4.0,100.0,4.0
9095,other,1152.0,2.0,42.0,2.0
9096,Uttarahalli,1525.0,2.0,62.82,3.0
9097,Whitefield,935.0,2.0,32.72,2.0
9098,other,1465.0,2.0,88.0,3.0
9099,HBR Layout,1198.0,2.0,65.0,2.0
9100,other,1145.0,2.0,63.0,2.0
9101,Attibele,1000.0,2.0,42.0,2.0
9102,Anekal,400.0,1.0,11.5,1.0
9104,Marathahalli,1310.0,3.0,63.22,3.0
9105,Panathur,1861.0,3.0,92.0,3.0
9106,Uttarahalli,1265.0,2.0,65.0,3.0
9107,other,1280.0,2.0,75.0,2.0
9108,Raja Rajeshwari Nagar,1279.0,2.0,53.76,3.0
9109,TC Palaya,1200.0,2.0,66.0,3.0
9111,Uttarahalli,1590.0,3.0,57.0,3.0
9112,Hoodi,1837.0,3.0,142.0,3.0
9113,Hegde Nagar,1703.0,3.0,130.0,3.0
9114,Kudlu,1293.0,2.0,80.0,3.0
9115,Kanakpura Road,700.0,2.0,35.0,2.0
9116,other,1450.0,3.0,75.0,3.0
9117,5th Phase JP Nagar,1030.0,2.0,57.0,2.0
9118,Kanakpura Road,1570.0,3.0,65.93,3.0
9119,7th Phase JP Nagar,1000.0,2.0,60.0,2.0
9120,Bisuvanahalli,1075.0,2.0,37.0,3.0
9121,Varthur,1091.0,2.0,33.82,2.0
9122,EPIP Zone,2210.0,3.0,165.0,3.0
9123,other,1738.0,3.0,110.0,3.0
9125,Gottigere,1205.0,2.0,56.58,2.0
9126,Kengeri,1009.0,2.0,30.27,2.0
9128,Thigalarapalya,3362.0,5.0,249.0,4.0
9129,Mysore Road,1560.0,2.0,83.3,3.0
9130,Rajaji Nagar,1600.0,3.0,140.0,4.0
9131,Sanjay nagar,960.0,2.0,55.0,2.0
9132,Uttarahalli,1330.0,2.0,46.55,3.0
9133,Whitefield,1024.0,2.0,32.0,2.0
9134,Raja Rajeshwari Nagar,1196.0,2.0,40.54,2.0
9135,Mico Layout,800.0,1.0,29.5,1.0
9136,Sarjapur  Road,2650.0,3.0,260.0,3.0
9137,Jakkur,1080.0,2.0,60.0,2.0
9138,Hebbal,1150.0,2.0,55.0,2.0
9139,Dasanapura,1286.0,2.0,68.0,3.0
9140,Whitefield,2990.0,3.0,198.0,4.0
9141,JP Nagar,1150.0,2.0,90.0,2.0
9143,Prithvi Layout,1352.0,2.0,72.0,2.0
9144,Bommanahalli,1307.0,2.0,50.0,2.0
9145,Channasandra,1500.0,4.0,89.45,4.0
9146,other,1500.0,3.0,90.0,3.0
9147,Thanisandra,1131.0,2.0,55.975,2.0
9148,Whitefield,1600.0,3.0,69.1,3.0
9149,Hosur Road,2835.0,4.0,241.0,4.0
9150,Yelahanka,682.0,1.0,36.23,1.0
9152,Vittasandra,1650.0,3.0,85.5,3.0
9153,Haralur Road,1850.0,3.0,120.0,3.0
9154,Gubbalala,2000.0,4.0,85.0,4.0
9155,other,982.0,2.0,25.0,2.0
9157,Thanisandra,1702.0,3.0,115.0,3.0
9158,Amruthahalli,1250.0,2.0,79.0,2.0
9159,Raja Rajeshwari Nagar,1240.0,2.0,40.54,2.0
9161,Yelahanka,1023.0,2.0,52.59,2.0
9163,other,1275.0,2.0,105.0,2.0
9164,Jakkur,1260.0,2.0,71.195,2.0
9165,Sarjapur  Road,1580.0,3.0,125.0,3.0
9166,Thanisandra,1343.0,2.0,75.0,2.0
9167,Bommasandra,1365.0,3.0,52.81,3.0
9168,Kundalahalli,1047.0,2.0,72.0,2.0
9169,Shampura,1187.0,2.0,42.0,2.0
9174,Choodasandra,1075.0,2.0,45.0,2.0
9175,other,2048.0,3.0,206.0,3.0
9176,Raja Rajeshwari Nagar,1090.0,2.0,57.0,2.0
9177,other,1119.0,2.0,48.5,3.0
9178,other,1355.0,2.0,58.25,3.0
9179,Hennur Road,1445.0,2.0,86.69,3.0
9182,Yeshwanthpur,1165.0,2.0,64.08,2.0
9183,Hormavu,1081.5,2.0,38.665,2.0
9184,Kothanur,1787.0,3.0,107.0,3.0
9185,Mico Layout,3600.0,4.0,330.0,4.0
9187,Electronic City,1020.0,2.0,29.45,2.0
9188,Sarjapur  Road,1797.0,4.0,95.0,3.0
9189,Whitefield,1205.0,2.0,58.0,2.0
9190,other,1095.0,2.0,55.85,2.0
9191,Yelahanka,1560.0,2.0,98.0,3.0
9192,5th Phase JP Nagar,1200.0,2.0,68.0,2.0
9194,Kanakpura Road,1450.0,3.0,65.0,3.0
9196,Thanisandra,1935.0,4.0,122.0,3.0
9197,Hosa Road,1016.0,2.0,45.0,2.0
9198,Jakkur,1816.0,3.0,119.0,3.0
9199,7th Phase JP Nagar,1680.0,3.0,125.0,3.0
9200,Hoodi,2065.5,4.0,91.915,4.0
9201,Kengeri,1220.0,2.0,63.0,2.0
9202,Hosur Road,3000.0,4.0,160.0,4.0
9205,Hormavu,1250.0,2.0,60.0,2.0
9206,Jakkur,1424.0,2.0,80.0,2.0
9207,Hennur Road,1297.0,2.0,49.9,2.0
9209,Harlur,1290.0,2.0,89.9,2.0
9210,Koramangala,1720.0,2.0,130.0,3.0
9212,other,2320.0,2.0,160.0,3.0
9213,other,1237.0,3.0,78.0,3.0
9214,Whitefield,1720.0,3.0,98.97,3.0
9215,Chikkalasandra,1224.0,2.0,45.0,2.0
9216,Yelahanka,1780.0,3.0,107.0,3.0
9218,Electronics City Phase 1,1800.0,3.0,93.0,3.0
9219,Budigere,1139.0,2.0,56.5,2.0
9221,2nd Phase Judicial Layout,700.0,2.0,35.0,2.0
9222,Kengeri,1150.0,1.0,52.0,1.0
9223,Channasandra,1330.0,2.0,51.83,3.0
9224,Old Airport Road,2732.0,4.0,194.0,4.0
9225,Kodigehaali,965.0,2.0,38.0,2.0
9226,Whitefield,1600.0,3.0,95.0,3.0
9227,other,1464.0,2.0,56.0,2.0
9229,Bisuvanahalli,1075.0,2.0,45.0,3.0
9230,other,1840.0,1.0,95.0,2.0
9231,Gubbalala,1223.0,3.0,39.14,3.0
9232,Ramamurthy Nagar,1170.0,2.0,44.0,2.0
9233,Old Madras Road,3630.0,6.0,207.0,4.0
9234,Bellandur,950.0,2.0,35.0,2.0
9235,Frazer Town,5400.0,3.0,400.0,3.0
9236,Electronic City,865.0,2.0,40.0,2.0
9237,other,2400.0,4.0,89.0,4.0
9238,Lakshminarayana Pura,1169.0,2.0,75.0,2.0
9239,Hormavu,1206.0,2.0,40.0,2.0
9241,Lingadheeranahalli,1683.0,3.0,110.0,3.0
9242,Mico Layout,1250.0,2.0,44.0,3.0
9243,Green Glen Layout,3150.0,4.0,218.0,4.0
9245,Bhoganhalli,1234.6,3.0,104.0,3.0
9246,Vijayanagar,492.0,1.0,40.0,1.0
9247,Banashankari,600.0,1.0,27.0,2.0
9248,Kalena Agrahara,1902.0,3.0,89.0,3.0
9250,other,1639.0,3.0,77.89,3.0
9251,Kasavanhalli,1214.0,2.0,67.0,2.0
9254,Harlur,1386.0,2.0,85.0,2.0
9255,Bannerghatta Road,1535.0,3.0,60.0,3.0
9257,7th Phase JP Nagar,1370.0,2.0,54.79,3.0
9258,Bannerghatta Road,1655.0,3.0,90.0,3.0
9259,Vidyaranyapura,1200.0,2.0,52.0,2.0
9260,Horamavu Banaswadi,1610.0,3.0,68.0,3.0
9261,Ramamurthy Nagar,2200.0,4.0,130.0,4.0
9262,TC Palaya,1200.0,2.0,66.0,3.0
9263,Mahalakshmi Layout,1105.0,2.0,80.0,2.0
9264,Banjara Layout,753.0,3.0,59.5,2.0
9265,Whitefield,1655.0,3.0,108.0,3.0
9267,Vishwapriya Layout,770.0,2.0,30.0,2.0
9268,Balagere,1210.0,2.0,69.0,2.0
9269,Hormavu,965.0,2.0,37.15,2.0
9270,Kanakpura Road,700.0,1.0,41.0,2.0
9271,Whitefield,1740.0,3.0,95.0,3.0
9272,Electronic City Phase II,1310.0,2.0,37.84,3.0
9273,Sarjapur  Road,1763.25,3.0,98.0,3.0
9274,Basaveshwara Nagar,1900.0,3.0,150.0,3.0
9276,JP Nagar,1450.0,2.0,55.0,3.0
9277,CV Raman Nagar,1836.0,3.0,148.0,3.0
9278,other,1160.0,2.0,75.0,2.0
9279,Hennur Road,1153.0,2.0,43.0,2.0
9280,Marathahalli,1285.0,2.0,55.0,2.0
9282,Haralur Road,1194.0,2.0,47.0,2.0
9284,Whitefield,1200.0,3.0,56.72,3.0
9285,Hormavu,583.0,1.0,28.275,1.0
9286,Tumkur Road,1240.0,2.0,79.0,3.0
9287,other,1294.0,2.0,52.0,3.0
9288,other,1095.0,2.0,45.0,2.0
9289,HSR Layout,1145.0,2.0,46.0,2.0
9290,Sarjapur  Road,1826.0,3.0,130.0,3.0
9291,Electronics City Phase 1,1314.0,2.0,60.0,2.0
9292,Koramangala,1900.0,2.0,120.0,3.0
9293,other,1040.0,2.0,36.84,2.0
9294,Jakkur,1290.0,2.0,85.0,2.0
9295,Kodigehaali,1200.0,4.0,130.0,4.0
9296,other,1325.0,2.0,47.0,3.0
9297,Hebbal,2600.0,3.0,195.0,3.0
9298,Hormavu,1129.0,2.0,44.0,2.0
9299,Balagere,790.5,1.0,42.295,1.0
9300,Hebbal,1075.0,2.0,52.0,2.0
9301,other,1108.0,2.0,48.0,2.0
9302,Ananth Nagar,810.0,2.0,25.5,2.0
9303,other,1155.0,2.0,65.0,2.0
9304,Rajaji Nagar,3900.0,6.0,260.0,6.0
9306,Sarjapur  Road,1550.0,2.0,98.0,3.0
9307,Babusapalaya,1100.0,2.0,38.0,2.0
9308,Kanakpura Road,1452.0,3.0,54.2,3.0
9309,Kothanur,1141.0,2.0,54.0,2.0
9310,other,1464.0,3.0,56.0,3.0
9311,other,1500.0,3.0,67.49,3.0
9312,Anekal,456.0,1.0,15.0,1.0
9313,Ramamurthy Nagar,1200.0,4.0,125.0,4.0
9314,Thigalarapalya,3122.0,6.0,245.0,4.0
9315,Horamavu Agara,760.0,2.0,37.49,2.0
9317,Electronic City,800.0,2.0,32.0,2.0
9318,Choodasandra,1180.0,2.0,71.22,2.0
9319,Kaggadasapura,775.0,2.0,29.5,2.0
9320,Sarjapur  Road,1145.0,2.0,49.5,2.0
9321,other,1060.0,2.0,42.5,2.0
9322,Cooke Town,3900.0,5.0,415.0,4.0
9323,Yelahanka New Town,1420.0,2.0,75.0,3.0
9324,Bhoganhalli,2439.0,4.0,190.0,4.0
9326,Hoodi,1111.0,2.0,49.43,2.0
9328,Begur Road,1200.0,2.0,42.0,2.0
9329,Bannerghatta Road,1247.0,2.0,47.39,2.0
9330,7th Phase JP Nagar,1050.0,2.0,77.47,2.0
9331,Devanahalli,1550.0,3.0,85.0,3.0
9332,7th Phase JP Nagar,1270.0,2.0,80.0,2.0
9333,Balagere,1012.0,2.0,65.0,2.0
9334,Electronic City,970.0,2.0,34.0,2.0
9335,Thanisandra,933.0,2.0,55.0,2.0
9336,Sarjapur,1200.0,3.0,76.13,3.0
9337,other,1148.0,2.0,69.0,2.0
9338,7th Phase JP Nagar,1463.0,2.0,61.45,3.0
9339,other,1719.0,3.0,110.0,3.0
9340,Whitefield,1350.0,2.0,88.0,2.0
9341,Kaggadasapura,1250.0,2.0,47.0,3.0
9344,Lakshminarayana Pura,1200.0,2.0,75.0,2.0
9345,Whitefield,1030.0,2.0,44.0,2.0
9346,other,1420.0,3.0,70.0,3.0
9348,Kanakpura Road,1703.0,3.0,126.0,3.0
9349,Old Madras Road,1210.0,2.0,80.0,2.0
9350,Horamavu Banaswadi,1210.0,2.0,50.0,2.0
9351,other,3000.0,4.0,264.0,4.0
9352,other,1398.0,3.0,51.0,3.0
9353,Nagavarapalya,1335.0,2.0,110.0,2.0
9354,Hennur,1255.0,2.0,52.32,2.0
9356,Babusapalaya,1213.0,2.0,36.37,3.0
9357,Raja Rajeshwari Nagar,1240.0,2.0,42.04,2.0
9358,Yelahanka,1076.0,2.0,78.0,2.0
9359,other,1320.0,2.0,90.0,2.0
9360,Whitefield,1216.0,2.0,80.0,2.0
9361,Thanisandra,1100.0,2.0,42.0,2.0
9362,Thanisandra,1183.0,2.0,77.3,2.0
9363,Balagere,656.0,1.0,38.77,1.0
9364,Sarjapur  Road,534.0,1.0,19.65,1.0
9365,other,1285.0,2.0,45.0,3.0
9366,Hegde Nagar,2087.01,4.0,135.0,3.0
9367,other,1161.0,2.0,59.0,2.0
9368,Begur,1306.0,2.0,65.0,2.0
9369,Jakkur,2249.81,4.0,245.0,4.0
9370,other,1504.0,3.0,67.0,3.0
9371,Balagere,645.0,1.0,39.0,1.0
9372,other,1230.0,2.0,68.0,2.0
9373,Hebbal,1100.0,2.0,42.0,2.0
9374,Yelahanka,1000.0,1.0,14.0,1.0
9375,other,1260.0,2.0,62.0,2.0
9376,Ambalipura,1817.0,3.0,102.0,3.0
9379,KR Puram,1050.0,2.0,55.0,2.0
9380,Whitefield,2900.0,4.0,225.0,4.0
9381,Kasavanhalli,2110.0,4.0,120.0,3.0
9382,Mysore Road,500.0,1.0,17.5,1.0
9383,Murugeshpalya,1930.0,3.0,75.0,3.0
9384,other,4560.0,5.0,430.0,4.0
9385,Mahadevpura,1505.0,3.0,64.0,3.0
9387,Ananth Nagar,890.0,2.0,27.0,2.0
9388,Anekal,1200.0,1.0,36.0,2.0
9389,other,849.0,2.0,25.4,2.0
9390,Chikka Tirupathi,1555.0,3.0,100.0,3.0
9392,KR Puram,1057.0,2.0,30.0,2.0
9393,7th Phase JP Nagar,1680.0,3.0,122.0,3.0
9394,other,799.0,2.0,35.0,2.0
9395,Sarjapur  Road,1450.0,2.0,75.0,3.0
9396,Sarjapur  Road,1819.0,3.0,100.0,3.0
9397,Kanakpura Road,1135.0,2.0,56.74,2.0
9398,HSR Layout,2020.0,3.0,160.0,3.0
9399,other,2700.0,4.0,170.0,5.0
9400,Hosa Road,1730.0,3.0,72.6,3.0
9401,Dasarahalli,1950.0,3.0,125.0,3.0
9402,other,1077.0,2.0,34.46,2.0
9403,Brookefield,1706.0,3.0,115.0,3.0
9404,other,3000.0,4.0,300.0,5.0
9405,Channasandra,1093.0,2.0,37.0,2.0
9406,Ambalipura,2750.0,4.0,142.0,4.0
9407,Whitefield,1340.0,2.0,101.0,2.0
9408,Sarjapur  Road,984.0,2.0,59.0,2.0
9409,AECS Layout,1135.0,2.0,68.0,2.0
9411,Varthur,1155.0,2.0,39.0,2.0
9412,Kaggalipura,700.0,1.0,35.0,1.0
9413,Horamavu Agara,1150.0,2.0,42.0,2.0
9414,Hormavu,1385.0,2.0,69.25,3.0
9415,Akshaya Nagar,2061.0,4.0,175.0,3.0
9416,Kathriguppe,1335.0,2.0,73.43,3.0
9417,Bellandur,1015.0,2.0,60.0,2.0
9418,Banashankari Stage III,3000.0,6.0,150.0,6.0
9419,Electronic City,1108.0,2.0,63.0,2.0
9421,Hennur Road,1445.0,2.0,83.0,3.0
9422,Vasanthapura,1500.0,2.0,65.0,2.0
9424,KR Puram,1085.0,2.0,46.5,2.0
9425,Rachenahalli,1050.0,2.0,52.08,2.0
9426,Kadugodi,2760.0,4.0,290.0,4.0
9427,Sarjapura - Attibele Road,1330.0,2.0,49.0,3.0
9428,Ramagondanahalli,845.0,2.0,45.82,2.0
9429,Kadugodi,1762.0,3.0,112.0,3.0
9430,Ambalipura,1303.0,2.0,80.0,2.0
9431,other,1560.0,2.0,125.0,3.0
9432,Chandapura,1110.0,2.0,29.97,3.0
9433,other,1290.0,3.0,45.33,3.0
9434,Bannerghatta Road,1237.5,2.0,49.49,2.0
9435,9th Phase JP Nagar,1780.0,3.0,88.0,3.0
9436,Budigere,1636.0,3.0,83.0,3.0
9437,Hennur,2557.0,2.0,170.0,4.0
9438,Sector 2 HSR Layout,1332.0,2.0,101.0,2.0
9440,other,1012.0,2.0,59.0,2.0
9441,Kengeri,1192.0,2.0,53.5,2.0
9442,Abbigere,795.0,2.0,32.54,2.0
9443,Uttarahalli,1213.0,2.0,48.0,2.0
9444,Sarjapur  Road,1489.0,3.0,88.0,3.0
9445,Sarjapur,1200.0,2.0,62.0,2.0
9446,Electronic City Phase II,1140.0,2.0,28.5,2.0
9447,Devanahalli,1200.0,2.0,55.08,3.0
9448,Ananth Nagar,1200.0,2.0,36.0,2.0
9449,Vidyaranyapura,2640.0,6.0,225.0,5.0
9450,Bannerghatta Road,1650.0,3.0,94.0,3.0
9452,Ardendale,1224.0,2.0,67.0,2.0
9453,Gunjur,1235.0,2.0,52.76,2.0
9454,Yelenahalli,1200.0,2.0,45.6,2.0
9455,Yelahanka,1342.0,2.0,75.0,3.0
9457,TC Palaya,1800.0,2.0,80.0,2.0
9460,Abbigere,1130.0,2.0,46.33,2.0
9461,Somasundara Palya,1186.0,2.0,72.0,2.0
9462,Hennur,1295.0,2.0,64.0,2.0
9463,Kudlu Gate,1535.0,3.0,85.0,3.0
9464,Bannerghatta Road,905.0,2.0,65.0,2.0
9465,Bhoganhalli,1447.0,2.0,75.97,2.0
9466,Hormavu,1165.0,2.0,40.0,2.0
9467,Kanakpura Road,1328.0,2.0,107.0,2.0
9468,other,1485.0,2.0,110.0,3.0
9469,Uttarahalli,1475.0,2.0,59.0,3.0
9470,Vidyaranyapura,1175.0,2.0,35.0,2.0
9471,Thigalarapalya,1245.0,2.0,100.0,2.0
9473,Rachenahalli,985.0,2.0,49.97,2.0
9475,Hoskote,1395.0,2.0,63.0,3.0
9476,Hoodi,711.0,1.0,42.65,1.0
9477,Electronic City,630.0,1.0,40.5,1.0
9478,other,2400.0,4.0,88.0,4.0
9479,Gottigere,1170.0,2.0,40.0,2.0
9480,Marathahalli,2500.0,5.0,181.0,4.0
9481,Gubbalala,1100.0,2.0,49.5,2.0
9482,Hulimavu,3560.0,5.0,318.0,4.0
9483,Margondanahalli,900.0,2.0,55.0,2.0
9484,Bommasandra Industrial Area,1160.0,2.0,33.51,2.0
9485,Varthur,1180.0,2.0,55.0,2.0
9486,Tumkur Road,1441.0,2.0,95.0,3.0
9487,other,1115.0,2.0,50.0,2.0
9488,Yeshwanthpur,1825.0,3.0,145.0,3.0
9489,other,1489.0,2.0,101.0,2.0
9491,Subramanyapura,1278.0,3.0,62.71,3.0
9492,Subramanyapura,1223.0,2.0,42.81,3.0
9493,Hormavu,1065.0,2.0,50.92,2.0
9494,Whitefield,1190.0,2.0,64.0,2.0
9495,Koramangala,1130.0,2.0,63.0,2.0
9496,Banashankari,1430.0,2.0,87.8,2.0
9497,HRBR Layout,1900.0,3.0,90.0,4.0
9498,Sarjapur  Road,1104.0,2.0,34.22,2.0
9499,Begur Road,1240.0,2.0,45.88,2.0
9500,Choodasandra,1140.0,2.0,62.0,2.0
9501,Haralur Road,1194.0,2.0,47.0,2.0
9502,other,1464.0,3.0,56.0,3.0
9504,KR Puram,1700.0,3.0,105.0,3.0
9505,Old Airport Road,2658.0,5.0,189.0,4.0
9506,other,1600.0,2.0,90.0,3.0
9507,OMBR Layout,3400.0,4.0,275.0,4.0
9508,other,1508.0,3.0,75.0,3.0
9509,Balagere,645.0,1.0,41.0,1.0
9510,Hormavu,1046.0,2.0,60.0,2.0
9513,other,3000.0,6.0,300.0,6.0
9514,Hosa Road,1079.0,2.0,32.37,2.0
9515,Thubarahalli,975.0,2.0,50.0,2.0
9516,ISRO Layout,1050.0,2.0,51.0,2.0
9518,other,1903.0,3.0,165.0,3.0
9520,other,1200.0,2.0,38.0,2.0
9521,other,2996.0,4.0,200.0,4.0
9522,other,3400.0,4.0,200.0,4.0
9525,Parappana Agrahara,1092.0,2.0,43.0,2.0
9526,Hormavu,1400.0,2.0,75.0,2.0
9527,Bommanahalli,1416.0,2.0,85.0,3.0
9528,other,1602.0,2.0,75.0,3.0
9529,Electronic City,1100.0,2.0,41.0,2.0
9530,Kothanur,1760.0,3.0,110.0,3.0
9531,Marathahalli,3800.0,4.0,235.0,4.0
9532,Vasanthapura,1037.0,2.0,36.28,2.0
9533,Yeshwanthpur,1384.0,2.0,76.18,3.0
9534,other,551.0,1.0,30.0,1.0
9537,Sarjapur,900.0,2.0,27.98,2.0
9538,Anandapura,1415.0,2.0,74.0,3.0
9539,other,1400.0,2.0,44.8,2.0
9542,Kudlu,1030.0,2.0,75.0,2.0
9543,Kambipura,883.0,2.0,39.0,2.0
9544,other,550.0,1.0,16.0,1.0
9545,Anjanapura,1800.0,4.0,55.0,4.0
9547,Old Madras Road,1210.0,2.0,77.0,2.0
9548,Vishveshwarya Layout,2000.0,3.0,90.0,4.0
9549,Kanakpura Road,1100.0,3.0,58.0,3.0
9550,other,1780.0,3.0,100.0,3.0
9552,Panathur,1050.0,2.0,60.0,2.0
9553,Hosur Road,1370.0,3.0,38.36,3.0
9554,Marathahalli,3951.0,4.0,230.0,4.0
9555,Bellandur,2500.0,4.0,112.0,3.0
9556,other,1050.0,2.0,49.5,2.0
9557,Anjanapura,1843.0,3.0,87.54,3.0
9559,Somasundara Palya,1186.0,2.0,76.0,2.0
9560,Haralur Road,560.0,1.0,45.0,1.0
9561,Narayanapura,2357.0,3.0,135.0,3.0
9563,Yelahanka,1823.0,3.0,103.0,3.0
9564,other,1310.0,3.0,90.0,3.0
9565,Varthur,1520.0,2.0,60.0,3.0
9566,Bhoganhalli,1610.0,3.0,74.03,3.0
9567,Whitefield,1500.0,3.0,78.57,3.0
9568,LB Shastri Nagar,1400.0,2.0,80.0,3.0
9569,HRBR Layout,1625.0,3.0,120.0,3.0
9571,other,900.0,2.0,24.0,2.0
9572,Talaghattapura,1100.0,2.0,32.0,2.0
9573,Bannerghatta Road,1000.0,2.0,50.0,2.0
9574,Old Airport Road,2774.0,4.0,197.0,4.0
9575,Yeshwanthpur,994.0,2.0,54.67,1.0
9576,Kaggadasapura,1455.0,3.0,75.0,3.0
9578,Lakshminarayana Pura,1172.0,2.0,75.0,2.0
9579,Hennur,1935.0,3.0,102.0,3.0
9580,Rachenahalli,1856.0,3.0,106.0,3.0
9582,Uttarahalli,900.0,2.0,35.0,2.0
9583,Raja Rajeshwari Nagar,1757.0,3.0,98.0,3.0
9584,Kudlu,1027.0,2.0,44.0,2.0
9585,Whitefield,1626.0,3.0,85.0,3.0
9586,other,1200.0,2.0,54.0,2.0
9587,Hoodi,1559.0,3.0,81.55,3.0
9588,Amruthahalli,1190.0,2.0,50.0,2.0
9589,KR Puram,1200.0,2.0,72.0,2.0
9590,Harlur,1174.0,2.0,74.0,2.0
9591,Kanakpura Road,1140.0,2.0,65.0,2.0
9592,other,1603.0,2.0,125.0,3.0
9593,Subramanyapura,1278.0,3.0,70.0,3.0
9595,Banashankari Stage III,1085.0,2.0,50.0,2.0
9596,Whitefield,1195.0,2.0,61.36,2.0
9597,other,450.0,1.0,30.0,1.0
9599,Attibele,550.0,1.0,11.5,1.0
9600,Kenchenahalli,1165.0,2.0,45.0,2.0
9601,other,3000.0,4.0,301.0,4.0
9602,Kanakpura Road,1452.0,3.0,60.0,3.0
9603,Sarjapur  Road,702.0,1.0,52.0,1.0
9604,Banashankari,1020.0,2.0,42.83,2.0
9605,Devanahalli,1340.0,2.0,65.0,2.0
9606,Marathahalli,1125.0,2.0,54.8,2.0
9607,other,1160.0,2.0,40.53,2.0
9608,Vidyaranyapura,1050.0,2.0,50.0,2.0
9609,JP Nagar,1960.0,3.0,138.0,3.0
9610,other,1200.0,3.0,52.0,2.0
9612,Old Airport Road,3496.0,4.0,262.0,4.0
9613,Electronic City,975.0,2.0,32.0,2.0
9614,Kudlu,1700.0,3.0,125.0,3.0
9617,other,1275.0,2.0,69.0,2.0
9618,Yeshwanthpur,650.0,1.0,40.0,1.0
9619,Kasavanhalli,1495.0,2.0,110.0,2.0
9620,Hebbal,1200.0,2.0,48.0,2.0
9621,Sarjapura - Attibele Road,3750.0,6.0,295.0,5.0
9622,Hennur Road,1679.0,3.0,94.86,3.0
9623,Kaval Byrasandra,1450.0,3.0,75.0,3.0
9624,Balagere,1210.0,2.0,82.0,2.0
9625,other,1300.0,2.0,51.0,3.0
9626,Judicial Layout,1165.0,2.0,49.61,2.0
9627,other,1623.0,3.0,155.0,3.0
9628,Channasandra,1115.0,2.0,35.8,2.0
9629,BTM Layout,450.0,1.0,20.0,1.0
9630,Electronics City Phase 1,1170.0,2.0,62.0,2.0
9632,Marathahalli,1700.0,3.0,126.0,3.0
9634,Malleshpalya,1245.0,2.0,55.0,2.0
9635,Kanakapura,1017.0,2.0,66.0,2.0
9637,Sarjapur  Road,1242.0,2.0,75.0,2.0
9638,Yelahanka,1792.0,3.0,104.0,3.0
9639,other,1275.0,3.0,55.0,3.0
9642,Electronic City,605.0,1.0,22.0,1.0
9643,HBR Layout,1200.0,4.0,115.0,4.0
9644,Electronics City Phase 1,1450.0,3.0,79.0,3.0
9645,Bommenahalli,1232.0,3.0,96.0,3.0
9646,Laggere,1800.0,5.0,70.0,5.0
9647,other,900.0,1.0,52.3,1.0
9648,Kaggadasapura,1200.0,2.0,40.0,2.0
9649,Kadugodi,2100.0,3.0,204.0,4.0
9650,Uttarahalli,1065.0,2.0,42.6,2.0
9651,other,1075.0,2.0,48.38,2.0
9653,other,780.0,2.0,31.0,2.0
9654,7th Phase JP Nagar,1070.0,2.0,42.79,2.0
9655,Haralur Road,1464.0,3.0,56.0,3.0
9656,Ramagondanahalli,1910.0,3.0,150.0,3.0
9658,Raja Rajeshwari Nagar,1530.0,3.0,64.0,3.0
9659,Bhoganhalli,2439.0,5.0,170.0,4.0
9660,other,1088.0,2.0,43.5,2.0
9661,Harlur,1174.0,2.0,78.0,2.0
9662,Raja Rajeshwari Nagar,1587.0,3.0,73.8,3.0
9663,Kaggadasapura,1045.0,2.0,55.0,2.0
9664,Yelahanka,1304.0,2.0,69.97,2.0
9665,Whitefield,1100.0,2.0,65.0,2.0
9666,Hennur Road,1482.0,2.0,68.9,3.0
9667,Devanahalli,2125.0,3.0,107.0,3.0
9669,Parappana Agrahara,1194.0,2.0,45.0,2.0
9670,Kengeri,1200.0,2.0,42.0,2.0
9671,other,1070.0,2.0,32.99,2.0
9672,Whitefield,1100.0,2.0,46.5,2.0
9673,Whitefield,1270.0,2.0,65.0,3.0
9674,other,1000.0,2.0,31.0,2.0
9675,Vittasandra,1246.0,2.0,69.0,2.0
9676,Raja Rajeshwari Nagar,1529.0,3.0,51.77,3.0
9677,Thanisandra,1185.0,2.0,42.0,2.0
9678,Gubbalala,1060.0,2.0,46.0,2.0
9679,Ananth Nagar,1319.0,3.0,37.75,3.0
9680,Kaikondrahalli,991.0,2.0,64.0,2.0
9681,Thanisandra,662.0,1.0,38.0,1.0
9683,other,1400.0,2.0,78.0,3.0
9684,Talaghattapura,1575.0,3.0,80.0,3.0
9687,Ananth Nagar,1319.0,3.0,42.0,3.0
9690,Electronics City Phase 1,940.0,2.0,48.0,2.0
9691,Singasandra,600.0,1.0,45.0,1.0
9692,Chandapura,985.0,2.0,25.12,2.0
9694,Bharathi Nagar,1349.0,2.0,56.7,2.0
9695,Whitefield,3117.0,3.0,261.0,3.0
9696,HSR Layout,1844.0,3.0,95.0,3.0
9697,Thigalarapalya,1830.0,4.0,150.0,3.0
9698,Sarjapur  Road,2275.0,4.0,185.0,3.0
9699,Bannerghatta,2895.5,2.0,246.0,4.0
9700,Varthur Road,1140.0,2.0,49.11,2.0
9701,Banjara Layout,900.0,3.0,79.0,3.0
9702,other,2648.0,3.0,238.0,3.0
9704,Banashankari,1372.0,2.0,48.02,3.0
9705,other,1455.0,2.0,45.0,3.0
9706,Hebbal,1100.0,2.0,38.0,2.0
9707,Raja Rajeshwari Nagar,1295.0,2.0,55.47,2.0
9708,other,1475.0,3.0,80.0,3.0
9709,Nagavarapalya,1788.0,3.0,164.0,3.0
9710,Haralur Road,1243.0,2.0,46.0,2.0
9711,Yeshwanthpur,1855.0,3.0,140.0,3.0
9712,Kudlu Gate,1850.0,3.0,120.0,3.0
9713,Marathahalli,1315.0,2.0,60.0,3.0
9714,Whitefield,1216.0,2.0,73.0,2.0
9715,other,1721.0,3.0,93.0,3.0
9716,Sonnenahalli,1059.0,2.0,62.0,2.0
9717,Kadubeesanahalli,1184.0,2.0,55.0,2.0
9720,other,1480.0,3.0,75.0,3.0
9721,Kodigehalli,635.0,1.0,28.0,2.0
9723,JP Nagar,1500.0,2.0,87.0,4.0
9724,Hosa Road,1143.0,2.0,34.2,2.0
9725,Sarjapur  Road,3200.0,4.0,350.0,4.0
9726,Kanakpura Road,3170.0,4.0,250.0,4.0
9727,other,4800.0,4.0,420.0,4.0
9728,Kothannur,1485.0,2.0,59.4,3.0
9730,Hennur,1655.0,2.0,70.5,3.0
9731,2nd Phase Judicial Layout,900.0,2.0,41.0,2.0
9732,Somasundara Palya,1600.0,3.0,69.0,3.0
9733,other,1163.0,2.0,68.0,2.0
9735,Hennur Road,1654.0,3.0,97.8,3.0
9736,other,801.0,1.0,33.645,1.0
9738,Bellandur,1685.0,3.0,101.0,3.0
9739,Banashankari,1540.0,3.0,80.0,3.0
9740,Thanisandra,1265.0,2.0,72.0,2.0
9741,Kasavanhalli,1200.0,2.0,38.4,3.0
9742,other,1300.0,2.0,80.0,3.0
9743,Sultan Palaya,1009.0,2.0,65.0,2.0
9744,other,1540.0,3.0,65.0,3.0
9745,Bellandur,1735.0,3.0,105.0,3.0
9749,Electronic City,1142.0,2.0,35.0,2.0
9750,other,1215.0,2.0,46.8,3.0
9751,Electronic City,1070.0,2.0,48.0,2.0
9752,Electronic City Phase II,1125.0,2.0,32.49,2.0
9753,Bommasandra Industrial Area,1125.0,2.0,32.49,2.0
9754,Kasavanhalli,1575.0,2.0,85.0,2.0
9755,Hosa Road,1360.0,2.0,77.61,2.0
9756,Haralur Road,1710.0,3.0,85.0,3.0
9757,Electronic City Phase II,1200.0,2.0,34.65,2.0
9758,Bannerghatta Road,2185.0,3.0,120.0,4.0
9759,other,2400.0,4.0,135.0,4.0
9760,Banashankari,1195.0,2.0,35.84,2.0
9761,Vittasandra,1246.0,2.0,67.0,2.0
9762,Bannerghatta Road,1012.0,2.0,45.0,2.0
9763,other,998.0,2.0,65.0,2.0
9765,7th Phase JP Nagar,1130.0,2.0,85.0,2.0
9767,Rajaji Nagar,2733.0,5.0,259.0,4.0
9768,Karuna Nagar,1354.0,2.0,98.0,3.0
9770,Brookefield,1389.0,2.0,94.0,2.0
9771,Sarjapur,2970.0,3.0,130.0,4.0
9773,Lakshminarayana Pura,1172.0,2.0,75.0,2.0
9775,Kaggadasapura,1495.0,3.0,60.0,3.0
9776,Varthur,1738.0,2.0,57.35,2.0
9777,Dodda Nekkundi,1315.0,2.0,50.0,2.0
9778,Marathahalli,1270.0,2.0,73.0,2.0
9779,Electronic City Phase II,1160.0,2.0,52.2,2.0
9780,Raja Rajeshwari Nagar,1450.0,2.0,67.0,3.0
9781,Rayasandra,470.0,1.0,21.0,1.0
9782,other,1040.0,2.0,78.0,2.0
9783,Sarjapur,1205.0,2.0,29.0,2.0
9784,other,1215.0,2.0,50.0,3.0
9785,Whitefield,1135.0,2.0,58.0,2.0
9786,8th Phase JP Nagar,1224.0,2.0,48.95,3.0
9787,Budigere,664.0,1.0,34.0,1.0
9788,Electronic City,1160.0,2.0,42.0,3.0
9790,Bommasandra Industrial Area,1220.0,2.0,35.2,3.0
9791,Bharathi Nagar,1328.0,2.0,69.0,2.0
9792,other,975.0,2.0,45.0,2.0
9794,Malleshwaram,900.0,2.0,72.0,2.0
9795,other,1330.0,2.0,80.0,2.0
9796,Rajiv Nagar,2330.0,5.0,175.0,4.0
9797,Munnekollal,1222.0,3.0,95.0,3.0
9798,other,4446.0,3.0,410.0,3.0
9799,Sarjapur  Road,2100.0,3.0,135.0,3.0
9800,Sarjapur  Road,3335.0,4.0,290.0,4.0
9801,Whitefield,3150.0,3.0,290.0,3.0
9802,other,1320.0,2.0,95.0,3.0
9804,other,8000.0,5.0,550.0,5.0
9806,Uttarahalli,1330.0,2.0,46.55,3.0
9807,Hosur Road,2000.0,4.0,130.0,4.0
9808,Electronic City Phase II,1244.0,2.0,55.0,2.0
9809,other,1000.0,2.0,50.0,2.0
9810,other,1400.0,3.0,45.0,3.0
9811,other,1000.0,2.0,35.0,2.0
9813,Uttarahalli,1250.0,2.0,50.0,3.0
9814,Hebbal,2630.0,5.0,188.0,4.0
9815,other,1225.0,2.0,48.0,2.0
9816,Hebbal,2790.0,5.0,198.0,4.0
9818,Seegehalli,1683.0,3.0,80.0,3.0
9819,Yelahanka,1250.0,2.0,54.0,2.0
9820,Hennur Road,1305.0,2.0,110.0,3.0
9822,Kaggalipura,1150.0,2.0,57.5,3.0
9823,Kaggadasapura,1654.0,3.0,70.0,3.0
9824,other,4500.0,3.0,225.0,4.0
9825,Kadugodi,1890.0,4.0,125.0,3.0
9826,Kasavanhalli,1069.0,2.0,55.0,2.0
9827,Chandapura,750.0,1.0,18.5,2.0
9829,Hormavu,2400.0,3.0,177.0,3.0
9832,7th Phase JP Nagar,1680.0,3.0,130.0,3.0
9834,Sarjapur  Road,1700.0,3.0,93.5,3.0
9835,other,2200.0,2.0,150.0,4.0
9836,Thanisandra,1595.0,3.0,105.0,3.0
9837,Hennur Road,1480.0,3.0,100.0,3.0
9838,other,1092.0,3.0,95.0,3.0
9840,Hebbal,3895.0,3.0,390.0,3.0
9841,Banashankari,1683.0,3.0,115.0,3.0
9843,Banaswadi,1340.0,2.0,73.0,2.0
9844,other,1100.0,3.0,53.0,3.0
9846,Whitefield,1185.0,2.0,56.0,2.0
9847,Chandapura,1025.0,2.0,27.68,2.0
9848,Haralur Road,1730.0,3.0,95.0,3.0
9849,Hennur Road,1450.0,3.0,88.6,3.0
9850,Sarjapur  Road,1862.0,4.0,110.0,3.0
9852,Old Madras Road,2430.0,5.0,180.0,3.0
9853,Hoodi,863.0,1.0,40.55,1.0
9854,other,1170.0,2.0,50.0,2.0
9855,other,1075.0,2.0,50.0,2.0
9856,Kodichikkanahalli,1060.0,2.0,34.0,2.0
9857,Sarjapur,850.0,2.0,32.0,2.0
9858,other,935.0,2.0,45.9,2.0
9859,Gollarapalya Hosahalli,1905.0,3.0,86.0,4.0
9861,Uttarahalli,1125.0,2.0,47.0,2.0
9863,Chikkabanavar,1500.0,4.0,105.0,4.0
9864,Bannerghatta Road,1725.0,3.0,85.0,3.0
9865,other,1120.0,2.0,36.0,2.0
9866,Brookefield,1750.0,2.0,75.0,3.0
9867,7th Phase JP Nagar,2000.0,3.0,77.0,3.0
9868,Koramangala,1745.0,3.0,98.0,3.0
9870,Uttarahalli,1270.0,2.0,55.25,3.0
9871,Iblur Village,5384.0,5.0,420.0,5.0
9872,Sahakara Nagar,1180.0,2.0,72.0,2.0
9873,other,1130.0,2.0,75.0,2.0
9874,Old Airport Road,2774.0,4.0,197.0,4.0
9875,Ardendale,1723.0,3.0,95.0,3.0
9876,Mysore Road,1175.0,2.0,70.5,2.0
9877,Ambalipura,1607.0,2.0,112.0,3.0
9878,other,1334.0,2.0,62.0,2.0
9879,Vishwapriya Layout,2800.0,5.0,130.0,5.0
9881,Bannerghatta,1113.0,2.0,70.0,2.0
9882,9th Phase JP Nagar,1300.0,2.0,58.0,3.0
9884,Sahakara Nagar,1200.0,2.0,60.0,2.0
9885,other,1900.0,3.0,190.0,3.0
9886,Jakkur,5150.0,4.0,559.0,4.0
9888,Whitefield,2956.0,5.0,234.0,4.0
9890,Panathur,1398.0,2.0,97.0,2.0
9891,Margondanahalli,1152.0,1.0,66.0,2.0
9893,Nagavara,1110.0,2.0,44.95,2.0
9894,Devarachikkanahalli,1116.0,2.0,47.0,2.0
9895,Babusapalaya,1061.0,2.0,33.84,2.0
9897,7th Phase JP Nagar,1300.0,2.0,52.0,3.0
9898,Yelahanka,1270.0,2.0,57.0,2.0
9899,other,966.0,2.0,50.0,2.0
9900,other,1200.0,4.0,110.0,4.0
9902,Iblur Village,3596.0,5.0,297.0,4.0
9903,other,1630.0,3.0,131.0,3.0
9906,Amruthahalli,1202.0,2.0,65.0,2.0
9908,Jakkur,1300.0,2.0,80.0,2.0
9910,Electronic City,1360.0,2.0,70.0,3.0
9911,Hennur Road,1155.0,2.0,69.18,2.0
9913,Hulimavu,1011.0,2.0,38.0,2.0
9914,HSR Layout,1203.0,2.0,72.0,2.0
9915,Hebbal,1645.0,3.0,113.0,3.0
9916,Horamavu Agara,1364.0,2.0,50.0,3.0
9917,Anekal,1200.0,1.0,36.0,2.0
9918,other,1050.0,2.0,41.0,1.0
9919,Kothanur,1365.0,3.0,66.0,3.0
9920,Jigani,1252.0,3.0,70.0,3.0
9921,Jigani,1221.0,3.0,65.0,3.0
9922,Panathur,1065.0,2.0,58.0,2.0
9923,Uttarahalli,1270.0,2.0,55.25,3.0
9924,Sahakara Nagar,1032.0,2.0,45.0,2.0
9926,Sector 2 HSR Layout,1515.0,2.0,69.0,3.0
9927,other,1427.0,2.0,52.0,2.0
9928,Magadi Road,940.0,2.0,50.0,2.0
9930,Bannerghatta Road,1460.0,2.0,80.0,3.0
9931,Sarjapur  Road,2275.0,4.0,175.0,3.0
9932,9th Phase JP Nagar,1522.0,3.0,90.0,3.0
9934,Thanisandra,1185.0,2.0,42.67,2.0
9935,other,5425.0,13.0,275.0,13.0
9936,Banashankari,1800.0,3.0,125.0,3.0
9937,Electronics City Phase 1,940.0,2.0,44.0,2.0
9939,Marathahalli,1530.0,3.0,71.0,3.0
9940,other,1050.0,2.0,48.0,2.0
9941,Subramanyapura,929.0,2.0,49.0,2.0
9942,Banjara Layout,3750.0,5.0,145.0,4.0
9943,Whitefield,1530.0,3.0,75.0,3.0
9944,other,900.0,2.0,48.0,2.0
9945,Vasanthapura,978.0,2.0,34.22,2.0
9946,other,4041.0,4.0,345.0,4.0
9947,Ambalipura,770.0,1.0,43.82,1.0
9948,Kaval Byrasandra,1066.0,2.0,55.0,2.0
9949,Electronic City,635.0,1.0,28.0,1.0
9950,Whitefield,1015.0,2.0,45.0,2.0
9951,Hebbal,1175.0,2.0,54.05,2.0
9952,Chikkabanavar,1200.0,4.0,130.0,4.0
9953,Vidyaranyapura,1188.0,2.0,50.0,2.0
9955,other,620.0,1.0,25.0,1.0
9956,other,1210.0,2.0,75.0,2.0
9957,Attibele,1000.0,3.0,90.0,3.0
9958,Rajaji Nagar,1500.0,2.0,99.0,3.0
9959,Electronic City,1800.0,3.0,190.0,4.0
9960,Thanisandra,1185.0,2.0,43.66,2.0
9961,Basavangudi,1600.0,3.0,130.0,3.0
9962,Gottigere,1100.0,2.0,28.0,2.0
9963,Yelahanka,1300.0,2.0,69.23,2.0
9964,Kasavanhalli,1100.0,2.0,68.0,2.0
9965,Ambalipura,860.0,2.0,28.93,2.0
9966,Panathur,1007.0,2.0,64.0,2.0
9967,Akshaya Nagar,1100.0,2.0,48.0,2.0
9968,Whitefield,1187.0,2.0,38.0,2.0
9969,R.T. Nagar,1150.0,2.0,72.0,2.0
9971,other,1180.0,2.0,41.94,2.0
9972,Budigere,1820.0,3.0,85.2,3.0
9975,KR Puram,3628.0,4.0,246.0,4.0
9976,other,1430.0,3.0,70.0,3.0
9977,Kanakpura Road,700.0,2.0,40.0,2.0
9978,other,1200.0,1.0,70.0,2.0
9979,Old Madras Road,1165.0,2.0,40.77,2.0
9980,Jalahalli,1569.0,3.0,118.0,3.0
9981,other,1950.0,4.0,95.0,3.0
9982,other,1200.0,3.0,70.0,2.0
9983,Yelahanka New Town,2437.0,3.0,125.0,3.0
9984,Marathahalli,950.0,2.0,46.7,2.0
9985,Bellandur,1685.0,3.0,115.0,3.0
9986,Green Glen Layout,3270.0,4.0,205.0,4.0
9988,other,1250.0,3.0,40.0,3.0
9989,other,1130.0,2.0,68.0,2.0
9993,Whitefield,2247.0,3.0,145.0,3.0
9994,Marathahalli,1550.0,3.0,85.0,3.0
9995,Hoodi,1715.0,2.0,100.0,3.0
9996,Hennur Road,1053.0,2.0,53.0,2.0
9997,Begur Road,1200.0,3.0,50.0,3.0
9999,Chikkabanavar,2400.0,4.0,97.0,5.0
10000,other,1245.0,1.0,60.0,2.0
10002,Whitefield,3940.0,5.0,265.0,4.0
10003,Thanisandra,1241.0,2.0,65.0,3.0
10004,7th Phase JP Nagar,2980.0,4.0,260.0,3.0
10006,Raja Rajeshwari Nagar,1090.0,2.0,57.0,2.0
10007,other,1390.0,2.0,50.0,3.0
10009,other,2750.0,5.0,275.0,3.0
10010,Kanakpura Road,1100.0,2.0,52.97,3.0
10011,Koramangala,1350.0,2.0,103.0,2.0
10012,other,800.0,2.0,55.0,2.0
10013,Sarjapur  Road,1787.0,3.0,116.0,3.0
10014,BTM Layout,2400.0,3.0,220.0,3.0
10015,Haralur Road,3700.0,4.0,325.0,4.0
10016,Sarjapur  Road,1691.0,3.0,93.01,3.0
10017,Bhoganhalli,2119.0,4.0,111.0,4.0
10018,Chikka Tirupathi,2325.0,3.0,95.0,3.0
10020,Akshaya Nagar,1896.0,3.0,102.0,3.0
10021,Banashankari Stage V,1540.0,3.0,48.51,3.0
10022,other,1244.0,2.0,95.0,2.0
10023,Hormavu,1365.0,2.0,65.0,3.0
10024,Thanisandra,580.0,1.0,27.5,1.0
10025,Hebbal,1355.0,3.0,83.87,3.0
10027,8th Phase JP Nagar,1513.0,2.0,62.0,2.0
10028,Banashankari,1175.0,2.0,41.13,2.0
10029,Thanisandra,2087.0,4.0,139.0,3.0
10030,Talaghattapura,2273.0,3.0,145.0,3.0
10031,Thanisandra,2050.0,3.0,150.0,3.0
10032,other,1200.0,2.0,75.0,2.0
10033,Whitefield,1190.0,2.0,59.0,2.0
10035,Marathahalli,1019.0,2.0,49.86,2.0
10036,Thigalarapalya,1830.0,3.0,133.0,3.0
10037,Channasandra,4278.0,7.0,299.0,7.0
10038,Sarjapur  Road,1028.0,2.0,56.0,2.0
10039,Old Madras Road,1300.0,2.0,100.0,2.0
10040,Whitefield,1160.0,2.0,67.0,2.0
10041,Mahadevpura,1505.0,3.0,78.0,3.0
10042,Kogilu,1250.0,2.0,55.55,2.0
10044,Sarjapur,1175.0,2.0,41.68,2.0
10045,other,1100.0,2.0,57.6,2.0
10046,other,2159.0,3.0,120.0,3.0
10047,Devanahalli,1230.0,2.0,56.45,2.0
10049,other,3100.0,6.0,165.0,5.0
10050,Old Madras Road,5020.0,7.0,287.0,5.0
10051,other,1200.0,1.0,48.0,1.0
10052,other,1340.0,2.0,71.0,2.0
10053,Banashankari,1750.0,2.0,89.0,3.0
10054,Banashankari Stage II,1400.0,2.0,100.0,2.0
10055,Nagarbhavi,1350.0,3.0,60.0,3.0
10056,other,1675.0,3.0,62.0,3.0
10057,Thanisandra,1340.0,2.0,66.33,2.0
10059,Hulimavu,1276.0,2.0,76.0,2.0
10060,Ramagondanahalli,1738.0,2.0,76.0,3.0
10061,other,1190.0,2.0,59.9,2.0
10062,Electronic City,1128.0,2.0,65.45,2.0
10063,other,1250.0,2.0,55.0,2.0
10064,other,1450.0,2.0,90.0,2.0
10065,Kudlu,1084.0,2.0,53.0,2.0
10066,Kaggadasapura,2150.0,4.0,90.0,4.0
10067,Koramangala,6000.0,4.0,625.0,4.0
10069,Hosur Road,1250.0,2.0,65.0,2.0
10070,Seegehalli,2400.0,4.0,240.0,3.0
10071,Begur,1304.0,3.0,65.0,3.0
10073,7th Phase JP Nagar,980.0,2.0,77.44,2.0
10074,other,1275.0,2.0,49.5,2.0
10075,other,10030.0,1.0,150.0,1.0
10076,Banjara Layout,2500.0,4.0,140.0,3.0
10077,other,3600.0,4.0,225.0,4.0
10078,Anekal,2400.0,4.0,95.0,3.0
10080,Kanakpura Road,1450.0,2.0,70.18,3.0
10081,Electronic City,890.0,2.0,40.0,2.0
10082,Bannerghatta Road,1340.0,2.0,85.0,2.0
10083,Vidyaranyapura,1100.0,2.0,75.0,3.0
10084,Kengeri,750.0,2.0,40.0,2.0
10086,Akshaya Nagar,1300.0,2.0,66.0,2.0
10088,other,3200.0,8.0,130.0,9.0
10089,other,1900.0,2.0,92.0,3.0
10090,Kanakpura Road,1299.0,2.0,105.0,2.0
10091,other,1250.0,3.0,40.0,3.0
10093,other,925.0,2.0,55.0,2.0
10094,other,3900.0,3.0,250.0,3.0
10095,Uttarahalli,1107.0,2.0,45.0,2.0
10097,Electronics City Phase 1,1300.0,2.0,67.0,2.0
10099,other,1715.0,3.0,95.0,3.0
10100,Uttarahalli,1200.0,2.0,55.0,2.0
10103,Talaghattapura,921.0,2.0,29.47,2.0
10104,Marathahalli,1144.0,2.0,65.0,2.0
10105,Kanakpura Road,525.0,1.0,26.01,1.0
10106,other,1400.0,2.0,56.0,3.0
10107,Balagere,661.0,1.0,33.0,1.0
10110,Yelahanka,1705.0,3.0,91.0,3.0
10112,Kadugodi,1430.0,2.0,55.0,3.0
10113,Marathahalli,1240.0,2.0,55.0,2.0
10114,Garudachar Palya,1325.0,2.0,60.8,3.0
10115,Thanisandra,1230.0,2.0,44.0,2.0
10116,Electronics City Phase 1,1000.0,2.0,28.0,2.0
10118,Uttarahalli,1330.0,2.0,46.45,3.0
10119,Sarjapur  Road,3005.0,5.0,275.0,4.0
10121,Haralur Road,1243.0,2.0,46.0,2.0
10123,Banashankari Stage III,1500.0,2.0,100.0,3.0
10125,Cox Town,1073.0,2.0,72.0,2.0
10126,Kudlu,1300.0,2.0,56.0,2.0
10127,Sarjapur,4201.0,4.0,435.0,4.0
10128,Electronic City,1065.0,2.0,30.75,2.0
10129,Whitefield,1216.0,2.0,66.88,2.0
10130,Jigani,1252.0,3.0,59.0,3.0
10131,Hormavu,1196.0,2.0,44.8,2.0
10132,Kudlu,1027.0,2.0,44.0,2.0
10134,other,1270.0,2.0,57.15,3.0
10135,Mico Layout,1171.0,2.0,39.0,2.0
10136,Kothannur,1215.0,2.0,48.6,3.0
10137,other,600.0,1.0,20.0,1.0
10138,Whitefield,1180.0,2.0,77.0,2.0
10139,Electronic City Phase II,1160.0,2.0,33.51,2.0
10140,other,4382.0,4.0,400.0,4.0
10141,Whitefield,2140.0,3.0,139.0,3.0
10142,Yeshwanthpur,1500.0,3.0,100.0,3.0
10143,Banaswadi,1008.0,2.0,52.0,2.0
10144,Ambedkar Nagar,1921.0,4.0,129.0,3.0
10145,Electronic City,1127.0,2.0,32.0,2.0
10146,Rajaji Nagar,1621.0,3.0,124.0,3.0
10148,other,1030.0,2.0,77.25,3.0
10149,Whitefield,1314.0,2.0,84.0,2.0
10150,Choodasandra,1220.0,3.0,56.0,3.0
10152,JP Nagar,1590.0,2.0,85.0,3.0
10153,Shivaji Nagar,703.0,2.0,49.5,2.0
10154,Hosakerehalli,1795.0,3.0,64.62,3.0
10155,Gottigere,3000.0,3.0,132.0,4.0
10156,Sarjapur  Road,4395.0,4.0,242.0,4.0
10157,Electronic City,825.0,2.0,35.0,2.0
10158,Yelahanka,4025.0,6.0,350.0,4.0
10159,other,1254.0,2.0,70.0,3.0
10160,Ramagondanahalli,2040.0,3.0,114.0,3.0
10161,Thigalarapalya,2215.0,4.0,154.0,3.0
10165,other,1820.0,3.0,79.5,3.0
10166,Horamavu Agara,1623.0,3.0,89.0,3.0
10167,Haralur Road,1243.0,2.0,46.0,2.0
10168,Electronic City,1200.0,2.0,40.5,2.0
10169,Gottigere,1613.0,3.0,72.0,3.0
10170,other,1293.0,2.0,80.0,2.0
10171,Hoskote,1065.0,2.0,28.5,2.0
10172,Kudlu Gate,940.0,2.0,69.57,2.0
10173,Sarjapur  Road,1181.0,2.0,65.0,3.0
10175,Marathahalli,1100.0,2.0,75.0,1.0
10176,other,1050.0,2.0,36.0,2.0
10177,Subramanyapura,1260.0,2.0,75.0,3.0
10179,other,1500.0,3.0,56.0,3.0
10181,other,1000.0,2.0,66.0,2.0
10182,Whitefield,1530.0,3.0,73.0,3.0
10183,HSR Layout,1140.0,2.0,46.0,2.0
10184,other,1864.0,3.0,115.0,3.0
10185,Sarjapur,1575.0,3.0,55.0,3.0
10186,Attibele,1200.0,3.0,105.0,3.0
10187,Raja Rajeshwari Nagar,945.0,2.0,45.0,2.0
10188,Sarjapur  Road,1691.0,3.0,100.0,3.0
10190,Electronic City Phase II,1220.0,3.0,35.25,3.0
10191,Kengeri,600.0,1.0,35.0,1.0
10192,Whitefield,1160.0,2.0,39.0,2.0
10193,other,1950.0,2.0,89.5,3.0
10194,Vittasandra,1650.0,3.0,85.0,3.0
10195,other,2400.0,4.0,150.0,4.0
10196,Abbigere,795.0,1.0,32.6,2.0
10199,Kalyan nagar,2285.0,4.0,165.0,3.0
10200,Haralur Road,1243.0,2.0,46.0,2.0
10201,other,1263.0,2.0,51.5,2.0
10203,Hennur,1345.0,2.0,69.0,3.0
10204,other,4400.0,5.0,240.0,5.0
10205,Electronic City,1360.0,2.0,58.0,3.0
10206,Sarjapur  Road,1026.0,2.0,60.55,2.0
10207,other,1050.0,2.0,38.0,2.0
10208,Uttarahalli,1460.0,3.0,76.0,3.0
10209,other,1525.0,2.0,91.48,3.0
10210,Kanakpura Road,1843.0,3.0,85.0,3.0
10211,Ananth Nagar,1000.0,2.0,25.0,2.0
10212,Koramangala,1642.0,2.0,115.0,3.0
10213,TC Palaya,1200.0,2.0,66.0,3.0
10214,other,975.0,2.0,60.0,2.0
10215,Bisuvanahalli,1075.0,2.0,44.0,3.0
10216,Panathur,1210.0,2.0,77.93,2.0
10217,other,2000.0,3.0,100.0,3.0
10218,Akshaya Nagar,1225.0,2.0,68.0,2.0
10219,Jakkur,1290.0,2.0,80.04,2.0
10220,other,1220.0,2.0,56.0,2.0
10221,other,1500.0,2.0,85.0,1.0
10222,Kaggadasapura,1361.0,2.0,79.0,2.0
10224,1st Phase JP Nagar,1394.0,2.0,85.0,2.0
10225,Yelahanka,870.0,2.0,27.0,2.0
10226,other,5000.0,5.0,300.0,4.0
10227,Rajaji Nagar,1222.0,2.0,98.0,2.0
10228,Hebbal,1420.0,2.0,99.39,2.0
10229,Bellandur,1846.0,3.0,135.0,3.0
10231,Yeshwanthpur,1167.0,2.0,64.08,2.0
10232,Ananth Nagar,902.0,2.0,25.0,2.0
10233,Kannamangala,2422.0,4.0,135.0,4.0
10234,Rachenahalli,1050.0,2.0,52.5,2.0
10235,other,1000.0,2.0,50.0,2.0
10236,Kundalahalli,1260.0,2.0,58.0,2.0
10238,Jigani,939.0,2.0,39.0,2.0
10240,Jalahalli,600.0,1.0,37.0,1.0
10241,8th Phase JP Nagar,1298.0,2.0,59.0,2.0
10242,Marathahalli,1710.0,3.0,135.0,3.0
10243,Subramanyapura,1000.0,2.0,45.0,2.0
10244,Ramagondanahalli,3350.0,3.0,150.0,3.0
10246,other,1100.0,2.0,68.0,2.0
10247,Jalahalli,615.0,1.0,46.0,1.0
10248,Sarjapur  Road,1350.0,2.0,85.0,2.0
10249,Sultan Palaya,5000.0,5.0,325.0,4.0
10252,Hegde Nagar,1718.0,3.0,130.0,3.0
10253,7th Phase JP Nagar,1680.0,3.0,112.0,3.0
10254,Hulimavu,1500.0,2.0,90.0,2.0
10255,Sarjapur  Road,1157.0,2.0,72.0,3.0
10256,Akshaya Nagar,1179.0,2.0,51.0,2.0
10257,Hulimavu,1315.0,2.0,60.48,2.0
10258,other,1105.0,2.0,28.18,2.0
10259,Banashankari,1800.0,3.0,175.0,3.0
10260,Jalahalli East,1010.0,2.0,52.0,2.0
10261,Electronic City,630.0,1.0,46.0,1.0
10262,Anekal,1200.0,2.0,36.1,2.0
10263,Kaval Byrasandra,1025.0,2.0,60.0,2.0
10264,Hennur Road,1195.0,2.0,59.0,2.0
10265,Whitefield,1012.0,2.0,58.0,2.0
10266,Hegde Nagar,1884.0,4.0,118.0,3.0
10267,Sarjapura - Attibele Road,1090.0,2.0,37.0,2.0
10268,Kathriguppe,1300.0,3.0,77.99,3.0
10269,other,2950.0,4.0,250.0,4.0
10270,Harlur,1710.0,3.0,85.0,3.0
10271,Uttarahalli,1500.0,3.0,68.0,3.0
10272,Kodichikkanahalli,1310.0,2.0,53.0,3.0
10273,Dommasandra,674.0,1.0,19.9,2.0
10274,Hoodi,1350.0,3.0,70.0,3.0
10275,other,1464.0,2.0,115.0,3.0
10277,Electronic City,1400.0,2.0,40.45,3.0
10278,Electronic City Phase II,1625.0,2.0,48.75,3.0
10279,Electronic City,1065.0,2.0,30.76,2.0
10281,other,1385.0,3.0,90.0,3.0
10282,CV Raman Nagar,1040.0,2.0,50.0,2.0
10283,Haralur Road,1817.0,3.0,110.0,3.0
10284,other,1205.0,2.0,47.0,2.0
10285,other,1070.0,2.0,33.43,2.0
10286,other,1070.0,2.0,52.0,2.0
10287,Amruthahalli,1340.0,2.0,75.0,2.0
10288,Kalena Agrahara,980.0,2.0,35.0,2.0
10289,8th Phase JP Nagar,1006.0,2.0,44.0,2.0
10290,Thanisandra,1098.0,2.0,71.0,2.0
10291,Mico Layout,1200.0,2.0,53.5,2.0
10292,Thigalarapalya,4190.0,4.0,325.0,4.0
10293,Sarjapur  Road,1019.0,2.0,62.0,2.0
10294,Whitefield,1150.0,2.0,40.21,2.0
10295,Anekal,1733.5,3.0,120.0,3.0
10297,other,1750.0,3.0,58.0,3.0
10298,other,1537.0,3.0,81.0,3.0
10299,other,1050.0,2.0,45.0,2.0
10300,Kanakpura Road,1452.0,3.0,55.6,3.0
10301,Domlur,1246.0,2.0,95.0,2.0
10302,Yelahanka,1890.0,4.0,85.0,3.0
10303,Electronic City Phase II,972.0,2.0,40.0,2.0
10305,Brookefield,1500.0,5.0,160.0,4.0
10306,Electronic City,630.0,1.0,33.7,1.0
10308,other,1255.0,2.0,60.0,3.0
10309,Ramamurthy Nagar,1900.0,4.0,185.0,4.0
10310,Doddaballapur,2440.0,3.0,142.0,3.0
10311,Kanakpura Road,1938.0,3.0,92.69,3.0
10312,Bannerghatta Road,1711.0,3.0,125.0,3.0
10314,CV Raman Nagar,1392.0,2.0,95.0,2.0
10315,Haralur Road,1225.0,2.0,77.0,2.0
10316,Sarjapur  Road,3418.0,3.0,235.0,4.0
10317,Green Glen Layout,1750.0,3.0,120.0,3.0
10318,Subramanyapura,1260.0,2.0,80.0,3.0
10319,Sarjapur  Road,691.0,1.0,31.1,1.0
10321,Haralur Road,1285.0,2.0,78.0,2.0
10322,Hebbal,1590.0,3.0,96.0,3.0
10323,9th Phase JP Nagar,1571.0,3.0,65.0,3.0
10324,Hebbal Kempapura,2800.0,5.0,220.0,5.0
10325,Garudachar Palya,1060.0,2.0,48.66,2.0
10326,Hennur,1255.0,2.0,58.0,2.0
10328,other,2400.0,2.0,185.0,3.0
10329,Bannerghatta Road,1520.0,2.0,81.0,3.0
10330,Kanakpura Road,1530.0,2.0,70.99,3.0
10331,other,1170.0,2.0,45.51,2.0
10332,OMBR Layout,1580.0,3.0,75.0,3.0
10333,Ardendale,1777.26,3.0,89.0,3.0
10334,Raja Rajeshwari Nagar,1303.0,2.0,55.78,2.0
10335,Kodichikkanahalli,1680.0,2.0,59.0,2.0
10336,Whitefield,1495.0,2.0,70.0,3.0
10337,Yelahanka,1835.0,3.0,108.0,3.0
10339,other,1080.0,2.0,38.0,2.0
10340,Electronic City,1025.0,2.0,29.61,2.0
10341,Haralur Road,1225.0,2.0,67.48,2.0
10342,Balagere,656.0,1.0,34.77,1.0
10343,Sarjapur  Road,994.0,2.0,45.0,2.0
10344,other,1025.0,2.0,65.0,2.0
10345,Marathahalli,1156.0,2.0,52.0,2.0
10346,JP Nagar,1250.0,2.0,60.0,2.0
10347,Kundalahalli,3092.0,4.0,230.0,4.0
10348,Hegde Nagar,1930.0,4.0,122.0,3.0
10349,other,1020.0,2.0,70.0,2.0
10350,Kumaraswami Layout,1310.0,2.0,70.0,3.0
10351,Jalahalli,612.5,1.0,27.565,1.0
10352,Kanakpura Road,1322.0,2.0,70.0,2.0
10353,Kothanur,1160.0,2.0,57.0,2.0
10354,5th Block Hbr Layout,1100.0,2.0,48.0,2.0
10355,Lakshminarayana Pura,1720.0,3.0,150.0,3.0
10356,Hosur Road,1689.0,3.0,103.0,3.0
10357,Chikkalasandra,1090.0,2.0,47.42,2.0
10358,KR Puram,2000.0,2.0,75.0,2.0
10359,other,1155.0,2.0,69.0,2.0
10360,Vishveshwarya Layout,4000.0,6.0,230.0,6.0
10361,Sarjapur  Road,3913.0,5.0,176.0,4.0
10362,Hebbal,3520.0,5.0,320.0,3.0
10363,JP Nagar,1125.0,2.0,39.98,2.0
10364,Yelahanka,1847.0,3.0,92.0,3.0
10365,7th Phase JP Nagar,1515.0,2.0,76.0,3.0
10367,Yelahanka,2500.0,3.0,120.0,5.0
10368,Sarjapur  Road,1130.0,2.0,55.0,2.0
10369,Bellandur,1049.0,2.0,51.0,2.0
10370,Amruthahalli,2650.0,4.0,175.0,3.0
10371,Varthur Road,850.0,2.0,25.4,2.0
10372,Badavala Nagar,1842.0,3.0,115.0,3.0
10374,Jakkur,1282.0,2.0,72.0,2.0
10375,Kalena Agrahara,800.0,2.0,40.0,2.0
10377,Chandapura,1190.0,2.0,30.35,3.0
10378,Magadi Road,1318.0,2.0,68.0,3.0
10379,Kanakpura Road,1698.0,2.0,105.0,2.0
10380,other,2030.0,2.0,182.0,3.0
10381,Kammasandra,1276.0,2.0,31.9,3.0
10382,other,1555.0,2.0,67.0,3.0
10383,Sarjapur  Road,1881.0,3.0,145.0,3.0
10385,Yelahanka,1890.0,3.0,109.0,3.0
10387,Old Madras Road,935.0,2.0,32.0,2.0
10388,Cox Town,1000.0,2.0,58.0,2.0
10389,Singasandra,1510.0,3.0,75.0,3.0
10390,Uttarahalli,1120.0,2.0,50.0,2.0
10391,Ananth Nagar,930.0,2.0,25.99,2.0
10392,Electronic City,1160.0,2.0,42.0,3.0
10393,Raja Rajeshwari Nagar,1419.0,2.0,48.1,2.0
10394,Talaghattapura,1175.0,2.0,62.0,2.0
10395,Bellandur,1350.0,2.0,63.0,3.0
10397,Attibele,996.0,2.0,24.9,2.0
10398,Anjanapura,1076.0,2.0,30.13,2.0
10399,other,2180.0,4.0,115.0,4.0
10400,Kasavanhalli,1715.0,3.0,112.0,3.0
10401,Hebbal,1072.0,2.0,45.0,2.0
10402,Panathur,1230.0,2.0,80.0,2.0
10403,Murugeshpalya,1600.0,2.0,65.0,3.0
10404,Thanisandra,1411.0,3.0,93.25,3.0
10405,Rayasandra,3600.0,5.0,145.0,5.0
10406,Jalahalli,2404.0,3.0,138.0,3.0
10409,Doddathoguru,1208.0,3.0,45.0,3.0
10411,Haralur Road,1225.0,2.0,69.84,2.0
10412,Hebbal,1162.0,2.0,69.0,2.0
10413,Thanisandra,1262.0,2.0,65.0,3.0
10414,other,1050.0,2.0,35.0,2.0
10415,Electronic City Phase II,1160.0,2.0,33.51,2.0
10416,Channasandra,1500.0,3.0,61.95,3.0
10417,other,1610.0,3.0,85.0,3.0
10418,Whitefield,1340.0,2.0,41.0,2.0
10419,Sarjapur  Road,2275.0,4.0,182.0,3.0
10420,Budigere,1162.0,2.0,58.0,2.0
10422,other,3150.0,3.0,135.0,4.0
10423,Hosa Road,1170.0,2.0,65.0,2.0
10424,Sarjapur  Road,980.0,2.0,25.0,2.0
10425,Channasandra,1800.0,3.0,60.0,3.0
10426,Banashankari Stage VI,1423.0,2.0,71.73,3.0
10427,Kaggadasapura,1106.0,2.0,40.0,2.0
10428,Kereguddadahalli,1105.0,2.0,27.6,2.0
10430,other,1255.0,2.0,56.7,2.0
10431,Sarjapur  Road,1525.0,2.0,65.0,3.0
10432,Babusapalaya,1061.0,2.0,38.95,2.0
10433,other,600.0,2.0,29.5,2.0
10434,Electronic City Phase II,1400.0,2.0,40.45,3.0
10435,Domlur,2100.0,3.0,145.0,3.0
10436,Electronic City,660.0,1.0,16.5,2.0
10437,Kengeri,633.0,1.0,18.0,2.0
10439,ITPL,907.0,2.0,55.43,2.0
10440,Hennur Road,2047.0,3.0,67.55,3.0
10441,other,2597.0,4.0,189.0,4.0
10442,Bellandur,1211.0,2.0,63.0,2.0
10443,Hennur Road,1904.0,3.0,129.0,3.0
10444,Balagere,1205.0,2.0,73.87,2.0
10445,Yeshwanthpur,1164.0,2.0,64.08,2.0
10446,other,1410.0,2.0,73.0,2.0
10447,other,1150.0,2.0,42.0,2.0
10448,other,1170.0,2.0,53.11,2.0
10449,Hennur,1420.0,2.0,62.0,2.0
10450,Panathur,1125.0,2.0,45.0,2.0
10451,NRI Layout,1789.0,3.0,75.0,3.0
10452,Hulimavu,1021.0,2.0,76.0,2.0
10453,Ananth Nagar,1074.0,2.0,26.85,2.0
10454,Kalena Agrahara,1222.0,2.0,48.0,2.0
10455,Hennur Road,1981.0,3.0,134.0,3.0
10456,Yelachenahalli,1103.0,2.0,55.0,2.0
10457,other,1201.0,2.0,65.0,2.0
10458,Sarjapur  Road,970.0,2.0,36.0,2.0
10459,Sarjapur,920.0,2.0,33.0,2.0
10460,Yeshwanthpur,1520.0,3.0,85.0,3.0
10462,Sonnenahalli,1268.0,2.0,75.0,3.0
10463,other,660.0,1.0,30.0,1.0
10464,Harlur,1755.0,3.0,115.0,3.0
10465,Hoskote,945.0,2.0,35.0,2.0
10466,8th Phase JP Nagar,500.0,1.0,33.0,1.0
10467,Harlur,2820.0,4.0,153.5,4.0
10468,Bommenahalli,1632.0,3.0,140.0,4.0
10469,Rachenahalli,1167.0,2.0,37.5,2.0
10470,Domlur,1276.0,2.0,80.0,2.0
10471,Thanisandra,1234.0,2.0,51.0,2.0
10472,Lakshminarayana Pura,1180.0,2.0,75.0,2.0
10473,ISRO Layout,1370.0,2.0,87.0,3.0
10474,Chandapura,1015.0,2.0,25.88,2.0
10476,Electronic City,1400.0,3.0,90.0,3.0
10477,Whitefield,1500.0,6.0,155.0,5.0
10478,other,1050.0,2.0,40.0,2.0
10479,Ramagondanahalli,1251.0,2.0,46.0,2.0
10480,Yeshwanthpur,1677.0,3.0,92.13,3.0
10481,Sarjapur  Road,1346.0,2.0,67.38,2.0
10482,Electronic City Phase II,1090.0,2.0,31.48,2.0
10484,Kanakapura,1290.0,2.0,51.1,3.0
10486,Sarjapur  Road,1881.0,3.0,145.0,3.0
10487,Garudachar Palya,1150.0,2.0,52.0,2.0
10490,Kanakpura Road,1200.0,2.0,42.0,3.0
10493,other,950.0,2.0,65.0,2.0
10494,Bommasandra Industrial Area,1491.0,3.0,40.5,3.0
10495,Ramamurthy Nagar,1050.0,2.0,51.66,2.0
10496,Hoodi,1660.0,3.0,131.0,3.0
10497,Nagavarapalya,1134.0,2.0,55.0,2.0
10498,Hebbal,1100.0,2.0,60.0,2.0
10500,Anekal,1200.0,2.0,36.1,2.0
10502,other,980.0,3.0,80.0,3.0
10503,other,1080.0,2.0,37.8,2.0
10504,CV Raman Nagar,705.0,2.0,50.0,1.0
10505,other,1200.0,2.0,35.0,3.0
10506,Anandapura,1200.0,2.0,50.0,2.0
10507,Talaghattapura,1804.0,3.0,127.0,3.0
10508,other,750.0,2.0,20.0,2.0
10510,Malleshwaram,2800.0,4.0,252.0,4.0
10511,Battarahalli,1090.0,2.0,38.37,2.0
10513,Electronic City,1287.0,3.0,55.0,3.0
10514,Thigalarapalya,2215.0,4.0,157.0,3.0
10516,Sarjapur  Road,1045.0,2.0,42.15,2.0
10517,Hormavu,1263.0,2.0,47.36,2.0
10518,Whitefield,1431.0,3.0,85.0,3.0
10519,Dommasandra,999.0,2.0,32.9,2.0
10520,Vittasandra,1650.0,3.0,85.5,3.0
10521,other,1535.0,3.0,72.0,3.0
10522,Marathahalli,2524.0,5.0,180.0,4.0
10523,Kanakpura Road,1300.0,3.0,69.0,3.0
10525,7th Phase JP Nagar,2095.0,3.0,150.0,3.0
10527,Ananth Nagar,500.0,1.0,14.0,1.0
10528,other,1265.0,2.0,68.0,2.0
10529,Kudlu Gate,1215.0,2.0,44.96,2.0
10530,Yelahanka New Town,2200.0,2.0,180.0,2.0
10531,Electronics City Phase 1,1028.0,2.0,51.0,2.0
10532,Hegde Nagar,1835.0,2.0,92.0,3.0
10533,Munnekollal,1800.0,3.0,65.0,3.0
10534,1st Phase JP Nagar,2077.0,3.0,175.0,3.0
10535,Sarjapur  Road,2880.0,3.0,211.0,4.0
10537,Dasanapura,708.0,2.0,31.15,2.0
10539,Hosakerehalli,925.0,2.0,46.25,2.0
10540,Bannerghatta Road,2826.0,3.0,148.0,3.0
10541,Kanakpura Road,458.0,1.0,33.66,1.0
10542,other,3500.0,4.0,150.0,4.0
10543,other,5400.0,4.0,250.0,4.0
10545,Amruthahalli,1450.0,2.0,90.0,3.0
10546,Kasavanhalli,1100.0,2.0,65.0,2.0
10547,Kadubeesanahalli,1185.0,2.0,55.0,2.0
10548,9th Phase JP Nagar,1900.0,4.0,80.0,4.0
10549,TC Palaya,1200.0,2.0,70.0,2.0
10550,other,660.0,1.0,35.0,1.0
10551,Ambedkar Nagar,1920.0,4.0,121.0,3.0
10553,Sarjapur  Road,3418.0,2.0,222.0,4.0
10554,1st Phase JP Nagar,4550.0,2.0,240.0,4.0
10555,Bhoganhalli,1205.0,2.0,68.32,2.0
10556,Haralur Road,1200.0,2.0,46.0,2.0
10557,Akshaya Nagar,1421.0,2.0,73.0,3.0
10558,6th Phase JP Nagar,1250.0,3.0,48.9,3.0
10559,Whitefield,524.0,1.0,29.0,1.0
10560,HSR Layout,4200.0,5.0,245.0,5.0
10561,Thubarahalli,1540.0,3.0,90.0,3.0
10562,Sarjapur  Road,984.0,2.0,45.91,2.0
10563,Rachenahalli,985.0,2.0,50.17,2.0
10564,Whitefield,2830.0,4.0,161.0,4.0
10565,other,1140.0,2.0,60.0,2.0
10566,5th Block Hbr Layout,3600.0,5.0,130.0,5.0
10567,Begur Road,1410.0,2.0,44.42,3.0
10568,Raja Rajeshwari Nagar,1700.0,2.0,86.0,3.0
10569,Devanahalli,1360.0,2.0,62.425,2.0
10571,Dasarahalli,1333.0,2.0,86.65,2.0
10572,Electronic City,1258.0,2.0,85.5,2.0
10573,other,1458.0,2.0,87.0,3.0
10574,Electronic City,1386.0,2.0,85.0,2.0
10575,Electronic City Phase II,1140.0,2.0,32.92,2.0
10576,Electronic City,550.0,1.0,27.0,1.0
10577,Lakshminarayana Pura,1200.0,2.0,83.0,2.0
10578,other,1081.0,2.0,39.0,2.0
10579,Whitefield,2135.0,3.0,149.0,4.0
10580,Whitefield,2500.0,4.0,100.0,4.0
10581,other,1178.0,2.0,80.0,2.0
10582,Devarachikkanahalli,991.0,2.0,40.0,2.0
10583,Gottigere,1493.0,2.0,90.0,3.0
10584,Subramanyapura,2495.0,3.0,130.0,3.0
10585,Kammasandra,1080.0,2.0,31.99,2.0
10586,Dasanapura,814.0,2.0,53.0,2.0
10587,Electronic City,1025.0,2.0,50.0,2.0
10588,Bannerghatta Road,1115.0,2.0,61.0,2.0
10589,Whitefield,3075.0,2.0,188.0,4.0
10591,Whitefield,1760.0,3.0,160.0,3.0
10592,other,4000.0,8.0,150.0,7.0
10594,other,2700.0,4.0,295.0,4.0
10595,other,1175.0,2.0,52.86,2.0
10596,Hebbal,4235.0,5.0,364.0,4.0
10597,KR Puram,1100.0,2.0,45.0,2.0
10599,Banashankari,1450.0,2.0,50.75,2.0
10600,6th Phase JP Nagar,1810.0,3.0,131.0,3.0
10601,other,1426.0,2.0,71.0,3.0
10602,Sector 7 HSR Layout,2400.0,2.0,195.0,3.0
10603,Kalyan nagar,1100.0,2.0,70.0,2.0
10604,Electronic City Phase II,650.0,1.0,35.0,1.0
10605,Old Madras Road,1350.0,3.0,47.25,3.0
10606,Kaikondrahalli,900.0,2.0,27.0,2.0
10607,Billekahalli,1360.0,2.0,110.0,2.0
10608,Yeshwanthpur,674.0,1.0,36.85,1.0
10609,Whitefield,1655.0,3.0,110.0,3.0
10610,other,1300.0,2.0,95.0,2.0
10611,other,936.0,1.0,53.0,1.0
10612,other,1277.0,2.0,92.0,2.0
10613,other,1200.0,2.0,54.0,2.0
10614,Hormavu,1015.0,2.0,39.08,2.0
10615,Budigere,1153.0,2.0,60.0,2.0
10616,Kengeri,1035.0,2.0,51.5,2.0
10617,KR Puram,3300.0,3.0,255.0,5.0
10618,Uttarahalli,1150.0,2.0,46.0,2.0
10619,Malleshwaram,1020.0,2.0,80.0,2.0
10620,Old Madras Road,3715.0,6.0,212.5,4.0
10621,8th Phase JP Nagar,1160.0,2.0,95.0,2.0
10622,Bisuvanahalli,1075.0,2.0,31.0,3.0
10623,Brookefield,1225.0,2.0,72.0,2.0
10627,other,1350.0,3.0,60.0,3.0
10628,Kanakpura Road,1300.0,3.0,69.0,3.0
10629,Channasandra,830.0,2.0,36.28,2.0
10630,Hennur Road,1155.0,2.0,69.18,2.0
10632,Jalahalli,905.0,2.0,55.0,2.0
10633,Vijayanagar,1375.0,2.0,75.0,3.0
10635,Electronic City,1140.0,2.0,33.84,2.0
10636,Hormavu,1550.0,2.0,60.0,3.0
10637,Kannamangala,957.0,2.0,55.0,2.0
10638,9th Phase JP Nagar,890.0,2.0,45.0,2.0
10639,KR Puram,3000.0,4.0,235.0,4.0
10640,Electronic City,1070.0,2.0,55.0,2.0
10641,other,2400.0,5.0,150.0,5.0
10643,Rachenahalli,925.0,2.0,37.0,2.0
10644,Kammasandra,1415.0,2.0,60.0,2.0
10646,Thanisandra,1225.0,2.0,37.0,2.0
10647,Hennur Road,2000.0,4.0,90.0,4.0
10648,Whitefield,840.0,1.0,57.0,1.0
10650,Thanisandra,1732.0,3.0,112.0,3.0
10651,Parappana Agrahara,1200.0,1.0,45.0,1.0
10652,Bhoganhalli,1260.0,2.0,69.9,2.0
10653,other,1092.0,2.0,49.0,2.0
10654,other,827.0,2.0,34.0,2.0
10655,Horamavu Banaswadi,1357.0,2.0,54.0,2.0
10656,Chamrajpet,650.0,1.0,40.0,2.0
10657,7th Phase JP Nagar,1370.0,2.0,54.79,3.0
10658,Whitefield,1725.0,3.0,106.0,3.0
10659,Jalahalli,1000.0,2.0,70.0,2.0
10660,TC Palaya,1350.0,1.0,55.0,1.0
10661,7th Phase JP Nagar,3200.0,4.0,350.0,4.0
10662,Bellandur,1717.0,3.0,110.0,3.0
10663,Kanakpura Road,700.0,2.0,34.0,2.0
10664,other,800.0,2.0,32.0,2.0
10666,Sonnenahalli,1415.0,2.0,65.0,3.0
10667,7th Phase JP Nagar,1976.0,3.0,145.0,3.0
10668,Kambipura,883.0,2.0,37.01,2.0
10669,Yelahanka,700.0,1.0,38.0,1.0
10670,Sarjapur,1445.0,3.0,50.0,3.0
10671,Battarahalli,2082.0,3.0,104.0,3.0
10672,HSR Layout,1140.0,2.0,46.0,2.0
10673,Thanisandra,933.0,2.0,66.0,2.0
10675,Electronic City Phase II,1155.0,2.0,57.0,2.0
10676,Whitefield,1130.0,2.0,36.0,2.0
10677,Bannerghatta,1200.0,2.0,73.2,2.0
10678,other,1055.0,2.0,43.0,2.0
10679,Rajaji Nagar,1555.0,3.0,125.0,3.0
10680,Bellandur,1420.0,3.0,62.0,3.0
10682,Devanahalli,658.0,1.0,26.91,1.0
10685,KR Puram,1035.0,2.0,40.0,2.0
10686,Whitefield,2064.0,5.0,225.0,4.0
10687,other,1839.0,3.0,160.0,3.0
10688,Begur Road,1200.0,2.0,44.0,2.0
10689,Yelahanka New Town,488.0,1.0,20.0,1.0
10691,other,2760.0,5.0,140.0,5.0
10692,other,993.0,2.0,42.0,2.0
10693,Hoodi,1225.0,2.0,45.0,2.0
10694,TC Palaya,900.0,2.0,55.0,2.0
10696,Sompura,825.0,2.0,32.0,2.0
10697,Bellandur,3596.0,4.0,359.0,4.0
10699,Electronic City Phase II,1800.0,3.0,92.0,3.0
10701,Kanakpura Road,1167.0,2.0,63.0,2.0
10702,Sarjapur,1150.0,2.0,41.0,2.0
10703,other,650.0,1.0,50.0,1.0
10704,Sarjapur  Road,675.0,1.0,27.0,1.0
10705,other,2260.0,3.0,90.0,2.0
10706,other,720.0,1.0,32.39,1.0
10708,Yelahanka New Town,1100.0,2.0,58.0,2.0
10710,Uttarahalli,1330.0,2.0,58.0,3.0
10713,other,2400.0,5.0,75.0,6.0
10714,Banashankari,1770.0,3.0,108.0,3.0
10715,Prithvi Layout,2100.0,3.0,125.0,3.0
10716,Pai Layout,1000.0,2.0,42.0,2.0
10718,Ramamurthy Nagar,2916.0,5.0,230.0,4.0
10719,Kanakpura Road,1419.59,2.0,65.0,3.0
10720,Kodihalli,1400.0,3.0,81.0,3.0
10721,Horamavu Agara,750.0,2.0,37.49,2.0
10722,Bannerghatta,1070.0,2.0,87.0,2.0
10723,Kannamangala,1536.0,3.0,107.0,3.0
10725,JP Nagar,2400.0,3.0,196.0,3.0
10726,Sarjapur  Road,1773.5,2.0,102.92,3.0
10727,Electronic City,1342.0,2.0,72.0,2.0
10728,other,1600.0,3.0,130.0,3.0
10729,Kanakapura,938.0,1.0,50.0,1.0
10730,Budigere,1820.0,3.0,99.0,3.0
10731,Bhoganhalli,2439.0,4.0,170.0,4.0
10732,Kanakpura Road,1665.0,3.0,78.0,3.0
10733,Basavangudi,1850.0,3.0,150.0,3.0
10734,Bommanahalli,1091.0,2.0,40.0,2.0
10735,Sarjapur  Road,1346.0,2.0,74.03,2.0
10737,Brookefield,3675.0,4.0,176.0,4.0
10738,JP Nagar,1060.0,2.0,33.95,2.0
10739,Whitefield,1059.0,2.0,57.0,2.0
10740,Hebbal,1299.0,2.0,97.0,2.0
10741,Yelahanka,1491.0,3.0,85.0,3.0
10742,Basaveshwara Nagar,1200.0,2.0,85.0,2.0
10743,Yelahanka,2088.0,5.0,110.0,4.0
10744,Hulimavu,581.0,1.0,29.0,1.0
10745,other,1296.0,2.0,70.0,2.0
10746,other,1125.0,2.0,55.0,2.0
10747,Electronic City,1275.0,3.0,70.0,3.0
10748,Kothanur,1095.0,2.0,55.0,2.0
10749,Sarjapur  Road,10000.0,4.0,975.0,5.0
10750,Old Madras Road,1330.0,2.0,74.0,2.0
10751,Marathahalli,1135.0,2.0,60.0,2.0
10752,Whitefield,516.0,1.0,39.0,1.0
10753,other,1194.0,2.0,51.0,2.0
10754,Banaswadi,2250.0,5.0,240.0,5.0
10755,Electronic City,770.0,1.0,38.0,2.0
10756,Sarjapur  Road,3930.0,5.0,330.0,4.0
10757,Chikkalasandra,1355.0,3.0,54.2,3.0
10758,Abbigere,3000.0,8.0,150.0,8.0
10759,Harlur,2569.0,4.0,175.0,4.0
10761,Whitefield,1116.0,2.0,51.91,2.0
10762,Bhoganhalli,1707.0,3.0,115.0,3.0
10764,Sultan Palaya,1070.0,2.0,49.0,2.0
10765,Whitefield,6000.0,4.0,410.0,4.0
10766,Tumkur Road,1240.0,2.0,83.0,3.0
10767,JP Nagar,1300.0,2.0,91.65,2.0
10768,Ambalipura,1700.0,2.0,76.0,2.0
10769,Yeshwanthpur,1383.0,2.0,76.18,3.0
10770,other,3000.0,4.0,170.0,5.0
10771,Electronic City,1200.0,2.0,34.65,2.0
10772,Hulimavu,935.0,2.0,45.0,2.0
10773,Thigalarapalya,2072.0,4.0,151.0,3.0
10774,other,2200.0,3.0,225.0,4.0
10775,Jalahalli,615.0,1.0,46.0,1.0
10776,KR Puram,1116.0,2.0,45.0,2.0
10777,Whitefield,1639.0,3.0,107.0,3.0
10778,Marathahalli,1839.0,3.0,130.0,3.0
10779,other,1300.0,2.0,63.0,2.0
10780,Horamavu Agara,625.0,1.0,27.0,1.0
10781,Thanisandra,933.0,1.0,61.0,1.0
10782,Hosur Road,2289.0,3.0,180.0,3.0
10783,Ramamurthy Nagar,2316.0,3.0,125.0,3.0
10784,Electronic City,1005.0,2.0,39.77,2.0
10785,Horamavu Agara,1080.0,2.0,38.0,2.0
10787,Vishwapriya Layout,910.0,2.0,36.0,2.0
10788,Hormavu,1200.0,2.0,73.0,2.0
10789,Electronic City,1110.0,2.0,39.9,2.0
10790,Kothanur,1142.0,2.0,56.0,2.0
10791,2nd Stage Nagarbhavi,4000.0,4.0,240.0,5.0
10793,AECS Layout,1005.0,2.0,55.0,2.0
10794,other,1626.6,3.0,133.0,3.0
10795,Kothanur,1074.0,2.0,54.0,2.0
10796,Basavangudi,1230.0,2.0,80.0,2.0
10797,Electronic City,660.0,1.0,23.0,2.0
10798,other,1007.0,2.0,48.0,2.0
10800,Whitefield,1820.0,3.0,113.0,3.0
10801,other,1100.0,2.0,60.0,2.0
10802,other,1348.0,2.0,100.0,2.0
10803,Kasavanhalli,1230.0,2.0,66.25,2.0
10804,Horamavu Agara,1176.0,2.0,37.62,3.0
10805,Uttarahalli,1590.0,3.0,57.0,3.0
10806,Frazer Town,1200.0,2.0,78.0,2.0
10807,other,1298.0,2.0,65.0,2.0
10808,Hosa Road,1161.0,2.0,55.15,2.0
10811,Kothanur,1285.0,2.0,60.0,2.0
10812,Electronic City,1644.0,3.0,92.59,3.0
10813,Kasavanhalli,1819.0,3.0,150.0,3.0
10814,1st Phase JP Nagar,1205.0,2.0,85.0,2.0
10816,Uttarahalli,1050.0,2.0,42.0,2.0
10817,Raja Rajeshwari Nagar,1270.0,2.0,62.0,2.0
10818,9th Phase JP Nagar,1240.0,2.0,39.89,3.0
10819,Jigani,1221.0,3.0,70.0,3.0
10821,Kanakpura Road,1339.0,2.0,63.0,2.0
10822,Thigalarapalya,4303.0,5.0,300.0,4.0
10823,Haralur Road,1315.0,2.0,85.0,2.0
10824,Raja Rajeshwari Nagar,1250.0,2.0,68.0,2.0
10825,Bisuvanahalli,850.0,2.0,27.0,2.0
10826,7th Phase JP Nagar,1600.0,2.0,110.0,3.0
10827,Electronic City,1250.0,2.0,62.0,2.0
10828,other,1312.0,2.0,56.5,3.0
10829,Kadugodi,3000.0,4.0,134.0,4.0
10830,Electronic City Phase II,1300.0,2.0,28.0,2.0
10831,Whitefield,1990.0,3.0,98.0,3.0
10832,other,760.0,2.0,38.5,2.0
10833,Ambedkar Nagar,5000.0,4.0,536.0,4.0
10834,Kadugodi,1614.0,2.0,59.0,3.0
10835,Judicial Layout,1500.0,3.0,162.0,4.0
10836,other,1182.0,2.0,60.1,3.0
10837,other,1053.0,2.0,46.29,2.0
10839,Gubbalala,2000.0,3.0,125.0,3.0
10840,Electronic City Phase II,1940.0,4.0,116.0,3.0
10841,Hennur Road,1590.0,3.0,105.0,3.0
10842,other,1035.0,2.0,52.79,2.0
10843,Kothanur,1075.0,2.0,53.0,2.0
10844,TC Palaya,900.0,2.0,55.0,2.0
10845,Raja Rajeshwari Nagar,1260.0,2.0,62.0,3.0
10847,Thanisandra,1702.0,3.0,107.0,3.0
10848,Bisuvanahalli,1080.0,2.0,65.0,3.0
10849,Kasavanhalli,1189.0,2.0,45.0,2.0
10850,Tumkur Road,1035.0,2.0,39.0,2.0
10851,Hennur Road,1200.0,2.0,36.0,2.0
10854,Kanakpura Road,1300.0,3.0,69.0,3.0
10855,Yelahanka,1330.0,2.0,93.65,2.0
10856,Kaggalipura,1210.0,2.0,65.0,3.0
10857,Chikkalasandra,1350.0,2.0,54.2,3.0
10858,Kaval Byrasandra,1900.0,2.0,65.0,3.0
10859,Ambedkar Nagar,1935.0,4.0,125.0,3.0
10860,other,1410.0,3.0,90.0,3.0
10861,Narayanapura,1469.0,2.0,99.14,2.0
10862,Varthur,986.0,2.0,30.0,2.0
10863,other,1460.0,2.0,87.0,3.0
10864,other,1260.0,2.0,85.05,3.0
10865,Chandapura,1345.0,2.0,39.5,3.0
10866,Panathur,980.0,2.0,57.0,2.0
10867,Kudlu Gate,1164.0,2.0,75.0,2.0
10868,Subramanyapura,929.0,1.0,51.0,2.0
10869,Kundalahalli,1065.0,2.0,70.0,2.0
10870,Budigere,1172.0,2.0,56.725,2.0
10871,other,3000.0,3.0,265.0,3.0
10872,Electronic City,1020.0,2.0,30.27,2.0
10873,Gunjur,1362.0,3.0,62.63,3.0
10874,Yeshwanthpur,672.0,1.0,36.85,1.0
10875,Brookefield,1746.0,3.0,115.0,3.0
10876,Electronic City,1025.0,2.0,29.6,2.0
10877,Harlur,1532.0,2.0,65.0,2.0
10878,other,1200.0,2.0,120.0,3.0
10879,other,1250.0,2.0,65.0,2.0
10880,Thanisandra,1188.0,2.0,39.0,2.0
10881,Whitefield,3565.0,4.0,218.0,4.0
10882,Marathahalli,1170.0,2.0,85.0,2.0
10883,other,1800.0,3.0,150.0,3.0
10884,other,1000.0,2.0,35.0,2.0
10887,Kasturi Nagar,2507.0,4.0,155.0,4.0
10888,Babusapalaya,1061.0,2.0,34.0,2.0
10889,KR Puram,1290.0,2.0,69.0,2.0
10890,Sarjapur,1200.0,2.0,42.6,2.0
10891,Bharathi Nagar,1120.0,2.0,39.29,2.0
10892,Electronic City,418.0,1.0,12.0,1.0
10893,Sarjapur,1333.0,3.0,50.0,3.0
10894,Sarjapur  Road,1691.0,3.0,119.0,3.0
10895,Thanisandra,747.0,1.0,34.355,1.0
10897,Thanisandra,2030.0,4.0,125.0,3.0
10898,Balagere,1012.0,2.0,70.0,2.0
10899,Kudlu,1245.0,2.0,60.0,3.0
10900,7th Phase JP Nagar,1765.0,3.0,118.0,3.0
10901,Gottigere,1110.0,2.0,36.25,2.0
10902,other,967.0,2.0,47.8,2.0
10903,Sarjapur,1044.0,2.0,36.0,2.0
10904,Brookefield,1518.0,3.0,80.0,3.0
10905,KR Puram,1300.0,2.0,57.0,3.0
10906,other,1798.0,3.0,73.0,3.0
10907,KR Puram,866.28,2.0,36.38,2.0
10908,Whitefield,3410.0,5.0,253.0,4.0
10909,Singasandra,1179.0,2.0,56.0,2.0
10911,Uttarahalli,1125.0,2.0,48.0,2.0
10912,other,2098.0,3.0,210.0,3.0
10914,Haralur Road,1976.0,3.0,92.0,3.0
10915,5th Phase JP Nagar,1190.0,2.0,61.8,2.0
10917,Jakkur,1761.0,3.0,84.52,3.0
10918,Cooke Town,1700.0,3.0,120.0,3.0
10920,Electronic City,1128.0,2.0,64.8,2.0
10921,other,2000.0,3.0,85.0,3.0
10922,Electronic City,1220.0,2.0,35.25,3.0
10923,other,509.0,1.0,20.0,1.0
10924,Ambedkar Nagar,1852.0,4.0,122.0,3.0
10925,Varthur,1045.0,2.0,40.65,2.0
10926,other,3535.0,4.0,215.0,4.0
10927,Marathahalli,1102.0,2.0,53.67,2.0
10928,other,1800.0,3.0,82.0,4.0
10929,Hebbal Kempapura,1436.0,2.0,75.0,3.0
10930,other,1397.0,2.0,52.0,3.0
10931,Kothanur,1140.0,2.0,56.0,2.0
10932,Balagere,645.0,1.0,55.0,1.0
10935,other,2050.0,3.0,135.0,3.0
10936,Sarjapur  Road,1335.0,2.0,95.0,2.0
10938,Hebbal,1255.0,3.0,77.68,3.0
10939,Thanisandra,1140.0,2.0,59.0,2.0
10940,Hosakerehalli,2376.0,3.0,240.0,3.0
10941,Thanisandra,663.0,1.0,46.0,1.0
10943,Kanakpura Road,1450.0,3.0,60.9,3.0
10944,Kodichikkanahalli,1400.0,3.0,66.0,3.0
10945,other,1339.0,2.0,53.56,2.0
10946,Electronic City,1220.0,2.0,35.23,3.0
10948,other,1305.0,2.0,52.0,2.0
10949,Green Glen Layout,1740.0,3.0,80.0,3.0
10950,Anekal,680.0,1.0,21.0,2.0
10951,Bannerghatta Road,1154.0,2.0,47.0,2.0
10952,Munnekollal,1200.0,2.0,40.0,2.0
10953,Hennur,1155.0,2.0,54.5,2.0
10954,Sarjapur  Road,1525.0,2.0,63.0,3.0
10956,Hebbal,2470.0,5.0,192.0,4.0
10957,Padmanabhanagar,1100.0,2.0,60.0,2.0
10958,Hormavu,1250.0,2.0,65.0,2.0
10959,Kothanur,1400.0,2.0,70.0,2.0
10960,other,1600.0,3.0,100.0,3.0
10961,Electronic City,1060.0,2.0,55.0,2.0
10962,Horamavu Banaswadi,1272.0,2.0,50.0,2.0
10963,Kanakpura Road,1296.0,2.0,105.0,2.0
10965,Karuna Nagar,1945.0,3.0,115.0,3.0
10966,Chandapura,1033.0,2.0,30.47,3.0
10967,other,2300.0,2.0,69.0,3.0
10968,other,1235.0,2.0,52.76,2.0
10970,other,850.0,2.0,42.5,2.0
10971,Subramanyapura,1880.0,3.0,110.0,3.0
10973,Kenchenahalli,1060.0,2.0,52.0,2.0
10974,Hennur Road,2041.0,3.0,138.0,3.0
10976,Vasanthapura,1037.0,2.0,36.28,2.0
10977,other,1150.0,2.0,39.0,2.0
10978,LB Shastri Nagar,1184.0,2.0,62.0,2.0
10979,Sarjapur  Road,1680.0,3.0,126.0,3.0
10980,Thanisandra,1411.0,3.0,100.0,3.0
10982,Kanakpura Road,900.0,2.0,41.0,2.0
10983,other,3500.0,4.0,320.0,4.0
10984,Thanisandra,1702.0,3.0,120.0,3.0
10985,Yelahanka,1185.0,2.0,45.0,2.0
10986,Kanakpura Road,1300.0,3.0,64.0,3.0
10987,other,1545.0,3.0,65.0,3.0
10988,6th Phase JP Nagar,1515.0,2.0,135.0,3.0
10989,Jigani,1300.0,3.0,55.0,3.0
10990,JP Nagar,1107.0,2.0,57.0,2.0
10991,Old Madras Road,1720.0,3.0,106.0,3.0
10992,other,1540.0,3.0,150.0,3.0
10993,Bannerghatta Road,1000.0,2.0,44.5,2.0
10994,Electronic City,710.0,1.0,40.42,1.0
10995,Thanisandra,1100.0,2.0,38.0,2.0
10996,other,3200.0,4.0,270.0,4.0
10998,Bannerghatta Road,1250.0,2.0,48.0,2.0
10999,Kaggadasapura,2400.0,4.0,130.0,5.0
11000,Hegde Nagar,1584.01,3.0,104.0,3.0
11002,Kammasandra,1200.0,6.0,60.0,4.0
11003,Kaggadasapura,1485.0,2.0,70.0,3.0
11004,Hennur Road,1100.0,2.0,78.0,3.0
11005,8th Phase JP Nagar,1245.0,2.0,59.0,2.0
11006,Hennur Road,1880.0,4.0,154.0,4.0
11008,other,1050.0,2.0,45.0,2.0
11010,Bannerghatta Road,1640.0,3.0,105.0,3.0
11011,other,1165.0,2.0,65.0,2.0
11012,Kengeri Satellite Town,1110.0,2.0,43.0,2.0
11015,Uttarahalli,4500.0,4.0,150.0,4.0
11017,Haralur Road,1300.0,2.0,75.0,2.0
11018,other,1200.0,1.0,42.0,2.0
11020,Hennur Road,1232.0,2.0,69.61,2.0
11021,Jalahalli,1704.0,3.0,94.36,3.0
11022,7th Phase JP Nagar,1275.0,2.0,88.0,3.0
11023,Sarjapur  Road,1222.0,2.0,68.0,3.0
11024,Varthur,1155.0,2.0,39.0,2.0
11025,Electronic City,1000.0,2.0,29.95,2.0
11026,Horamavu Banaswadi,1200.0,2.0,45.0,2.0
11027,Yelahanka,1517.0,3.0,71.28,3.0
11028,Horamavu Agara,1166.0,2.0,37.29,2.0
11029,Electronic City,870.0,2.0,24.0,2.0
11030,5th Phase JP Nagar,4000.0,5.0,170.0,5.0
11032,Yelahanka,3019.0,6.0,190.0,4.0
11033,Whitefield,1345.0,3.0,58.0,3.0
11034,Dommasandra,900.0,3.0,75.0,3.0
11035,EPIP Zone,3800.0,5.0,170.0,4.0
11036,Chandapura,971.0,2.0,38.0,3.0
11037,Hennur,1255.0,2.0,52.32,2.0
11038,EPIP Zone,1810.0,2.0,65.0,2.0
11039,other,1300.0,2.0,58.0,2.0
11040,Thanisandra,1185.0,2.0,45.0,2.0
11041,Pattandur Agrahara,1350.0,2.0,68.0,2.0
11042,Budigere,1590.0,3.0,76.16,3.0
11043,Thyagaraja Nagar,3000.0,6.0,180.0,7.0
11044,Brookefield,1560.0,3.0,149.0,4.0
11045,Somasundara Palya,1650.0,3.0,126.0,3.0
11046,other,1645.0,3.0,87.0,3.0
11047,Hennur Road,1748.0,3.0,103.0,3.0
11048,Channasandra,1200.0,3.0,67.77,3.0
11049,Kengeri Satellite Town,1170.0,2.0,50.0,2.0
11050,Sarjapur  Road,3420.0,4.0,225.0,4.0
11051,Hulimavu,1320.0,2.0,65.0,3.0
11052,Bhoganhalli,1610.0,3.0,84.53,3.0
11053,Frazer Town,1870.0,3.0,180.0,3.0
11054,Sarjapur  Road,1510.0,2.0,110.0,3.0
11055,other,2700.0,7.0,110.0,6.0
11056,other,1305.0,2.0,45.68,3.0
11057,Mahadevpura,1500.0,2.0,70.0,3.0
11059,Thanisandra,1948.0,4.0,129.0,4.0
11060,Margondanahalli,1448.0,3.0,70.0,3.0
11061,Sarjapur  Road,1242.0,2.0,78.0,2.0
11062,Sonnenahalli,1268.0,2.0,58.0,2.0
11063,Ramamurthy Nagar,1101.0,2.0,50.0,2.0
11064,other,1255.0,2.0,65.0,2.0
11065,Gunjur,1362.0,3.0,62.63,3.0
11067,Hosa Road,1089.0,2.0,32.67,2.0
11069,Uttarahalli,1345.0,2.0,57.0,3.0
11070,Thanisandra,3600.0,9.0,125.0,8.0
11071,other,1650.0,2.0,140.0,4.0
11072,Kaggalipura,950.0,2.0,45.0,2.0
11073,HBR Layout,1068.0,2.0,43.0,2.0
11074,Yelahanka New Town,860.0,1.0,31.0,2.0
11075,Kengeri,3000.0,5.0,130.0,8.0
11076,Yelahanka,1756.0,3.0,66.73,3.0
11077,Whitefield,1205.0,2.0,41.0,2.0
11079,Banashankari,1800.0,3.0,125.0,3.0
11081,Hormavu,1604.0,3.0,68.0,3.0
11082,Old Airport Road,2732.0,4.0,204.0,4.0
11083,Chandapura,1015.0,2.0,25.88,2.0
11084,Banashankari,1200.0,2.0,42.0,3.0
11085,Ananth Nagar,1010.0,2.0,38.0,2.0
11087,Doddakallasandra,1010.0,2.0,41.0,2.0
11088,Yelahanka,1050.0,2.0,33.1,2.0
11089,Harlur,1710.0,3.0,85.0,3.0
11090,Mysore Road,1248.52,3.0,115.0,3.0
11091,Attibele,410.0,1.0,10.0,1.0
11092,Bannerghatta Road,1656.0,2.0,62.93,3.0
11093,other,1451.0,3.0,68.0,3.0
11095,JP Nagar,1250.0,2.0,93.0,2.0
11096,other,4395.0,3.0,240.0,3.0
11098,Sonnenahalli,1340.0,2.0,42.0,3.0
11099,other,1100.0,2.0,38.5,2.0
11101,Devarachikkanahalli,1700.0,3.0,71.0,3.0
11103,KR Puram,1096.0,2.0,43.0,2.0
11104,Electronic City Phase II,1160.0,2.0,33.5,2.0
11105,other,1936.0,3.0,139.0,3.0
11106,Nehru Nagar,1269.0,2.0,63.0,3.0
11108,Panathur,1586.0,3.0,125.0,3.0
11110,Kanakpura Road,1452.0,3.0,56.5,3.0
11111,Hosa Road,1538.0,3.0,107.0,3.0
11112,Hosur Road,1427.0,2.0,130.0,3.0
11113,other,935.0,2.0,40.0,2.0
11114,other,1220.0,2.0,65.0,2.0
11115,Harlur,1197.0,2.0,77.0,2.0
11116,Varthur,674.0,1.0,19.9,2.0
11117,Kengeri,410.0,1.0,15.0,1.0
11118,Thanisandra,1573.0,3.0,90.0,3.0
11119,Dodda Nekkundi,1135.0,2.0,58.0,2.0
11120,other,1400.0,2.0,40.43,3.0
11121,other,1200.0,1.0,65.0,1.0
11122,other,1800.0,3.0,95.0,3.0
11123,other,2045.0,3.0,108.0,3.0
11124,Sonnenahalli,1268.0,2.0,56.0,2.0
11125,Kambipura,883.0,2.0,39.0,2.0
11126,Yelahanka,1600.0,3.0,100.0,3.0
11127,Thanisandra,1056.0,2.0,70.0,2.0
11129,Whitefield,4500.0,4.0,330.0,4.0
11130,KR Puram,1204.0,2.0,58.0,2.0
11131,other,1410.0,2.0,54.0,3.0
11132,Hennur Road,1460.0,2.0,80.3,2.0
11133,Dodda Nekkundi,1100.0,2.0,41.18,2.0
11134,other,1310.0,2.0,88.0,2.0
11135,Sector 2 HSR Layout,1600.0,3.0,90.0,3.0
11136,other,1250.0,2.0,55.0,2.0
11137,Sarjapur  Road,1665.0,3.0,74.93,3.0
11138,Uttarahalli,1345.0,2.0,57.0,3.0
11140,Singasandra,1416.0,2.0,67.0,2.0
11141,HSR Layout,1145.0,2.0,46.0,2.0
11142,Munnekollal,7200.0,10.0,200.0,10.0
11143,Jigani,1231.0,3.0,58.0,3.0
11144,Yelahanka,1664.0,3.0,73.95,3.0
11145,TC Palaya,2000.0,3.0,76.0,3.0
11146,Rajiv Nagar,972.0,2.0,43.0,2.0
11147,other,4500.0,4.0,345.0,4.0
11148,Bellandur,1185.0,2.0,47.39,2.0
11149,Green Glen Layout,1750.0,3.0,81.0,3.0
11150,other,3155.0,4.0,316.0,3.0
11151,Balagere,1007.0,2.0,68.0,2.0
11153,Whitefield,1250.0,2.0,85.0,2.0
11154,other,1200.0,2.0,54.0,2.0
11155,Horamavu Agara,994.0,2.0,42.28,2.0
11156,Ramamurthy Nagar,1150.0,2.0,40.0,2.0
11157,Thanisandra,1220.0,2.0,46.0,2.0
11158,other,1441.0,2.0,115.0,2.0
11159,Old Madras Road,1157.0,2.0,47.32,2.0
11161,Thigalarapalya,1400.0,2.0,105.0,2.0
11162,Tindlu,1370.07,3.0,65.0,3.0
11164,Judicial Layout,900.0,2.0,40.0,2.0
11165,other,418.0,1.0,17.0,1.0
11166,other,1200.0,3.0,80.0,3.0
11167,ISRO Layout,1200.0,2.0,43.0,2.0
11168,Talaghattapura,1062.0,2.0,42.48,2.0
11169,Kanakpura Road,1120.0,2.0,51.0,2.0
11170,Bannerghatta Road,1012.0,2.0,44.0,2.0
11173,other,675.0,2.0,13.5,2.0
11174,Kanakpura Road,1430.0,2.0,78.0,2.0
11175,Channasandra,1195.0,2.0,56.0,3.0
11176,Old Madras Road,2640.0,5.0,150.0,3.0
11177,Bisuvanahalli,1075.0,2.0,42.0,3.0
11178,Hennur Road,1570.0,3.0,75.99,3.0
11180,Sonnenahalli,1011.0,2.0,59.0,2.0
11181,7th Phase JP Nagar,1450.0,2.0,102.0,3.0
11182,Sarjapur  Road,1129.0,2.0,69.0,2.0
11183,Sarjapura - Attibele Road,1126.0,2.0,36.0,2.0
11184,Attibele,1200.0,3.0,110.0,3.0
11185,Sarjapur  Road,1180.0,2.0,45.0,3.0
11188,Hennur Road,1933.0,3.0,140.0,3.0
11189,TC Palaya,1082.0,2.0,64.0,2.0
11191,other,610.0,1.0,28.0,1.0
11192,Raja Rajeshwari Nagar,1560.0,4.0,160.0,4.0
11193,Kathriguppe,1300.0,3.0,77.99,3.0
11194,Kudlu Gate,3850.0,6.0,205.0,4.0
11195,CV Raman Nagar,1125.0,2.0,46.0,2.0
11196,other,2400.0,7.0,107.0,6.0
11197,Kengeri Satellite Town,777.4,2.0,25.0,2.0
11198,Battarahalli,2500.0,3.0,65.0,4.0
11199,Old Airport Road,1798.0,3.0,150.0,3.0
11200,other,1864.0,3.0,120.0,3.0
11201,Whitefield,1115.0,2.0,51.91,2.0
11202,Kengeri,400.0,1.0,25.0,1.0
11203,Rajaji Nagar,1200.0,2.0,70.0,2.0
11204,Ananth Nagar,992.0,2.0,24.8,2.0
11205,other,950.0,2.0,57.0,2.0
11207,Bellandur,1200.0,2.0,62.0,2.0
11208,GM Palaya,1735.0,3.0,70.0,3.0
11209,BTM 2nd Stage,1750.0,3.0,172.0,3.0
11210,HSR Layout,1009.0,2.0,56.0,2.0
11211,Jalahalli,1470.0,2.0,102.0,3.0
11212,Bannerghatta Road,1527.0,3.0,115.0,3.0
11213,other,985.0,2.0,45.0,2.0
11214,Chandapura,3300.0,4.0,135.0,4.0
11215,Whitefield,1277.0,2.0,77.0,2.0
11216,other,1100.0,2.0,62.0,2.0
11217,Whitefield,1820.0,3.0,140.0,3.0
11218,other,1530.0,3.0,87.0,4.0
11221,Jakkur,1880.0,4.0,110.0,3.0
11222,Hennur,1255.0,2.0,52.35,2.0
11223,Kanakpura Road,700.0,2.0,36.0,2.0
11224,Somasundara Palya,1140.0,2.0,46.0,2.0
11225,Electronic City Phase II,1025.0,2.0,29.6,2.0
11226,Whitefield,3453.0,4.0,247.0,4.0
11227,Uttarahalli,1490.0,2.0,59.6,3.0
11229,Sarjapur  Road,1850.0,3.0,140.0,3.0
11230,Kaikondrahalli,1250.0,2.0,78.0,2.0
11231,other,2400.0,3.0,108.0,4.0
11233,Jalahalli,1244.0,2.0,88.0,2.0
11235,Kengeri Satellite Town,1025.0,2.0,28.57,2.0
11236,Sarjapur  Road,1034.0,2.0,38.0,2.0
11237,Kengeri Satellite Town,1191.0,2.0,33.34,3.0
11238,Kasavanhalli,1719.0,3.0,71.0,3.0
11239,7th Phase JP Nagar,1035.0,2.0,39.33,2.0
11241,Hosa Road,1470.0,2.0,84.22,3.0
11242,Yelahanka,1140.0,2.0,50.66,2.0
11243,Harlur,1752.12,3.0,125.0,3.0
11246,Old Madras Road,2990.0,3.0,170.0,3.0
11247,Bannerghatta Road,1660.0,3.0,85.0,3.0
11248,Electronic City,1275.0,3.0,63.43,3.0
11249,Bommasandra Industrial Area,1365.0,3.0,52.81,3.0
11250,other,1200.0,2.0,90.0,3.0
11251,Kanakpura Road,2546.0,3.0,170.0,3.0
11252,Banashankari Stage VI,1392.0,3.0,69.46,3.0
11253,Whitefield,1245.0,2.0,59.76,2.0
11255,Yeshwanthpur,1162.0,2.0,64.08,2.0
11256,Singasandra,1476.0,2.0,73.0,3.0
11257,KR Puram,700.0,1.0,21.5,1.0
11258,other,3600.0,6.0,170.0,6.0
11259,Jigani,943.0,2.0,48.0,2.0
11261,Sarjapur  Road,1113.0,2.0,44.5,2.0
11262,Varthur,1615.0,3.0,69.43,3.0
11263,other,1279.0,2.0,100.0,2.0
11264,other,1256.0,2.0,60.0,2.0
11266,Sompura,1350.0,3.0,65.0,3.0
11267,other,1525.0,3.0,68.63,3.0
11269,Hebbal,1645.0,3.0,117.0,3.0
11270,Ardendale,1777.26,3.0,92.0,3.0
11271,Bisuvanahalli,845.0,2.0,32.0,2.0
11272,other,900.0,2.0,25.0,2.0
11273,Varthur,1210.0,2.0,64.15,2.0
11274,Electronic City Phase II,829.0,2.0,22.8,2.0
11275,Sarjapur  Road,1879.0,3.0,155.0,3.0
11276,Hosur Road,1250.0,2.0,50.0,3.0
11277,other,1200.0,2.0,35.0,4.0
11278,Marathahalli,1108.0,2.0,60.0,3.0
11279,Kanakpura Road,1401.0,3.0,69.0,3.0
11280,Sarjapur  Road,1157.0,2.0,75.0,3.0
11281,other,1185.0,2.0,42.66,2.0
11282,Green Glen Layout,1751.0,3.0,115.0,3.0
11284,Bannerghatta Road,1880.0,3.0,96.5,3.0
11285,Whitefield,1322.5,3.0,40.985,3.0
11286,Channasandra,1175.0,2.0,38.0,2.0
11287,Jalahalli,1407.0,2.0,98.49,2.0
11288,Yelachenahalli,1000.0,2.0,50.0,2.0
11289,Electronic City,1518.0,3.0,75.0,3.0
11290,other,3600.0,4.0,300.0,4.0
11291,Tumkur Road,1027.0,2.0,67.0,2.0
11293,HSR Layout,1145.0,2.0,46.0,2.0
11295,Begur Road,1500.0,2.0,47.25,3.0
11296,Varthur,1737.0,2.0,57.32,3.0
11297,Hennur,3517.0,2.0,161.5,4.0
11298,other,1600.0,4.0,120.0,3.0
11299,Hegde Nagar,1500.0,3.0,135.0,3.0
11300,other,1120.0,2.0,60.0,2.0
11302,Hennur Road,1030.0,2.0,46.5,2.0
11303,Gubbalala,2500.0,6.0,88.0,6.0
11304,Kammasandra,1057.0,2.0,35.0,2.0
11305,Old Airport Road,2774.0,4.0,208.0,4.0
11306,Thanisandra,1460.0,2.0,38.5,2.0
11307,Hormavu,1075.0,2.0,53.7,2.0
11308,Mysore Road,1080.0,2.0,60.0,3.0
11310,other,5100.0,7.0,225.0,6.0
11311,Singasandra,1139.7,2.0,45.0,2.0
11312,Whitefield,1074.0,2.0,42.8,2.0
11313,Whitefield,1200.0,2.0,46.13,2.0
11314,Sarjapur  Road,2425.0,5.0,175.0,4.0
11315,Sarjapur  Road,1323.0,2.0,74.0,2.0
11316,Hennur Road,1232.0,2.0,69.61,2.0
11317,Kalena Agrahara,900.0,2.0,40.0,2.0
11318,Sarjapura - Attibele Road,740.0,1.0,23.65,1.0
11319,Hebbal,1920.0,3.0,134.0,3.0
11321,Bannerghatta Road,1550.0,3.0,96.0,3.0
11322,Gunjur,1588.0,2.0,90.0,3.0
11324,R.T. Nagar,3600.0,8.0,165.0,9.0
11325,other,1308.0,2.0,86.0,2.0
11326,Hennur,1340.0,2.0,54.27,3.0
11329,Thanisandra,1719.0,3.0,135.0,3.0
11330,Horamavu Agara,1107.83,2.0,41.51,2.0
11331,Whitefield,1200.0,2.0,45.84,2.0
11332,Electronic City,1090.0,2.0,31.48,1.0
11334,Jakkur,1660.0,3.0,104.0,3.0
11335,Nagavara,1247.0,2.0,58.56,2.0
11336,Thanisandra,1595.0,3.0,96.0,3.0
11337,Kaggadasapura,1175.0,2.0,50.0,2.0
11339,Old Airport Road,1184.0,2.0,78.0,2.0
11340,other,1100.0,2.0,55.0,2.0
11342,Yelahanka,1200.0,2.0,60.0,2.0
11344,other,1000.0,2.0,45.0,2.0
11345,Uttarahalli,1000.0,2.0,52.0,2.0
11346,Yelahanka,1705.0,3.0,85.0,3.0
11347,Tumkur Road,1060.0,2.0,58.3,3.0
11348,Chikka Tirupathi,2325.0,4.0,120.0,4.0
11349,other,1347.0,2.0,55.0,3.0
11351,Varthur,1402.0,2.0,95.0,2.0
11352,Whitefield,2280.0,4.0,125.0,3.0
11353,other,1225.0,2.0,71.05,2.0
11354,5th Phase JP Nagar,1080.0,2.0,53.0,2.0
11355,other,4000.0,7.0,90.0,7.0
11357,Begur Road,1100.0,2.0,42.6,2.0
11358,Sarjapur  Road,2500.0,4.0,225.0,4.0
11359,Bannerghatta Road,1200.0,2.0,78.0,2.0
11360,Begur Road,1565.0,2.0,57.91,3.0
11361,other,1200.0,3.0,78.0,2.0
11362,Kothanur,1581.0,3.0,76.0,3.0
11363,Whitefield,2882.0,5.0,200.0,4.0
11366,Nagasandra,7000.0,8.0,450.0,4.0
11367,Abbigere,985.0,2.0,38.92,2.0
11368,Sarjapur,950.0,2.0,35.0,2.0
11369,other,1339.0,2.0,55.0,2.0
11370,other,1449.0,3.0,72.0,3.0
11372,other,1100.0,2.0,38.68,2.0
11373,Hoskote,1003.5,2.0,28.095,2.0
11374,Kaval Byrasandra,2700.0,3.0,200.0,3.0
11375,other,1100.0,2.0,55.0,2.0
11376,Electronic City,1140.0,2.0,32.92,2.0
11379,Chandapura,800.0,1.0,30.0,2.0
11380,Chikkabanavar,2000.0,4.0,65.0,5.0
11382,other,1300.0,2.0,95.0,2.0
11383,Kanakpura Road,1220.0,2.0,60.0,2.0
11384,Sarjapur  Road,2289.0,3.0,178.0,3.0
11385,Whitefield,1170.0,2.0,56.0,2.0
11386,other,1350.0,2.0,89.5,2.0
11387,Kambipura,883.0,2.0,45.0,2.0
11388,Thanisandra,1698.0,3.0,125.0,3.0
11389,Electronic City Phase II,2187.5,4.0,105.0,4.0
11390,Ambalipura,1060.0,2.0,58.5,2.0
11391,Somasundara Palya,1185.0,2.0,75.0,2.0
11392,Padmanabhanagar,2051.0,3.0,180.0,3.0
11393,Vittasandra,1404.0,2.0,72.0,2.0
11394,Electronic City Phase II,1252.0,2.0,67.0,2.0
11395,Bannerghatta Road,1885.0,3.0,125.0,3.0
11396,Kaikondrahalli,3381.0,6.0,225.0,6.0
11397,Hormavu,980.0,2.0,42.0,2.0
11399,Banashankari,1420.0,3.0,66.0,3.0
11401,other,2312.0,3.0,156.0,3.0
11402,Kaggadasapura,3000.0,4.0,130.0,4.0
11403,other,1175.0,2.0,70.0,2.0
11404,other,1145.0,2.0,51.0,2.0
11405,Bhoganhalli,970.0,2.0,52.5,2.0
11406,Electronic City,1125.0,2.0,32.49,2.0
11407,Whitefield,1639.5,3.0,92.63,3.0
11408,9th Phase JP Nagar,5000.0,4.0,300.0,4.0
11410,Ramagondanahalli,1635.0,3.0,57.0,3.0
11411,Harlur,3425.0,3.0,320.0,3.0
11412,Hennur Road,2950.0,4.0,253.0,4.0
11413,Jalahalli,1200.0,2.0,66.0,1.0
11414,Kathriguppe,1335.0,2.0,73.43,3.0
11415,Hebbal,4450.0,6.0,449.0,4.0
11416,Yeshwanthpur,1166.0,2.0,64.08,2.0
11418,Shivaji Nagar,1460.0,2.0,90.0,3.0
11419,other,1690.0,3.0,50.0,3.0
11420,other,1386.0,3.0,93.0,4.0
11421,other,1090.0,2.0,32.0,2.0
11422,Thanisandra,1732.0,3.0,85.73,3.0
11423,Whitefield,1390.0,2.0,72.0,2.0
11424,Sector 2 HSR Layout,1095.0,2.0,85.41,2.0
11425,Kengeri,416.0,1.0,17.19,1.0
11426,other,2400.0,2.0,50.0,3.0
11427,Yelahanka,1350.0,2.0,85.0,3.0
11428,Bannerghatta Road,1453.0,2.0,73.0,3.0
11429,Thanisandra,1226.0,2.0,65.0,2.0
11431,Hegde Nagar,1168.0,2.0,68.0,3.0
11432,Bannerghatta,1776.0,3.0,124.0,3.0
11433,Whitefield,1634.0,3.0,68.0,3.0
11434,Hormavu,860.0,2.0,56.0,2.0
11436,Nagasandra,1650.0,3.0,95.0,3.0
11437,Whitefield,1190.0,2.0,70.0,2.0
11438,JP Nagar,1133.0,2.0,33.99,2.0
11439,other,1559.0,3.0,62.0,3.0
11440,Horamavu Banaswadi,1448.0,4.0,118.0,3.0
11441,other,6652.0,6.0,510.0,4.0
11442,Kodichikkanahalli,976.0,2.0,50.0,2.0
11444,Yelahanka,1590.0,2.0,54.0,3.0
11445,Binny Pete,2940.0,6.0,201.0,4.0
11446,Yelahanka,1633.0,3.0,110.0,3.0
11447,Ramagondanahalli,1151.0,2.0,46.0,2.0
11448,Kereguddadahalli,1400.0,2.0,42.0,3.0
11449,Uttarahalli,1037.0,2.0,36.0,2.0
11450,Thanisandra,1188.0,2.0,36.0,2.0
11451,other,1060.0,2.0,52.0,2.0
11452,Thigalarapalya,2215.0,4.0,162.0,3.0
11453,Hennur,1255.0,2.0,54.5,2.0
11455,Hormavu,1075.0,2.0,53.7,2.0
11456,Harlur,2569.0,5.0,180.0,4.0
11457,ITPL,900.0,2.0,27.0,2.0
11458,Kudlu Gate,1183.0,2.0,79.54,2.0
11459,HSR Layout,1100.0,2.0,44.0,2.0
11460,GM Palaya,1643.0,2.0,70.0,3.0
11461,other,1500.0,2.0,120.0,3.0
11462,Jakkur,1291.0,2.0,75.0,2.0
11463,Hennur,1150.0,3.0,80.0,3.0
11464,Electronic City,1060.0,2.0,55.0,2.0
11465,7th Phase JP Nagar,1575.0,2.0,110.0,3.0
11467,other,1700.0,3.0,55.0,4.0
11468,Mahadevpura,1236.0,2.0,58.0,2.0
11469,Ramamurthy Nagar,1350.0,2.0,39.0,3.0
11471,Pai Layout,3800.0,6.0,175.0,6.0
11472,Haralur Road,4694.0,5.0,375.0,4.0
11473,Electronic City,1200.0,2.0,34.66,2.0
11474,Hulimavu,1200.0,4.0,75.0,4.0
11475,Harlur,1225.0,2.0,56.0,2.0
11476,Thanisandra,1056.0,2.0,75.0,2.0
11477,9th Phase JP Nagar,1240.0,2.0,42.85,3.0
11478,Banashankari,1200.0,3.0,74.52,3.0
11479,Kudlu Gate,1850.0,3.0,110.0,3.0
11480,other,3150.0,4.0,180.0,4.0
11481,other,1200.0,1.0,39.82,1.0
11484,Chandapura,1185.0,2.0,30.22,3.0
11485,Jigani,918.0,2.0,56.0,2.0
11486,other,1330.0,2.0,68.0,3.0
11487,Munnekollal,1540.0,2.0,70.0,3.0
11488,Lakshminarayana Pura,1200.0,2.0,80.0,2.0
11489,other,927.0,2.0,37.0,2.0
11490,Sarjapur,2585.5,4.0,115.0,4.0
11491,CV Raman Nagar,1400.0,2.0,78.0,3.0
11492,Hosur Road,1345.0,2.0,106.0,2.0
11494,8th Phase JP Nagar,1510.0,2.0,80.0,2.0
11496,Kanakpura Road,525.0,2.0,27.0,1.0
11497,ITPL,1500.0,3.0,61.52,3.0
11498,Yelahanka,827.5,1.0,42.535,1.0
11499,Vidyaranyapura,1100.0,2.0,72.0,3.0
11500,other,1200.0,3.0,68.0,3.0
11501,Kanakpura Road,1100.0,3.0,53.0,3.0
11502,Hormavu,2282.0,4.0,115.0,4.0
11503,other,760.0,2.0,37.49,2.0
11504,Sarjapur,2172.0,3.0,100.0,3.0
11505,other,3800.0,6.0,390.0,6.0
11507,8th Phase JP Nagar,3300.0,3.0,165.0,3.0
11508,Thubarahalli,1242.0,3.0,51.0,3.0
11510,Uttarahalli,1245.0,2.0,43.58,3.0
11511,Kadugodi,1088.0,2.0,44.0,2.0
11512,Sahakara Nagar,1200.0,2.0,46.0,2.0
11513,TC Palaya,1995.0,3.0,100.0,3.0
11514,Haralur Road,1309.0,2.0,82.0,2.0
11516,7th Phase JP Nagar,2100.0,3.0,200.0,3.0
11519,other,1250.0,3.0,42.0,3.0
11520,Hebbal,3520.0,5.0,240.0,3.0
11521,5th Phase JP Nagar,1041.0,2.0,54.0,2.0
11522,Sarjapur  Road,1505.0,2.0,60.0,3.0
11523,Bannerghatta,1776.0,3.0,150.0,3.0
11524,Bellandur,1767.0,3.0,89.0,3.0
11525,other,1293.0,2.0,80.0,2.0
11526,Kengeri,1320.0,2.0,50.0,2.0
11527,other,1280.0,2.0,68.48,2.0
11528,Thanisandra,1245.0,2.0,83.05,2.0
11529,Haralur Road,1027.0,1.0,44.0,2.0
11530,Yelenahalli,1200.0,2.0,46.17,2.0
11531,Kanakpura Road,1100.0,3.0,58.0,3.0
11532,other,1065.0,3.0,72.0,3.0
11533,Kannamangala,1814.0,3.0,129.0,3.0
11534,Ramagondanahalli,1610.0,2.0,112.0,3.0
11535,Kumaraswami Layout,850.0,1.0,78.0,1.0
11536,Kasavanhalli,1600.0,3.0,79.0,3.0
11537,other,3200.0,4.0,140.0,3.0
11538,other,1250.0,2.0,77.13,3.0
11539,Haralur Road,1243.0,2.0,46.0,2.0
11540,Kanakpura Road,1452.0,3.0,60.98,3.0
11541,other,1475.0,3.0,75.0,3.0
11542,Electronic City,1353.0,2.0,75.0,2.0
11543,other,2100.0,3.0,210.0,4.0
11544,Electronics City Phase 1,1750.0,3.0,58.0,3.0
11546,Sahakara Nagar,1270.0,2.0,96.0,2.0
11547,Battarahalli,2700.0,3.0,75.0,4.0
11549,Thanisandra,2695.0,4.0,188.0,4.0
11550,other,1330.0,3.0,65.0,3.0
11551,Electronic City,660.0,1.0,18.0,2.0
11552,BTM 2nd Stage,1400.0,2.0,90.0,2.0
11553,Gubbalala,4000.0,5.0,195.0,4.0
11554,Kanakpura Road,1700.0,3.0,75.0,3.0
11555,Kasavanhalli,1585.0,2.0,90.0,2.0
11556,Kothanur,1385.0,3.0,67.0,3.0
11557,Electronic City,1128.0,2.0,67.0,2.0
11560,HSR Layout,1203.0,2.0,60.0,2.0
11561,Mallasandra,905.0,2.0,35.0,2.0
11562,Hennur Road,1450.0,3.0,79.0,3.0
11563,Varthur,1105.0,2.0,38.0,2.0
11564,Channasandra,1200.0,2.0,46.13,2.0
11565,Jalahalli,1530.0,2.0,89.0,3.0
11566,Whitefield,1105.0,2.0,35.4,2.0
11567,Dasarahalli,1333.0,2.0,78.56,2.0
11568,other,1065.0,2.0,45.0,2.0
11570,Haralur Road,1243.0,2.0,46.0,2.0
11571,Old Madras Road,1530.0,3.0,76.34,3.0
11572,Margondanahalli,1200.0,2.0,65.0,2.0
11573,Whitefield,1270.0,2.0,94.0,2.0
11574,Bellandur,1830.0,3.0,89.0,3.0
11575,Chandapura,900.0,2.0,35.0,2.0
11576,Attibele,2400.0,2.0,250.0,4.0
11577,other,7000.0,6.0,560.0,6.0
11578,Bannerghatta Road,1450.0,2.0,78.0,3.0
11579,other,1525.0,3.0,65.0,3.0
11580,Mahalakshmi Layout,1080.0,2.0,67.0,2.0
11581,other,1220.0,2.0,72.0,2.0
11582,Begur Road,1200.0,2.0,44.4,2.0
11583,Bommanahalli,1355.0,2.0,73.17,2.0
11585,other,1500.0,2.0,60.0,2.0
11586,Koramangala,1355.0,2.0,95.0,2.0
11587,Electronic City,1070.0,2.0,57.0,2.0
11588,CV Raman Nagar,1980.0,4.0,180.0,3.0
11589,Bommasandra,842.0,2.0,30.0,2.0
11590,Bannerghatta Road,700.0,1.0,31.2,1.0
11591,other,2500.0,4.0,65.0,3.0
11592,other,1884.0,3.0,95.0,3.0
11593,other,1100.0,2.0,75.0,2.0
11594,Raja Rajeshwari Nagar,1196.0,2.0,40.54,2.0
11595,Budigere,1820.0,3.0,85.0,3.0
11597,Thanisandra,1185.0,2.0,43.5,2.0
11598,Varthur,2145.0,3.0,170.0,3.0
11599,Whitefield,1220.0,2.0,89.0,2.0
11600,Whitefield,1116.0,2.0,51.91,2.0
11601,6th Phase JP Nagar,1192.0,2.0,75.0,2.0
11602,Marathahalli,1449.0,3.0,110.0,3.0
11603,Ardendale,2500.0,3.0,250.0,3.0
11604,Electronic City,1700.0,3.0,90.0,3.0
11605,Hebbal,1920.0,3.0,150.0,3.0
11606,other,1350.0,2.0,90.0,2.0
11607,other,4800.0,5.0,350.0,4.0
11608,other,1700.0,3.0,74.0,3.0
11609,Hoodi,1447.0,3.0,76.0,2.0
11610,Kanakpura Road,1329.0,2.0,107.0,2.0
11611,Sarjapur  Road,1314.0,2.0,70.44,3.0
11612,other,1200.0,3.0,110.0,3.0
11614,Hosa Road,1513.0,3.0,103.0,3.0
11616,Vittasandra,1246.0,2.0,67.5,2.0
11617,other,705.0,1.0,65.0,1.0
11618,Dasarahalli,1220.0,2.0,62.0,2.0
11619,Yelahanka New Town,1800.0,2.0,45.0,3.0
11620,Kaval Byrasandra,1400.0,3.0,75.0,3.0
11621,Kasavanhalli,1245.0,2.0,80.0,2.0
11622,other,1495.0,2.0,63.0,3.0
11624,Gollarapalya Hosahalli,996.0,2.0,36.5,2.0
11625,Yelahanka New Town,1000.0,2.0,44.0,2.0
11626,other,1250.0,2.0,75.0,2.0
11627,Chandapura,975.0,2.0,24.86,2.0
11628,Thanisandra,1261.0,2.0,80.0,3.0
11629,Electronics City Phase 1,1080.0,2.0,46.0,2.0
11630,other,1230.0,2.0,50.0,2.0
11631,Kammasandra,982.0,2.0,25.53,2.0
11632,Bommasandra,1260.0,3.0,49.36,3.0
11633,HSR Layout,1590.0,2.0,135.0,3.0
11634,Horamavu Agara,1220.0,2.0,39.0,2.0
11635,Electronic City Phase II,1320.0,2.0,38.12,3.0
11636,Green Glen Layout,1750.0,3.0,105.0,3.0
11637,Whitefield,1436.0,2.0,62.15,3.0
11638,TC Palaya,1200.0,2.0,66.0,3.0
11640,Varthur,1560.0,3.0,90.0,3.0
11641,Whitefield,3758.0,3.0,300.0,3.0
11642,other,1275.0,2.0,59.0,2.0
11643,other,1040.0,2.0,36.4,2.0
11644,Bellandur,2400.0,3.0,115.0,3.0
11646,Kaggalipura,3150.0,5.0,212.0,4.0
11647,Karuna Nagar,1960.0,3.0,165.0,3.0
11648,JP Nagar,3200.0,5.0,309.0,4.0
11650,Yelahanka,1195.0,2.0,53.105,2.0
11651,Hosakerehalli,4500.0,5.0,145.0,5.0
11654,other,648.0,1.0,40.0,1.0
11655,Sarjapur  Road,2100.0,3.0,130.0,3.0
11657,Kudlu,1027.0,2.0,44.0,2.0
11659,Bommasandra,1365.0,3.0,52.82,3.0
11660,Yelahanka New Town,650.0,1.0,18.0,1.0
11661,Chandapura,1200.0,2.0,52.0,3.0
11662,Cooke Town,1100.0,2.0,90.0,2.0
11663,7th Phase JP Nagar,1075.0,2.0,57.0,3.0
11664,Banashankari,1100.0,2.0,63.0,2.0
11665,other,1320.0,2.0,58.0,3.0
11666,Kammasandra,1500.0,3.0,65.0,3.0
11669,Vittasandra,1246.0,2.0,67.5,2.0
11670,Bhoganhalli,1718.0,3.0,90.2,3.0
11671,Bisuvanahalli,1075.0,2.0,32.0,3.0
11672,other,1480.0,3.0,75.48,3.0
11673,other,500.0,1.0,13.0,1.0
11675,Kaikondrahalli,1200.0,4.0,125.0,4.0
11676,Kanakpura Road,1041.0,2.0,36.44,2.0
11677,other,1128.0,2.0,48.4,2.0
11678,Hosur Road,1685.0,3.0,90.0,3.0
11679,other,1180.0,2.0,65.0,2.0
11680,other,1200.0,2.0,60.0,2.0
11681,other,1250.0,3.0,39.5,3.0
11682,Kanakpura Road,900.0,2.0,41.0,2.0
11683,other,1000.0,2.0,45.0,2.0
11686,Vittasandra,1404.0,2.0,70.0,2.0
11687,Ramagondanahalli,1610.0,2.0,115.0,3.0
11688,Varthur,1760.0,2.0,85.0,2.0
11689,other,975.0,2.0,55.0,2.0
11690,other,1190.0,2.0,42.0,2.0
11691,Kudlu,1110.0,2.0,46.0,2.0
11693,Gunjur,1235.0,2.0,44.5,2.0
11694,other,1275.0,2.0,55.0,2.0
11696,Harlur,1197.0,2.0,76.0,2.0
11697,Begur Road,644.0,1.0,32.0,1.0
11698,Bellandur,1251.0,2.0,47.0,2.0
11699,Neeladri Nagar,1105.0,2.0,30.0,2.0
11700,other,1080.0,2.0,38.0,2.0
11701,Kudlu,2100.0,3.0,114.0,4.0
11703,NRI Layout,1731.0,3.0,64.11,3.0
11704,Hormavu,1206.0,2.0,55.0,2.0
11705,Choodasandra,1560.0,3.0,78.0,3.0
11706,7th Phase JP Nagar,750.0,1.0,47.0,1.0
11709,Sarjapur  Road,702.0,1.0,35.8,1.0
11710,Attibele,1700.0,3.0,65.0,3.0
11711,HRBR Layout,1145.0,2.0,68.5,2.0
11712,Ramamurthy Nagar,1208.0,2.0,43.5,3.0
11713,Brookefield,1589.0,3.0,74.0,3.0
11715,Yelahanka New Town,1426.0,2.0,61.5,3.0
11716,Green Glen Layout,1885.0,3.0,135.0,3.0
11717,Old Madras Road,935.0,2.0,37.77,2.0
11718,Old Madras Road,1171.0,2.0,73.0,2.0
11719,Singasandra,1465.0,2.0,60.0,2.0
11720,Budigere,1820.0,3.0,95.0,3.0
11721,Raja Rajeshwari Nagar,1580.0,2.0,66.85,3.0
11722,Whitefield,1452.0,2.0,46.29,3.0
11723,Hennur Road,1445.0,2.0,89.56,3.0
11724,other,1170.0,2.0,39.0,2.0
11725,other,1070.0,2.0,50.0,2.0
11726,Kanakpura Road,1100.0,3.0,53.0,3.0
11727,Kothanur,1140.0,2.0,56.0,2.0
11728,Rachenahalli,2600.0,3.0,160.0,3.0
11729,other,1532.0,3.0,59.75,3.0
11730,other,1150.0,2.0,46.0,2.0
11731,Jakkur,1473.0,2.0,85.0,2.0
11732,Kathriguppe,1350.0,3.0,80.99,3.0
11734,CV Raman Nagar,1980.0,4.0,166.0,3.0
11735,Hoodi,1660.0,3.0,128.0,3.0
11736,Kogilu,2456.0,7.0,85.0,7.0
11737,Chamrajpet,650.0,2.0,45.0,2.0
11738,Neeladri Nagar,4000.0,5.0,425.0,5.0
11740,other,1495.0,3.0,90.0,3.0
11741,R.T. Nagar,1080.0,2.0,48.0,2.0
11742,Electronic City,1521.0,2.0,57.5,3.0
11743,other,1053.0,2.0,51.0,2.0
11746,7th Phase JP Nagar,1050.0,2.0,42.0,2.0
11747,Thanisandra,1430.0,2.0,51.48,3.0
11749,other,1250.0,3.0,39.0,3.0
11750,other,1200.0,2.0,75.0,4.0
11752,Uttarahalli,1000.0,2.0,39.5,2.0
11753,Bannerghatta Road,1630.0,3.0,68.0,3.0
11754,Kammasandra,985.0,2.0,40.5,2.0
11755,BTM 2nd Stage,1200.0,2.0,70.0,2.0
11756,Ambalipura,1650.0,3.0,100.0,3.0
11757,Mico Layout,1670.0,3.0,59.0,3.0
11759,Sarjapur  Road,1240.0,4.0,110.0,4.0
11760,other,1000.0,2.0,60.0,2.0
11761,other,830.0,2.0,26.0,2.0
11762,Ramagondanahalli,1200.0,3.0,56.1,3.0
11764,Begur Road,2500.0,6.0,122.5,4.0
11765,Haralur Road,1140.0,2.0,43.0,2.0
11766,Nagarbhavi,1635.0,3.0,85.0,3.0
11767,HSR Layout,1120.0,2.0,70.0,2.0
11768,other,2750.0,6.0,200.0,6.0
11770,Harlur,2137.0,3.0,110.0,3.0
11771,Hennur Road,973.0,2.0,50.74,2.0
11772,Kundalahalli,1724.0,3.0,146.0,3.0
11773,Banashankari,1020.0,2.0,40.79,2.0
11775,Electronic City,750.0,1.0,35.0,1.0
11776,Kambipura,883.0,2.0,49.0,2.0
11778,Ramagondanahalli,2787.0,5.0,220.0,4.0
11779,other,1470.0,2.0,60.0,3.0
11780,Electronics City Phase 1,891.0,2.0,24.95,2.0
11781,other,1275.0,2.0,76.0,2.0
11782,Kothanur,1787.0,3.0,120.0,3.0
11783,8th Phase JP Nagar,1730.0,5.0,75.0,5.0
11785,Yeshwanthpur,1692.0,3.0,108.0,3.0
11786,Bannerghatta Road,1400.0,3.0,69.0,3.0
11787,Sarjapur  Road,1115.0,2.0,50.0,2.0
11788,Whitefield,1370.0,2.0,56.0,2.0
11789,other,1602.0,3.0,56.0,3.0
11790,other,793.0,1.0,40.0,1.0
11791,GM Palaya,675.0,1.0,35.0,1.0
11792,Chikka Tirupathi,3250.0,4.0,136.0,4.0
11793,Whitefield,1050.0,2.0,43.0,2.0
11794,Jalahalli East,1035.0,2.0,42.5,2.0
11795,Sarjapur  Road,1200.0,2.0,44.0,3.0
11796,Sarjapur  Road,1800.0,3.0,128.0,3.0
11797,Green Glen Layout,1625.0,3.0,70.0,3.0
11798,Electronics City Phase 1,1032.0,2.0,31.99,2.0
11799,Whitefield,1496.0,2.0,71.81,3.0
11800,other,1100.0,2.0,38.0,2.0
11801,Kundalahalli,1500.0,3.0,50.0,3.0
11802,Electronic City Phase II,1125.0,2.0,32.63,2.0
11803,other,1555.0,3.0,73.0,3.0
11804,Amruthahalli,1025.0,2.0,42.0,2.0
11805,Hennur Road,1482.0,2.0,83.73,3.0
11806,other,1630.0,2.0,130.0,3.0
11807,Arekere,900.0,2.0,44.5,2.0
11808,Yelahanka,1355.0,2.0,75.0,3.0
11810,Akshaya Nagar,1200.0,2.0,45.0,2.0
11811,other,1563.0,3.0,63.0,3.0
11812,other,1344.0,4.0,84.0,4.0
11814,5th Phase JP Nagar,812.0,2.0,42.0,2.0
11815,Basaveshwara Nagar,1200.0,2.0,70.0,2.0
11816,Yelahanka,3175.0,4.0,156.0,4.0
11817,Marathahalli,1360.0,2.0,101.0,2.0
11818,Hegde Nagar,1835.0,3.0,88.0,3.0
11819,Rachenahalli,1756.0,3.0,110.0,3.0
11820,8th Phase JP Nagar,1296.0,2.0,51.83,3.0
11821,Haralur Road,1300.0,2.0,75.0,2.0
11822,Anandapura,1141.0,2.0,50.0,2.0
11823,Poorna Pragna Layout,1270.0,2.0,50.79,3.0
11824,Electronic City,1210.0,2.0,55.0,2.0
11825,Hormavu,1310.0,2.0,67.0,2.0
11827,Magadi Road,1187.0,2.0,55.195,3.0
11828,Gubbalala,1745.0,3.0,140.0,3.0
11830,Raja Rajeshwari Nagar,1050.0,2.0,37.0,2.0
11832,Electronic City Phase II,1140.0,2.0,34.0,2.0
11833,Varthur,1210.0,2.0,54.0,2.0
11834,Kasavanhalli,2035.0,3.0,142.0,3.0
11835,Sarjapur,633.0,1.0,17.09,1.0
11836,Amruthahalli,485.0,1.0,19.5,1.0
11837,Varthur,1112.0,2.0,40.0,2.0
11838,other,1200.0,2.0,82.0,2.0
11839,Sarjapur  Road,2275.0,4.0,187.0,3.0
11840,other,1419.0,3.0,85.0,3.0
11841,other,1195.0,2.0,42.4,2.0
11844,Thanisandra,1884.0,4.0,117.0,3.0
11846,Bannerghatta Road,905.0,2.0,58.0,2.0
11847,JP Nagar,1500.0,2.0,108.0,3.0
11848,other,850.0,1.0,50.0,1.0
11849,Bommasandra Industrial Area,1125.0,2.0,32.49,2.0
11850,Tindlu,1165.0,2.0,59.8,2.0
11851,other,933.0,2.0,55.0,2.0
11852,Hennur Road,1305.0,2.0,77.0,3.0
11853,Billekahalli,1125.0,2.0,65.0,2.0
11854,other,865.0,2.0,33.0,2.0
11855,Jigani,1245.0,3.0,66.0,3.0
11856,Kalyan nagar,8840.0,2.0,300.0,2.0
11857,other,1145.0,2.0,60.0,3.0
11858,AECS Layout,2000.0,3.0,90.0,3.0
11859,Hosa Road,625.0,1.0,43.68,1.0
11860,Kundalahalli,1724.0,3.0,128.0,3.0
11862,Sarjapur  Road,1270.0,2.0,54.0,3.0
11863,other,1250.0,3.0,39.5,3.0
11864,Jakkur,1485.0,3.0,72.0,3.0
11866,7th Phase JP Nagar,990.0,2.0,50.0,2.0
11867,TC Palaya,1200.0,2.0,66.0,3.0
11868,Kothanur,1185.0,2.0,59.0,2.0
11869,Kadubeesanahalli,1140.0,2.0,78.0,2.0
11870,Ambedkar Nagar,1950.0,4.0,120.0,3.0
11871,Yelahanka,1756.0,3.0,125.0,3.0
11873,Chandapura,520.0,1.0,14.04,1.0
11874,other,1025.0,2.0,48.0,2.0
11875,Whitefield,1216.0,2.0,72.0,2.0
11876,Sarjapur  Road,1026.0,2.0,60.8,2.0
11877,Sarjapur  Road,3335.0,4.0,300.0,4.0
11878,Kodichikkanahalli,2700.0,4.0,125.0,5.0
11879,Begur,1411.0,2.0,60.0,3.0
11880,Kanakpura Road,1320.0,2.0,39.6,3.0
11881,Bannerghatta,1320.0,2.0,50.0,2.0
11883,Kalena Agrahara,1804.0,3.0,155.0,3.0
11884,HSR Layout,1140.0,2.0,46.0,2.0
11885,Banjara Layout,1200.0,4.0,105.0,4.0
11886,Hebbal,2375.0,4.0,189.0,4.0
11887,other,1750.0,3.0,120.0,3.0
11889,TC Palaya,1152.0,2.0,55.0,2.0
11890,Thanisandra,965.0,2.0,54.0,2.0
11891,Lingadheeranahalli,1684.0,3.0,120.0,3.0
11892,Hennur Road,1672.0,3.0,86.0,3.0
11893,Panathur,1075.0,2.0,60.0,2.0
11894,Sarjapur,1500.0,5.0,95.0,3.0
11895,other,1464.0,3.0,56.0,3.0
11896,Hebbal,1420.0,2.0,99.26,2.0
11897,other,750.0,2.0,40.0,2.0
11898,Yeshwanthpur,1169.0,2.0,64.08,2.0
11899,Devanahalli,1290.0,2.0,62.0,3.0
11900,Kengeri,1160.0,2.0,40.6,2.0
11901,Shampura,2800.0,5.0,95.0,7.0
11902,Mysore Road,1500.0,3.0,70.0,3.0
11903,Domlur,1850.0,3.0,180.0,3.0
11904,other,1300.0,3.0,46.0,3.0
11905,Electronic City Phase II,1310.0,2.0,37.84,3.0
11907,other,2150.0,3.0,170.0,3.0
11908,5th Block Hbr Layout,5100.0,5.0,300.0,6.0
11909,Kanakpura Road,1300.0,2.0,69.0,3.0
11910,Kadugodi,1875.0,2.0,110.0,3.0
11911,Hulimavu,1260.0,2.0,82.0,3.0
11912,Kengeri,2500.0,4.0,100.0,5.0
11913,Begur Road,1241.0,2.0,64.0,2.0
11914,Sarjapur  Road,1025.0,2.0,45.5,2.0
11916,Electronic City,1070.0,2.0,60.0,2.0
11917,Begur,815.0,2.0,40.0,2.0
11918,Kanakpura Road,2000.0,3.0,105.0,3.0
11920,Varthur,1740.0,4.0,175.0,4.0
11921,ITPL,5667.5,5.0,300.0,4.0
11922,Sarjapur  Road,1216.0,2.0,70.0,2.0
11923,other,2200.0,2.0,190.0,3.0
11927,Kanakpura Road,1200.0,2.0,62.0,2.0
11928,Marathahalli,1026.0,2.0,50.18,2.0
11929,Hulimavu,450.0,1.0,20.0,1.0
11930,KR Puram,1205.0,2.0,45.79,2.0
11931,other,1368.0,2.0,87.0,2.0
11932,Anekal,420.0,1.0,12.5,1.0
11933,Doddakallasandra,1270.0,2.0,42.0,2.0
11934,Anekal,614.0,1.0,28.0,2.0
11935,Margondanahalli,1050.0,2.0,58.0,2.0
11936,Yelahanka,1408.0,2.0,58.0,2.0
11937,Subramanyapura,1223.0,2.0,42.81,3.0
11938,other,1507.0,3.0,80.0,3.0
11939,other,1160.0,2.0,57.0,2.0
11940,other,1200.0,3.0,70.0,3.0
11941,Poorna Pragna Layout,960.0,2.0,50.0,2.0
11942,NGR Layout,1021.0,2.0,46.0,2.0
11943,Hegde Nagar,2162.03,4.0,129.0,3.0
11944,Channasandra,1065.0,2.0,36.0,2.0
11945,Attibele,400.0,1.0,10.25,1.0
11946,Bannerghatta Road,1465.0,2.0,75.0,3.0
11947,Kanakpura Road,900.0,2.0,41.0,2.0
11948,Marathahalli,1800.0,3.0,95.0,3.0
11949,other,1175.0,2.0,83.0,2.0
11952,Sanjay nagar,1050.0,2.0,59.0,2.0
11953,Electronic City Phase II,1400.0,2.0,40.43,3.0
11954,Indira Nagar,1650.0,3.0,150.0,3.0
11955,KR Puram,1827.0,3.0,97.0,3.0
11956,Thanisandra,1930.0,4.0,122.0,3.0
11957,Mysore Road,883.0,2.0,37.0,2.0
11958,Kengeri,550.0,1.0,16.75,1.0
11959,Electronic City,1400.0,2.0,40.44,3.0
11961,Kanakapura,1290.0,2.0,38.69,3.0
11962,Raja Rajeshwari Nagar,1021.0,3.0,59.0,3.0
11963,Whitefield,1158.0,2.0,55.0,2.0
11965,Nagarbhavi,1400.0,2.0,135.0,3.0
11966,Doddaballapur,2400.0,3.0,200.0,4.0
11967,Munnekollal,1200.0,2.0,57.9,3.0
11968,JP Nagar,1520.0,3.0,125.0,3.0
11969,Thanisandra,777.0,1.0,38.46,1.0
11970,EPIP Zone,2710.0,3.0,177.0,3.0
11971,Kenchenahalli,1150.0,2.0,57.0,2.0
11972,Yelahanka,1101.0,2.0,37.0,2.0
11973,Mahalakshmi Layout,1200.0,2.0,110.0,3.0
11974,Hebbal,1252.0,2.0,92.0,2.0
11975,Marathahalli,1650.0,3.0,85.0,3.0
11976,Marathahalli,1270.0,2.0,80.0,2.0
11977,Tumkur Road,992.0,2.0,70.0,2.0
11978,BEML Layout,2000.0,3.0,85.0,3.0
11979,other,893.0,2.0,34.5,2.0
11980,Bisuvanahalli,1075.0,2.0,41.49,3.0
11981,Kumaraswami Layout,3200.0,7.0,150.0,7.0
11982,Electronic City,1190.0,2.0,42.0,2.0
11984,Sarjapur  Road,1814.0,3.0,63.0,3.0
11985,other,1400.0,3.0,98.0,3.0
11987,Murugeshpalya,1344.0,2.0,56.0,3.0
11988,Whitefield,5400.0,5.0,475.0,4.0
11989,Kanakpura Road,1843.0,3.0,95.0,3.0
11990,other,1138.0,2.0,32.0,2.0
11991,other,1495.0,2.0,70.0,3.0
11992,Electronic City,880.0,2.0,19.0,2.0
11993,Whitefield,1396.0,3.0,74.0,3.0
11994,Garudachar Palya,1610.0,2.0,119.0,3.0
11995,Tindlu,1050.0,2.0,55.0,2.0
11996,other,1410.0,2.0,43.71,3.0
11997,Ramamurthy Nagar,1050.0,2.0,37.8,2.0
11998,Kumaraswami Layout,1310.0,2.0,85.0,3.0
11999,Yelahanka,1104.0,2.0,58.0,2.0
12000,Hennur Road,1165.0,2.0,67.0,2.0
12001,Kudlu,1027.0,2.0,44.0,2.0
12002,Hormavu,1310.0,2.0,60.0,2.0
12003,other,1052.0,2.0,52.0,2.0
12004,Singasandra,1464.0,3.0,56.0,3.0
12005,other,1000.0,2.0,45.0,2.0
12007,Electronic City,1150.0,2.0,38.08,2.0
12008,Thanisandra,2019.0,3.0,70.67,3.0
12009,Varthur,986.0,2.0,31.0,2.0
12012,Akshaya Nagar,1893.0,4.0,95.0,3.0
12013,Gollarapalya Hosahalli,1318.0,3.0,56.0,3.0
12014,Yelahanka,1325.0,2.0,58.0,3.0
12015,Kereguddadahalli,800.0,2.0,33.0,2.0
12016,other,1300.0,3.0,42.25,3.0
12017,other,1300.0,2.0,60.0,3.0
12018,Jalahalli East,1010.0,2.0,52.0,2.0
12019,Banashankari,1260.0,2.0,75.0,2.0
12020,Ulsoor,2500.0,4.0,170.0,4.0
12022,Bellandur,1665.0,3.0,85.0,3.0
12023,Subramanyapura,1800.0,3.0,80.0,3.0
12024,Harlur,1197.0,2.0,75.0,2.0
12025,other,1050.0,2.0,45.0,2.0
12027,Thanisandra,1241.0,2.0,68.0,3.0
12028,other,1567.0,2.0,62.0,3.0
12029,Kasavanhalli,1747.0,3.0,110.0,3.0
12030,Ramagondanahalli,1475.0,2.0,55.0,3.0
12033,Hennur Road,980.0,2.0,51.0,2.0
12034,Dasanapura,966.0,2.0,58.0,2.0
12035,other,2360.0,3.0,185.0,4.0
12036,Sarjapur  Road,1112.0,2.0,62.0,2.0
12038,other,1760.0,3.0,90.0,3.0
12039,Hennur,1830.0,2.0,113.0,3.0
12040,Yelahanka,1175.0,2.0,67.77,2.0
12041,Whitefield,1175.0,2.0,41.0,2.0
12042,Horamavu Banaswadi,1025.0,2.0,45.0,2.0
12043,Hennur Road,1232.0,2.0,80.0,2.0
12044,5th Phase JP Nagar,1010.0,2.0,57.0,2.0
12045,Sarjapur  Road,1273.0,2.0,60.0,2.0
12046,Battarahalli,1590.0,2.0,102.0,2.0
12047,other,1100.0,2.0,58.5,2.0
12048,Electronic City Phase II,1252.0,2.0,65.0,3.0
12049,1st Phase JP Nagar,2615.0,5.0,222.0,4.0
12051,Yelahanka,1322.0,2.0,77.9,2.0
12052,7th Phase JP Nagar,1000.0,1.0,60.0,1.0
12053,Harlur,1755.0,3.0,117.0,3.0
12054,Electronic City Phase II,1135.0,2.0,46.0,2.0
12056,Electronic City,1200.0,4.0,125.0,4.0
12057,Nagavarapalya,1260.0,2.0,85.5,2.0
12061,Kanakpura Road,1100.0,2.0,53.0,3.0
12062,Electronic City Phase II,1305.0,3.0,65.0,3.0
12063,other,1236.0,2.0,50.0,2.0
12064,Uttarahalli,1125.0,1.0,45.0,2.0
12065,KR Puram,1075.0,2.0,32.25,2.0
12066,BEML Layout,2000.0,3.0,85.0,3.0
12068,Thanisandra,2999.97,6.0,110.0,6.0
12069,Kadugodi,1150.0,2.0,42.0,2.0
12071,Hennur Road,1085.0,2.0,43.4,2.0
12072,Hebbal Kempapura,1785.0,3.0,165.0,3.0
12074,Thanisandra,1930.0,4.0,120.0,3.0
12076,other,800.0,1.0,45.0,2.0
12077,Kumaraswami Layout,2450.0,3.0,110.0,4.0
12078,other,1200.0,4.0,120.0,4.0
12079,Bannerghatta Road,1920.0,3.0,122.0,3.0
12080,Kothannur,1085.0,2.0,34.2,2.0
12081,Thanisandra,760.0,1.0,50.4,1.0
12082,Sahakara Nagar,1201.0,2.0,80.0,2.0
12083,Electronic City,1615.0,3.0,97.0,3.0
12084,HSR Layout,1289.0,2.0,70.0,2.0
12085,Budigere,1991.0,4.0,100.0,3.0
12086,Kasavanhalli,1377.0,2.0,80.0,2.0
12090,Thanisandra,663.0,1.0,32.82,1.0
12091,Electronic City,1165.0,2.0,33.65,2.0
12092,Talaghattapura,3554.0,4.0,340.0,3.0
12093,Thanisandra,1260.0,2.0,45.5,2.0
12094,other,1095.0,2.0,39.0,2.0
12095,other,1050.0,2.0,65.0,2.0
12096,Seegehalli,1176.0,2.0,50.0,2.0
12097,Thanisandra,1801.0,3.0,115.0,3.0
12098,Whitefield,1315.0,2.0,55.0,2.0
12099,Parappana Agrahara,1194.0,2.0,46.0,2.0
12100,NRI Layout,2400.0,2.0,125.0,2.0
12101,Uttarahalli,1308.0,2.0,53.0,3.0
12103,Thanisandra,1806.0,6.0,116.0,3.0
12104,Thanisandra,3671.0,4.0,220.0,4.0
12105,Hoodi,2144.0,3.0,140.0,3.0
12106,Hoskote,1065.0,2.0,33.75,2.0
12107,Balagere,1205.0,2.0,67.0,2.0
12108,Uttarahalli,1160.0,2.0,40.58,2.0
12110,Parappana Agrahara,1194.0,2.0,47.0,2.0
12111,other,1200.0,3.0,56.53,3.0
12112,2nd Phase Judicial Layout,1681.0,3.0,69.0,3.0
12113,Bommasandra Industrial Area,1130.0,2.0,32.64,2.0
12114,Iblur Village,3633.0,5.0,335.0,4.0
12115,Kanakpura Road,1843.0,3.0,90.0,3.0
12116,Bommasandra Industrial Area,1065.0,2.0,30.75,2.0
12117,Thubarahalli,1885.0,3.0,85.52,3.0
12118,R.T. Nagar,1500.0,2.0,45.0,2.0
12119,Panathur,1210.0,2.0,69.0,2.0
12120,TC Palaya,1126.0,2.0,39.4,2.0
12121,Rayasandra,1357.0,2.0,59.0,3.0
12122,Whitefield,1451.0,2.0,46.4,3.0
12124,Hennur Road,950.0,2.0,55.0,2.0
12125,Bellandur,960.0,2.0,48.0,2.0
12126,other,1625.0,3.0,92.0,3.0
12127,Kaggalipura,2200.0,4.0,150.0,3.0
12128,Ambalipura,1607.0,2.0,112.0,3.0
12129,Kanakpura Road,900.0,2.0,46.29,2.0
12130,other,1080.0,2.0,38.0,2.0
12132,Hosa Road,1708.0,3.0,64.05,4.0
12133,Yeshwanthpur,2500.0,5.0,185.0,6.0
12134,Bellandur,1690.0,2.0,116.0,3.0
12135,other,2100.0,3.0,145.0,5.0
12136,other,1269.0,2.0,97.0,2.0
12137,Haralur Road,1243.0,2.0,46.0,2.0
12138,Haralur Road,1890.0,3.0,84.0,3.0
12139,Electronic City Phase II,1165.0,2.0,33.64,2.0
12140,BTM Layout,1196.0,2.0,56.81,2.0
12141,Parappana Agrahara,1194.0,2.0,47.0,2.0
12142,Old Madras Road,1630.0,3.0,110.0,3.0
12143,Whitefield,1063.0,2.0,42.52,2.0
12144,other,1025.0,2.0,39.98,2.0
12145,Chikkabanavar,1067.0,2.0,38.0,2.0
12146,Kanakpura Road,1299.0,2.0,89.63,2.0
12147,Panathur,1343.0,2.0,76.0,2.0
12148,Electronics City Phase 1,1330.0,2.0,44.0,3.0
12149,Mallasandra,1524.0,2.0,72.0,3.0
12150,Lingadheeranahalli,2236.0,4.0,153.0,4.0
12151,Domlur,2955.0,3.0,235.0,3.0
12152,other,1410.0,2.0,45.12,3.0
12153,Kothanur,1581.0,3.0,76.0,3.0
12154,Balagere,1205.0,2.0,79.0,2.0
12155,Thyagaraja Nagar,1270.0,2.0,95.25,3.0
12156,other,1353.0,2.0,110.0,3.0
12157,other,1200.0,2.0,68.0,2.0
12158,other,1250.0,2.0,70.0,3.0
12160,Sarjapur  Road,1157.0,2.0,69.0,3.0
12161,Kanakapura,825.0,1.0,35.475,1.0
12162,Sarjapur  Road,1000.0,2.0,40.0,2.0
12163,Yelahanka,602.0,1.0,33.0,1.0
12165,Hoodi,1108.0,2.0,66.46,2.0
12166,Thyagaraja Nagar,1040.0,2.0,68.0,2.0
12167,Sarjapur,1451.0,2.0,87.0,2.0
12168,Raja Rajeshwari Nagar,1196.0,2.0,40.54,2.0
12169,Kanakpura Road,850.0,1.0,37.32,1.0
12171,other,900.0,2.0,40.0,2.0
12172,Kudlu,720.0,1.0,33.0,1.0
12173,Thanisandra,1573.0,3.0,115.0,3.0
12174,Sarjapur  Road,1026.0,2.0,60.8,2.0
12175,CV Raman Nagar,1400.0,2.0,78.0,3.0
12176,Electronic City Phase II,1400.0,2.0,40.44,3.0
12177,Banashankari Stage III,2100.0,3.0,147.0,4.0
12178,Sarjapur  Road,1150.0,2.0,48.5,2.0
12179,Raja Rajeshwari Nagar,1500.0,3.0,88.0,3.0
12182,Kothanur,1790.0,3.0,105.0,3.0
12183,Ramagondanahalli,1125.0,2.0,75.0,2.0
12184,Hennur,1830.5,3.0,84.205,3.0
12185,Marathahalli,1100.0,2.0,50.0,2.0
12187,Banaswadi,1105.0,2.0,57.0,2.0
12188,Thanisandra,1110.0,2.0,46.5,2.0
12189,Dasanapura,708.0,1.0,41.0,1.0
12190,Kudlu,1027.0,2.0,44.0,2.0
12191,other,1600.0,3.0,100.0,3.0
12192,Thigalarapalya,3122.0,6.0,250.0,4.0
12193,Sarjapur  Road,1205.0,2.0,37.0,2.0
12194,5th Phase JP Nagar,1450.0,2.0,73.0,3.0
12196,other,540.0,1.0,22.0,1.0
12197,Dasarahalli,1200.0,2.0,42.0,2.0
12199,Kalena Agrahara,1837.0,2.0,95.0,3.0
12200,Whitefield,1346.0,2.0,76.01,2.0
12201,Balagere,1012.0,2.0,68.0,2.0
12202,other,1950.2,3.0,193.0,3.0
12203,other,1125.0,2.0,55.0,2.0
12204,Kaggadasapura,1500.0,2.0,60.0,3.0
12205,Harlur,1197.0,2.0,79.9,2.0
12206,Chandapura,1230.0,2.0,31.37,3.0
12207,BTM 2nd Stage,1100.0,2.0,47.0,2.0
12208,other,1563.0,2.0,52.0,3.0
12210,Hebbal Kempapura,3729.0,4.0,384.0,4.0
12211,Sarjapur  Road,1600.0,3.0,120.0,3.0
12212,Green Glen Layout,1715.0,3.0,120.0,3.0
12213,Bannerghatta Road,2400.0,4.0,180.0,4.0
12214,Ramagondanahalli,1151.0,2.0,42.5,2.0
12216,Uttarahalli,1123.0,2.0,60.0,2.0
12217,Whitefield,1276.0,2.0,69.5,2.0
12218,Yelahanka,1315.0,2.0,77.0,2.0
12219,Poorna Pragna Layout,1270.0,2.0,50.79,3.0
12220,R.T. Nagar,1325.0,2.0,52.0,2.0
12221,Varthur,1600.0,3.0,63.2,3.0
12222,Jakkur,1660.0,3.0,104.0,3.0
12223,Kodichikkanahalli,1299.0,2.0,58.0,2.0
12225,Gunjur,1457.0,2.0,60.0,2.0
12226,Varthur,1000.0,1.0,65.0,2.0
12227,Mallasandra,1100.0,2.0,76.3,3.0
12228,Yelahanka,1075.0,2.0,33.53,3.0
12229,Kanakpura Road,1450.0,3.0,51.0,3.0
12230,Iblur Village,5515.0,6.0,425.0,5.0
12231,Bellandur,950.0,1.0,40.0,1.0
12233,other,1013.0,2.0,60.0,2.0
12234,Hennur Road,1140.0,2.0,56.0,2.0
12236,Yelahanka,1430.0,3.0,61.0,3.0
12238,other,1600.0,3.0,77.0,3.0
12239,other,1190.0,2.0,48.0,2.0
12240,other,1625.0,3.0,95.0,3.0
12241,other,1210.0,2.0,53.0,2.0
12242,Lakshminarayana Pura,1615.0,3.0,150.0,3.0
12243,Kalena Agrahara,1180.0,2.0,85.0,2.0
12244,Nagasandra,1500.0,2.0,91.0,2.0
12245,Bellandur,850.0,2.0,45.0,2.0
12246,Kothanur,1130.0,2.0,55.0,2.0
12247,CV Raman Nagar,907.0,2.0,38.0,2.0
12248,HRBR Layout,1300.0,2.0,90.0,2.0
12249,Hennur Road,1891.0,3.0,110.0,3.0
12250,Hennur Road,1735.0,3.0,78.0,3.0
12251,Bisuvanahalli,1075.0,2.0,33.0,3.0
12254,Uttarahalli,1590.0,3.0,57.0,3.0
12255,other,1600.0,5.0,140.0,5.0
12256,other,1160.0,2.0,55.0,2.0
12257,other,930.0,1.0,55.0,2.0
12258,Devanahalli,1010.0,2.0,58.0,2.0
12259,Electronic City,1221.0,2.0,68.0,2.0
12261,Hoodi,1108.0,2.0,87.48,2.0
12263,Sarjapur  Road,1370.0,2.0,70.0,2.0
12264,Banashankari Stage V,920.0,2.0,41.5,2.0
12265,Bhoganhalli,1277.0,2.0,79.89,2.0
12266,Horamavu Agara,1213.0,2.0,38.1,2.0
12267,Singasandra,1653.0,3.0,85.0,3.0
12268,Sarjapur,2400.0,3.0,140.0,4.0
12271,Electronics City Phase 1,1321.0,2.0,40.0,3.0
12272,Kanakpura Road,1570.0,3.0,68.0,3.0
12274,other,1053.0,2.0,44.0,2.0
12275,other,1325.0,2.0,56.0,3.0
12276,other,1169.0,2.0,50.11,2.0
12277,Badavala Nagar,1274.0,2.0,90.0,2.0
12278,Whitefield,1317.0,2.0,52.0,2.0
12279,Lakshminarayana Pura,1195.0,2.0,75.0,2.0
12280,Whitefield,2858.0,4.0,137.0,4.0
12281,Kammasandra,940.0,2.0,35.0,2.0
12282,Budigere,1820.0,3.0,95.5,3.0
12283,Kanakpura Road,1450.0,3.0,53.6,3.0
12284,Whitefield,1615.0,3.0,96.9,3.0
12285,Nagarbhavi,2200.0,2.0,99.0,3.0
12286,Subramanyapura,985.0,2.0,62.5,2.0
12287,Electronics City Phase 1,1116.0,2.0,33.0,2.0
12288,Attibele,656.0,2.0,25.0,2.0
12289,Kaggadasapura,1105.0,2.0,39.5,2.0
12290,Whitefield,1220.0,2.0,55.0,2.0
12291,Hoodi,1400.0,3.0,74.0,3.0
12292,other,2400.0,3.0,185.0,4.0
12294,Uttarahalli,1000.0,2.0,35.0,2.0
12295,Bannerghatta Road,1660.0,3.0,80.0,3.0
12296,Uttarahalli,1330.0,2.0,57.0,3.0
12297,Old Madras Road,1165.0,2.0,52.0,2.0
12298,Budigere,1153.0,2.0,56.0,2.0
12299,Bannerghatta Road,1270.0,2.0,45.0,2.0
12300,other,1070.0,2.0,38.0,2.0
12301,other,1427.0,2.0,85.0,3.0
12302,Banashankari Stage III,1420.0,2.0,95.0,3.0
12303,Kothanur,1600.0,5.0,130.0,4.0
12305,Bellandur,1454.0,2.0,90.0,2.0
12306,Whitefield,1116.0,2.0,48.76,2.0
12307,other,2000.0,3.0,180.0,4.0
12308,Sarjapur  Road,1346.0,2.0,74.03,2.0
12309,other,1062.0,2.0,50.0,2.0
12310,other,700.0,1.0,25.5,1.0
12311,JP Nagar,1405.0,2.0,99.0,2.0
12312,Doddathoguru,1100.0,2.0,50.0,2.0
12313,Chikka Tirupathi,2153.0,4.0,120.0,3.0
12314,other,1200.0,3.0,120.0,3.0
12315,Ulsoor,2135.0,3.0,170.0,3.0
12316,Uttarahalli,1125.0,2.0,47.0,2.0
12317,2nd Phase Judicial Layout,1350.0,2.0,47.25,3.0
12318,Pai Layout,1068.0,2.0,48.0,2.0
12319,Doddathoguru,940.0,2.0,32.9,2.0
12320,Hosa Road,1063.0,2.0,32.79,2.0
12321,Brookefield,1382.0,2.0,84.5,2.0
12322,Harlur,936.0,2.0,45.0,2.0
12323,KR Puram,1400.0,2.0,60.0,3.0
12324,Sarjapur  Road,475.0,1.0,26.0,1.0
12326,other,1450.0,3.0,65.0,3.0
12327,Kudlu,1162.0,2.0,52.0,2.0
12328,Hosa Road,1161.0,2.0,48.75,2.0
12329,Green Glen Layout,1623.29,2.0,105.0,3.0
12330,Brookefield,1260.0,2.0,70.0,2.0
12332,Seegehalli,3000.0,4.0,240.0,3.0
12333,Murugeshpalya,1500.0,2.0,70.0,3.0
12334,Budigere,705.0,1.0,34.545,1.0
12336,other,2000.0,3.0,200.0,3.0
12339,Nagarbhavi,1100.0,2.0,46.2,2.0
12340,Whitefield,1400.0,2.0,56.0,3.0
12341,Ramagondanahalli,2257.0,3.0,155.0,3.0
12342,Budigere,1153.0,2.0,56.5,2.0
12343,Sarjapur  Road,1197.0,2.0,56.86,2.0
12344,other,1150.0,2.0,90.0,2.0
12345,other,595.0,1.0,40.0,1.0
12346,Hoodi,1837.0,3.0,110.0,3.0
12347,other,3750.0,4.0,190.0,4.0
12348,Bellandur,1830.0,3.0,91.86,3.0
12349,Green Glen Layout,1715.0,3.0,115.0,3.0
12350,Electronic City,970.0,2.0,35.0,2.0
12352,NRI Layout,2700.0,5.0,95.75,4.0
12353,other,5480.0,4.0,400.0,3.0
12354,Vidyaranyapura,2400.0,5.0,135.0,4.0
12355,Sarjapur  Road,3040.0,4.0,135.0,4.0
12356,Raja Rajeshwari Nagar,1168.0,2.0,66.0,2.0
12357,Begur Road,1160.0,2.0,36.54,2.0
12358,other,1500.0,3.0,75.0,3.0
12361,ITPL,850.0,2.0,25.4,2.0
12362,Ramamurthy Nagar,935.0,2.0,39.0,2.0
12364,Doddaballapur,654.0,1.0,49.0,1.0
12366,other,5656.0,5.0,499.0,3.0
12367,other,1300.0,2.0,33.0,2.0
12368,Kaggalipura,950.0,2.0,60.0,2.0
12369,other,1250.0,3.0,54.0,3.0
12370,Doddakallasandra,1072.0,2.0,42.87,2.0
12371,other,1425.0,2.0,65.0,3.0
12372,Uttarahalli,1165.0,1.0,42.09,2.0
12373,Kathriguppe,1390.0,2.0,69.49,3.0
12374,Kalena Agrahara,1510.0,3.0,78.0,3.0
12375,Thanisandra,1305.0,2.0,90.0,2.0
12377,Kodigehaali,866.0,2.0,32.0,2.0
12378,Hulimavu,1231.0,2.0,84.5,2.0
12379,Sompura,1360.0,2.0,45.0,3.0
12380,Yeshwanthpur,2500.0,3.0,138.0,3.0
12381,Whitefield,1140.0,2.0,55.0,2.0
12382,Kanakpura Road,525.0,1.0,30.0,1.0
12383,Whitefield,1295.0,2.0,64.5,2.0
12384,Hormavu,1020.0,2.0,45.75,2.0
12385,Old Airport Road,3504.0,4.0,262.0,4.0
12386,other,1200.0,1.0,50.0,2.0
12387,Vidyaranyapura,1100.0,2.0,41.0,2.0
12388,Bannerghatta Road,4723.0,4.0,500.0,4.0
12389,Kothannur,820.0,2.0,37.0,2.0
12391,other,3700.0,4.0,400.0,4.0
12392,Kalena Agrahara,1354.0,2.0,70.0,2.0
12393,Basavangudi,2453.0,3.0,250.0,4.0
12394,Garudachar Palya,1154.0,2.0,51.8,2.0
12395,7th Phase JP Nagar,1680.0,2.0,92.0,3.0
12396,Electronics City Phase 1,1205.0,2.0,60.0,2.0
12397,Raja Rajeshwari Nagar,1400.0,2.0,86.0,3.0
12398,other,1625.0,3.0,150.0,3.0
12399,Electronic City,1500.0,3.0,73.0,3.0
12400,Bannerghatta Road,1520.0,2.0,80.0,3.0
12401,other,1300.0,3.0,65.0,2.0
12402,other,1150.0,2.0,47.0,2.0
12403,Kadugodi,1762.0,3.0,109.0,3.0
12404,Budigere,1153.0,2.0,58.0,2.0
12405,Yelahanka,2650.0,4.0,223.0,4.0
12406,Sompura,1350.0,2.0,47.0,3.0
12407,Billekahalli,950.0,2.0,56.0,2.0
12408,Jakkur,3295.0,3.0,310.0,3.0
12409,other,1515.0,3.0,80.5,3.0
12410,Neeladri Nagar,1100.0,2.0,30.0,2.0
12411,other,1250.0,2.0,65.0,2.0
12413,5th Phase JP Nagar,2500.0,8.0,95.0,7.0
12414,Hoskote,1200.0,4.0,100.0,4.0
12415,Yelahanka,1355.0,2.0,51.5,3.0
12416,other,1115.0,3.0,39.14,3.0
12417,8th Phase JP Nagar,1275.0,3.0,45.0,3.0
12418,Padmanabhanagar,2051.0,3.0,170.0,3.0
12419,BTM Layout,1470.0,2.0,99.0,3.0
12420,other,1550.0,2.0,70.0,3.0
12421,Bannerghatta Road,1270.0,2.0,73.0,3.0
12422,Bhoganhalli,2119.0,4.0,111.0,4.0
12424,Kudlu Gate,1320.0,2.0,50.0,3.0
12425,other,2505.0,3.0,165.0,3.0
12426,other,1410.0,2.0,54.0,3.0
12427,Whitefield,1200.0,2.0,70.0,2.0
12428,other,1705.0,2.0,86.96,3.0
12429,Electronic City,995.0,2.0,48.0,2.0
12430,Horamavu Banaswadi,1081.0,2.0,52.0,2.0
12431,Parappana Agrahara,1194.0,2.0,46.0,2.0
12432,Sonnenahalli,605.0,1.0,30.24,1.0
12433,Yelahanka,567.0,1.0,25.0,1.0
12435,Banashankari Stage VI,1410.5,2.0,70.385,3.0
12437,Green Glen Layout,1715.0,3.0,105.0,3.0
12438,Doddaballapur,3206.0,5.0,270.0,4.0
12440,Bannerghatta Road,1846.0,3.0,120.0,3.0
12442,Whitefield,1015.0,2.0,56.0,2.0
12444,Thanisandra,1100.0,2.0,36.0,2.0
12445,Thanisandra,1965.0,4.0,125.0,3.0
12446,NGR Layout,1021.0,2.0,45.9,2.0
12447,Haralur Road,1230.0,2.0,67.65,2.0
12448,Uttarahalli,1260.0,2.0,55.0,2.0
12450,Lingadheeranahalli,1894.0,4.0,114.0,3.0
12452,Jakkur,1950.0,3.0,131.0,3.0
12453,Sector 2 HSR Layout,1231.0,2.0,66.0,2.0
12454,Mahadevpura,1236.0,2.0,58.0,2.0
12455,R.T. Nagar,1800.0,3.0,120.0,4.0
12456,other,1650.0,3.0,135.0,3.0
12458,Begur,1443.0,2.0,70.0,3.0
12460,other,925.0,2.0,68.0,2.0
12461,Chandapura,1305.0,3.0,33.28,3.0
12462,other,1190.0,2.0,46.41,2.0
12463,Uttarahalli,1284.0,2.0,53.36,2.0
12466,Chikkalasandra,1325.0,2.0,59.0,2.0
12468,Kudlu Gate,1183.0,2.0,79.54,2.0
12469,other,1750.0,3.0,100.0,3.0
12471,other,747.0,1.0,27.0,1.0
12472,Electronic City,1342.0,2.0,90.0,2.0
12473,other,1113.0,2.0,52.0,2.0
12474,other,1738.0,3.0,110.0,3.0
12475,Brookefield,1206.0,2.0,90.0,2.0
12476,Hebbal,2790.0,4.0,198.0,4.0
12477,Hebbal,1162.0,2.0,59.0,2.0
12478,Parappana Agrahara,1194.0,2.0,46.0,2.0
12479,Sarjapur  Road,1857.0,4.0,155.0,3.0
12480,other,3500.0,6.0,115.0,6.0
12482,Uttarahalli,1150.0,2.0,45.99,2.0
12484,Chikkalasandra,1290.0,2.0,72.0,2.0
12485,Thubarahalli,3408.0,5.0,145.0,4.0
12487,Sanjay nagar,1150.0,2.0,70.0,2.0
12489,Yeshwanthpur,1160.0,2.0,64.08,2.0
12490,other,900.0,2.0,27.0,2.0
12491,Sarjapur  Road,1750.0,3.0,185.0,4.0
12492,Electronic City,1320.0,2.0,38.12,3.0
12493,Lingadheeranahalli,2240.0,4.0,160.0,4.0
12494,Electronics City Phase 1,891.0,2.0,26.0,2.0
12496,Ambedkar Nagar,1852.0,3.0,125.0,3.0
12497,Chandapura,1323.0,2.0,42.0,3.0
12498,Vittasandra,1404.0,2.0,67.5,2.0
12499,Dodda Nekkundi,1370.0,2.0,60.0,2.0
12500,Uttarahalli,1385.0,2.0,48.48,3.0
12501,Gollarapalya Hosahalli,1129.0,2.0,50.0,2.0
12502,Mahalakshmi Layout,1876.0,3.0,150.0,3.0
12503,other,1720.0,3.0,95.0,3.0
12504,Jalahalli East,1200.0,4.0,80.0,4.0
12505,Mysore Road,1175.0,2.0,86.68,2.0
12509,Hosa Road,1893.0,3.0,130.0,3.0
12510,Whitefield,1430.0,3.0,52.0,3.0
12511,other,850.0,2.0,45.0,2.0
12512,CV Raman Nagar,1392.0,2.0,110.0,2.0
12513,Kanakpura Road,1938.0,3.0,105.0,3.0
12514,other,1020.0,2.0,52.0,2.0
12516,HBR Layout,1832.0,3.0,160.0,3.0
12517,Konanakunte,1423.0,2.0,85.0,3.0
12518,Jakkur,1432.0,2.0,85.0,2.0
12521,CV Raman Nagar,1480.0,3.0,65.0,3.0
12522,Kanakpura Road,1843.0,3.0,96.2,3.0
12524,Hulimavu,1916.0,2.0,150.0,3.0
12525,Hennur,1255.0,2.0,55.5,2.0
12526,Yelenahalli,1160.0,2.0,44.08,2.0
12527,Old Madras Road,2640.0,2.0,170.0,2.0
12528,Bommanahalli,1160.0,2.0,53.0,2.0
12529,Lakshminarayana Pura,1200.0,2.0,80.0,2.0
12530,7th Phase JP Nagar,1100.0,2.0,44.0,2.0
12531,Ramagondanahalli,1500.0,3.0,100.0,3.0
12532,Electronic City Phase II,1336.0,2.0,50.35,3.0
12533,Choodasandra,1065.0,2.0,46.0,2.0
12535,Rachenahalli,1550.0,3.0,68.5,3.0
12536,Whitefield,1216.0,2.0,75.0,2.0
12537,other,1005.0,2.0,40.0,2.0
12538,7th Phase JP Nagar,1430.0,2.0,102.0,3.0
12540,Hoodi,1660.0,3.0,125.0,3.0
12541,Thanisandra,1430.0,2.0,56.0,3.0
12542,Hennur Road,1470.0,2.0,75.0,3.0
12543,Jalahalli,1045.0,2.0,76.77,2.0
12544,Hebbal,4225.0,6.0,359.0,4.0
12545,Anjanapura,950.0,2.0,30.0,2.0
12546,Doddathoguru,1382.0,3.0,65.0,3.0
12547,BTM 2nd Stage,930.0,2.0,46.0,2.0
12548,Sarjapur  Road,1660.0,2.0,116.0,3.0
12549,other,1290.0,2.0,71.95,2.0
12550,Whitefield,1010.0,2.0,45.0,3.0
12551,Brookefield,3050.0,4.0,130.0,4.0
12552,Dodda Nekkundi,1200.0,2.0,71.0,2.0
12553,other,1650.0,3.0,140.0,3.0
12554,Budigere,1636.0,3.0,88.0,3.0
12556,Budigere,1153.0,2.0,56.55,2.0
12557,Hegde Nagar,2087.01,4.0,160.0,3.0
12558,LB Shastri Nagar,1200.0,2.0,47.0,2.0
12559,HSR Layout,1844.0,3.0,89.0,3.0
12561,Begur Road,1215.0,2.0,43.75,2.0
12562,Sarjapur  Road,1194.0,2.0,57.0,2.0
12563,other,1220.0,2.0,52.0,2.0
12564,other,3150.0,4.0,150.0,4.0
12565,Kanakpura Road,525.0,1.0,26.0,1.0
12566,Bommasandra,955.0,2.0,37.97,2.0
12567,other,2000.0,5.0,75.0,5.0
12568,Magadi Road,884.0,2.0,48.0,2.0
12569,Kathriguppe,1250.0,2.0,68.75,2.0
12570,Bommasandra Industrial Area,7000.0,2.0,135.0,2.0
12572,Harlur,2990.0,4.0,225.0,4.0
12573,Bellandur,1195.0,2.0,52.0,2.0
12574,other,2559.0,1.0,55.0,1.0
12575,Begur,1200.0,2.0,33.0,2.0
12576,Sarjapur  Road,984.0,2.0,45.75,2.0
12577,Bommasandra,1089.0,2.0,40.0,2.0
12578,Hennur Road,1165.0,2.0,52.0,2.0
12579,Chandapura,410.0,1.0,10.0,1.0
12580,Hennur,1482.0,3.0,110.0,3.0
12581,Ramamurthy Nagar,1200.0,2.0,68.0,2.0
12582,Kanakapura,1938.0,3.0,113.0,3.0
12583,Hormavu,1166.0,2.0,34.97,3.0
12584,Chikkalasandra,1275.0,2.0,55.46,3.0
12585,Mico Layout,1140.0,2.0,43.0,2.0
12587,other,720.0,1.0,28.0,1.0
12589,other,1100.0,2.0,90.0,2.0
12591,Ramamurthy Nagar,540.0,1.0,35.0,1.0
12592,Rachenahalli,1550.0,2.0,73.5,3.0
12595,other,1220.0,2.0,60.0,2.0
12596,Doddathoguru,964.0,2.0,62.0,2.0
12597,other,1500.0,3.0,50.0,3.0
12598,Sarjapur  Road,1347.0,2.0,44.0,3.0
12599,other,5000.0,5.0,250.0,4.0
12600,Bannerghatta Road,3000.0,4.0,140.0,4.0
12601,Bannerghatta,1120.0,2.0,42.5,2.0
12602,other,600.0,1.0,22.8,1.0
12603,Whitefield,2321.0,4.0,157.0,3.0
12604,other,540.0,1.0,24.0,1.0
12605,Hebbal,1150.0,2.0,57.0,2.0
12606,Sonnenahalli,1484.0,3.0,75.0,3.0
12607,Ramagondanahalli,1680.0,2.0,68.0,3.0
12608,other,620.0,2.0,23.0,2.0
12609,other,1650.0,3.0,78.0,3.0
12610,other,1250.0,3.0,44.0,3.0
12611,other,2072.0,3.0,108.0,3.0
12612,Sarjapur  Road,1105.0,2.0,40.0,2.0
12613,Vidyaranyapura,1200.0,2.0,60.5,2.0
12614,Kumaraswami Layout,3100.0,7.0,145.0,7.0
12617,Banashankari,1340.0,2.0,53.6,3.0
12619,Haralur Road,1194.0,2.0,46.0,2.0
12620,Vittasandra,1246.0,2.0,65.0,2.0
12621,Old Airport Road,1055.0,2.0,75.0,2.0
12622,Hosa Road,1541.0,3.0,69.61,3.0
12623,Harlur,1370.0,2.0,88.0,2.0
12624,Whitefield,1224.0,2.0,75.0,2.0
12626,Kambipura,883.0,2.0,39.0,2.0
12627,Yeshwanthpur,1676.0,3.0,92.13,3.0
12628,other,1154.0,2.0,57.0,2.0
12629,Kanakpura Road,1610.0,3.0,78.5,3.0
12630,other,1057.0,2.0,42.0,2.0
12631,Raja Rajeshwari Nagar,1157.0,2.0,65.0,2.0
12632,other,1200.0,4.0,85.0,4.0
12634,other,980.0,2.0,35.0,2.0
12635,Sarjapur  Road,1140.0,2.0,40.0,2.0
12636,Raja Rajeshwari Nagar,1206.0,2.0,40.7,2.0
12637,Electronic City Phase II,575.0,1.0,16.75,1.0
12640,Horamavu Agara,1300.0,2.0,52.0,3.0
12641,other,1270.0,2.0,35.56,3.0
12642,Electronic City,1128.0,2.0,63.5,2.0
12643,Electronics City Phase 1,640.0,1.0,45.0,1.0
12644,other,2400.0,3.0,185.0,3.0
12645,TC Palaya,1200.0,2.0,66.0,3.0
12646,Kanakapura,1090.0,2.0,38.15,2.0
12647,Electronic City,589.0,1.0,29.0,1.0
12648,Electronic City,1125.0,2.0,28.13,2.0
12649,Kogilu,1140.0,2.0,50.66,2.0
12651,Kundalahalli,1315.0,2.0,74.0,2.0
12653,Bellandur,1435.0,2.0,115.0,3.0
12654,Haralur Road,1092.0,2.0,44.0,2.0
12655,Kadugodi,1314.0,2.0,80.0,2.0
12656,Koramangala,1260.0,2.0,100.0,2.0
12658,Nagarbhavi,1080.0,2.0,49.0,2.0
12659,Nagasandra,4000.0,8.0,160.0,8.0
12660,Mysore Road,1082.0,2.0,45.0,3.0
12661,Jakkur,1150.0,3.0,65.0,3.0
12662,Hennur Road,1052.0,2.0,34.72,2.0
12663,Yelahanka,1045.0,2.0,45.0,2.0
12664,Kodigehaali,1442.0,3.0,80.0,3.0
12665,Kaggadasapura,1500.0,2.0,75.0,3.0
12667,Hennur,1255.0,2.0,53.57,2.0
12668,other,1432.0,3.0,79.0,3.0
12669,Kundalahalli,2100.0,3.0,150.0,3.0
12670,Hennur Road,1450.0,2.0,80.0,2.0
12671,Sarjapur  Road,1346.0,2.0,69.61,2.0
12672,Kumaraswami Layout,1200.0,2.0,29.0,2.0
12673,Electronic City Phase II,925.0,2.0,49.82,3.0
12674,Dasarahalli,1160.0,2.0,49.0,2.0
12675,Lingadheeranahalli,1768.0,3.0,81.31,3.0
12676,Kothanur,1094.0,2.0,54.0,2.0
12677,other,1500.0,3.0,90.0,3.0
12678,Gubbalala,1745.0,3.0,130.0,3.0
12679,Bommanahalli,2875.0,7.0,85.0,7.0
12681,Sonnenahalli,1550.0,3.0,50.0,3.0
12682,Rajiv Nagar,2340.0,5.0,160.0,4.0
12683,Whitefield,1655.0,3.0,113.0,3.0
12684,Battarahalli,2024.0,3.0,103.0,3.0
12686,Jalahalli,1575.0,4.0,100.0,3.0
12687,Iblur Village,1920.0,3.0,130.0,3.0
12689,Kambipura,1082.0,2.0,55.0,3.0
12690,BTM 2nd Stage,1265.0,2.0,55.0,3.0
12691,other,1100.0,2.0,45.0,3.0
12692,Margondanahalli,1160.0,2.0,65.0,2.0
12693,Vittasandra,1246.0,2.0,67.4,2.0
12694,Hosa Road,615.0,1.0,43.08,1.0
12695,7th Phase JP Nagar,1128.0,2.0,60.0,2.0
12696,other,1260.0,2.0,55.0,2.0
12697,Bellandur,1830.0,3.0,89.89,3.0
12698,Sarjapur,1525.0,2.0,68.0,3.0
12699,Yelahanka,602.0,2.0,30.0,1.0
12701,Hegde Nagar,1835.0,3.0,89.0,3.0
12702,Kanakpura Road,1250.0,3.0,62.6,3.0
12703,other,1200.0,4.0,110.0,4.0
12704,Murugeshpalya,1855.0,3.0,96.0,3.0
12705,Kanakpura Road,1450.0,3.0,60.91,3.0
12706,Sarjapur  Road,2089.0,3.0,148.0,3.0
12707,Haralur Road,1464.0,3.0,56.0,3.0
12708,Banashankari Stage VI,4800.0,3.0,200.0,4.0
12709,Begur Road,1200.0,2.0,44.73,2.0
12710,Sarjapur,1095.0,2.0,45.0,2.0
12713,Kothanur,1170.0,3.0,80.0,3.0
12714,6th Phase JP Nagar,1280.0,2.0,88.0,2.0
12716,Thanisandra,1694.0,3.0,125.0,3.0
12717,Electronic City,825.0,2.0,30.0,2.0
12718,Sarjapur  Road,1612.0,3.0,98.38,3.0
12719,Chandapura,985.0,2.0,25.12,2.0
12720,Murugeshpalya,1175.0,2.0,75.0,2.0
12721,other,600.0,1.0,24.0,1.0
12722,Whitefield,1740.0,3.0,85.0,3.0
12723,other,1770.0,3.0,99.0,3.0
12725,Horamavu Agara,1090.0,2.0,46.0,2.0
12727,Whitefield,4144.0,5.0,331.0,5.0
12728,other,1800.0,3.0,130.0,3.0
12729,Jigani,1221.0,3.0,65.0,3.0
12730,8th Phase JP Nagar,1046.0,2.0,48.0,2.0
12731,Uttarahalli,1290.0,2.0,56.12,3.0
12732,Electronic City Phase II,1065.0,2.0,30.76,2.0
12733,Ambedkar Nagar,1850.0,4.0,121.0,3.0
12734,Battarahalli,1097.0,2.0,49.0,2.0
12735,Kalena Agrahara,1200.0,3.0,70.0,2.0
12736,Varthur,2160.0,3.0,170.0,3.0
12737,Anekal,1140.0,2.0,52.0,2.0
12738,Thigalarapalya,1297.0,2.0,98.0,2.0
12739,Padmanabhanagar,1150.0,2.0,50.0,2.0
12740,other,1375.0,2.0,45.0,2.0
12741,Babusapalaya,1245.0,2.0,58.0,2.0
12743,Nagarbhavi,1800.0,3.0,180.0,4.0
12744,Brookefield,1594.0,3.0,140.0,3.0
12745,TC Palaya,1200.0,2.0,66.0,3.0
12746,Chandapura,645.0,1.0,16.45,1.0
12747,Kanakpura Road,700.0,2.0,36.0,2.0
12749,Raja Rajeshwari Nagar,1000.0,2.0,50.0,2.0
12751,Begur Road,1160.0,2.0,42.0,2.0
12754,other,1570.0,2.0,95.0,3.0
12755,Sarjapur  Road,1290.0,2.0,88.0,2.0
12756,Kudlu Gate,1200.0,2.0,44.4,2.0
12758,other,2250.0,3.0,180.0,3.0
12760,other,1145.0,2.0,44.0,2.0
12761,Chikkabanavar,1320.0,2.0,46.0,3.0
12762,Electronic City Phase II,1065.0,2.0,30.75,2.0
12763,Whitefield,1650.0,3.0,48.0,3.0
12764,Sarjapur  Road,1371.0,2.0,86.0,2.0
12765,other,2700.0,5.0,150.0,5.0
12766,Electronic City,1575.0,3.0,94.5,3.0
12767,Yelahanka,1362.0,2.0,66.0,2.0
12769,Haralur Road,1255.0,3.0,90.0,3.0
12770,Whitefield,925.0,2.0,35.0,2.0
12771,Electronics City Phase 1,1088.0,2.0,30.46,2.0
12772,Yelahanka,1234.0,2.0,80.0,2.0
12773,Sarjapur  Road,2140.0,3.0,139.0,3.0
12774,Thubarahalli,1584.0,3.0,101.0,3.0
12775,Whitefield,1175.0,2.0,50.0,2.0
12776,Sarjapura - Attibele Road,1555.0,3.0,52.0,3.0
12777,Chandapura,645.0,1.0,16.45,1.0
12778,Dodda Nekkundi,1585.0,2.0,79.0,3.0
12779,Kalena Agrahara,1354.0,2.0,71.0,2.0
12780,other,1165.0,2.0,45.0,2.0
12781,Kumaraswami Layout,1200.0,3.0,75.0,3.0
12782,Hebbal,1740.0,2.0,137.0,3.0
12784,Rachenahalli,985.0,2.0,50.17,2.0
12785,Chandapura,1200.0,2.0,36.0,2.0
12787,other,1340.0,2.0,47.0,3.0
12788,Begur Road,1583.0,3.0,95.23,3.0
12791,Bannerghatta Road,1122.5,2.0,61.74,2.0
12792,Thanisandra,1573.0,3.0,100.0,3.0
12793,CV Raman Nagar,1227.0,2.0,42.88,2.0
12794,other,1210.0,2.0,60.0,2.0
12795,Basavangudi,1650.0,3.0,125.0,3.0
12797,Raja Rajeshwari Nagar,1485.0,2.0,63.0,3.0
12798,Haralur Road,1735.0,3.0,97.0,3.0
12799,Hebbal Kempapura,1730.0,3.0,175.0,3.0
12800,other,1684.0,3.0,86.0,3.0
12801,other,1686.0,3.0,77.0,3.0
12802,other,1654.0,3.0,82.0,3.0
12803,Green Glen Layout,1600.0,3.0,105.0,3.0
12804,KR Puram,1100.0,2.0,39.9,2.0
12805,Bannerghatta Road,1655.0,3.0,95.0,3.0
12806,Hennur,1830.0,3.0,121.0,3.0
12807,Hebbal,1430.0,3.0,85.0,3.0
12808,Judicial Layout,1989.0,4.0,155.0,3.0
12809,Sarjapur  Road,1044.0,2.0,55.0,2.0
12810,Banashankari,1426.0,3.0,85.0,3.0
12811,Choodasandra,1115.0,2.0,50.0,2.0
12812,Yelahanka,1000.0,2.0,29.0,2.0
12814,Electronic City Phase II,1140.0,2.0,33.06,2.0
12815,Kodichikkanahalli,900.0,2.0,35.0,2.0
12816,other,1200.0,2.0,50.0,2.0
12817,Malleshwaram,580.0,1.0,45.0,1.0
12818,TC Palaya,1200.0,2.0,66.0,3.0
12819,Munnekollal,1030.0,2.0,50.36,2.0
12820,Koramangala,1910.0,4.0,150.0,3.0
12821,other,1950.0,3.0,132.0,3.0
12822,Kundalahalli,1724.0,3.0,125.0,3.0
12825,Kothanur,1400.0,2.0,65.0,2.0
12826,Kaggadasapura,1400.0,2.0,68.0,3.0
12827,Hulimavu,1115.0,2.0,44.6,2.0
12828,Bharathi Nagar,1300.0,2.0,55.86,2.0
12829,other,2400.0,4.0,150.0,4.0
12830,Kanakpura Road,1332.0,2.0,108.0,2.0
12831,Abbigere,1000.0,2.0,41.0,2.0
12832,Whitefield,1200.0,3.0,67.75,3.0
12833,Whitefield,2444.0,4.0,145.0,4.0
12834,Electronic City,1070.0,2.0,48.0,2.0
12835,Sarjapur  Road,1600.0,3.0,85.0,3.0
12836,Marathahalli,1196.0,2.0,57.95,2.0
12837,Electronic City,1025.0,2.0,54.0,2.0
12838,Choodasandra,1220.0,3.0,56.0,3.0
12839,Sarjapur  Road,2180.0,4.0,180.0,3.0
12840,other,1600.0,3.0,102.0,3.0
12843,Jakkur,1932.47,3.0,183.0,3.0
12844,Jalahalli,2086.0,3.0,160.0,3.0
12845,Old Madras Road,1165.0,2.0,51.42,2.0
12846,Marathahalli,1310.0,3.0,63.25,3.0
12848,Electronics City Phase 1,1900.0,3.0,85.0,3.0
12849,Chandapura,740.0,1.0,22.0,2.0
12850,Yeshwanthpur,2503.0,3.0,138.0,3.0
12851,5th Phase JP Nagar,1075.0,2.0,60.0,2.0
12852,Bellandur,1260.0,2.0,83.5,2.0
12853,Yelahanka,1282.0,2.0,48.72,3.0
12855,Green Glen Layout,1717.0,3.0,125.0,3.0
12856,other,1088.0,2.0,46.0,2.0
12857,Raja Rajeshwari Nagar,1335.0,2.0,56.0,3.0
12858,Vidyaranyapura,1200.0,2.0,42.0,2.0
12859,Garudachar Palya,1325.0,2.0,60.0,3.0
12860,JP Nagar,1157.0,2.0,73.0,2.0
12861,KR Puram,2283.0,2.0,121.0,4.0
12862,Sahakara Nagar,1200.0,2.0,54.0,2.0
12863,Pai Layout,1510.0,2.0,65.0,3.0
12864,Bommanahalli,1050.0,2.0,54.0,2.0
12865,other,1200.0,2.0,45.0,2.0
12866,Binny Pete,1516.0,3.0,147.0,3.0
12868,Channasandra,1050.0,2.0,44.41,2.0
12869,Hegde Nagar,1000.0,2.0,66.0,2.0
12870,9th Phase JP Nagar,1050.0,2.0,35.0,2.0
12872,BEML Layout,1194.0,2.0,65.0,2.0
12874,Hormavu,1210.0,2.0,69.0,2.0
12875,Whitefield,1660.0,3.0,110.0,3.0
12877,Electronics City Phase 1,1305.0,2.0,67.0,2.0
12878,other,1800.0,6.0,101.0,6.0
12879,Bannerghatta Road,1206.0,2.0,53.0,2.0
12880,Kambipura,883.0,2.0,49.0,2.0
12881,Bannerghatta Road,1150.0,2.0,55.0,2.0
12882,other,1100.0,2.0,65.0,2.0
12884,Cooke Town,1850.0,3.0,110.0,3.0
12885,Hoodi,3385.0,4.0,220.0,4.0
12886,Sompura,2150.0,3.0,85.0,4.0
12887,Hebbal,3895.0,3.0,390.0,3.0
12888,other,1035.0,2.0,55.0,2.0
12890,other,1200.0,3.0,75.0,3.0
12891,Hennur Road,1155.0,2.0,69.18,2.0
12893,Electronics City Phase 1,755.0,1.0,30.12,1.0
12894,Ramamurthy Nagar,960.0,2.0,35.0,2.0
12895,other,450.0,1.0,20.0,1.0
12897,Raja Rajeshwari Nagar,1571.0,3.0,53.12,3.0
12898,Sarjapur  Road,1691.0,3.0,119.0,3.0
12899,Kanakapura,1489.0,2.0,70.0,3.0
12900,Kengeri Satellite Town,800.0,2.0,32.0,2.0
12901,Jalahalli,980.0,2.0,60.0,3.0
12902,Bannerghatta Road,1215.0,2.0,65.0,2.0
12903,Electronic City Phase II,911.0,2.0,26.5,2.0
12904,Bellandur,1535.0,3.0,90.0,3.0
12906,R.T. Nagar,1500.0,2.0,70.0,3.0
12907,Brookefield,1588.0,2.0,58.0,2.0
12909,Kannamangala,957.0,2.0,56.0,2.0
12910,Electronic City Phase II,1200.0,2.0,34.65,2.0
12911,other,1495.0,2.0,52.33,3.0
12912,Bisuvanahalli,845.0,2.0,34.0,2.0
12914,Sarjapur  Road,2206.0,4.0,180.0,3.0
12915,Kasavanhalli,1181.0,2.0,61.0,2.0
12916,Sarjapur  Road,1309.0,2.0,69.5,2.0
12917,Horamavu Agara,1400.0,3.0,63.0,3.0
12919,Kanakpura Road,1622.0,3.0,95.0,3.0
12920,CV Raman Nagar,1225.0,2.0,48.0,2.0
12921,other,1719.0,3.0,95.0,3.0
12922,Abbigere,995.0,2.0,40.8,2.0
12923,Mahadevpura,1120.0,2.0,53.0,2.0
12924,Bellandur,1047.0,2.0,75.0,2.0
12925,Devanahalli,1466.0,3.0,59.96,3.0
12926,Sarjapur  Road,1691.0,3.0,100.0,3.0
12927,Chandapura,876.0,2.0,28.47,2.0
12928,CV Raman Nagar,1659.0,3.0,135.0,3.0
12930,8th Phase JP Nagar,1269.0,2.0,50.75,3.0
12931,Kammanahalli,1200.0,3.0,80.0,2.0
12932,Budigere,1153.0,2.0,56.5,2.0
12933,Whitefield,1315.0,2.0,69.5,2.0
12934,Hebbal Kempapura,2485.0,4.0,198.0,4.0
12935,Tumkur Road,1354.0,3.0,85.86,3.0
12936,Whitefield,1344.0,3.0,130.0,4.0
12937,Yelahanka,1180.0,2.0,55.0,2.0
12938,Jalahalli,1313.0,2.0,68.0,2.0
12939,Nehru Nagar,1100.0,2.0,50.0,2.0
12943,Vishwapriya Layout,890.0,2.0,37.0,2.0
12944,Whitefield,1173.0,2.0,78.2,2.0
12945,other,1190.0,2.0,55.0,2.0
12946,Green Glen Layout,1250.0,2.0,75.0,2.0
12947,Hoodi,1644.0,3.0,80.51,3.0
12948,Yelahanka New Town,1740.0,3.0,150.0,3.0
12949,Jakkur,1710.0,3.0,110.0,3.0
12951,Hebbal,1662.0,3.0,155.0,3.0
12952,other,1162.0,2.0,48.0,2.0
12953,Whitefield,1362.0,2.0,85.0,2.0
12954,other,540.0,1.0,22.5,1.0
12955,Thanisandra,1533.0,3.0,75.885,3.0
12957,Sarjapur  Road,1250.0,4.0,135.0,4.0
12958,Begur Road,1410.0,2.0,54.99,3.0
12959,Chikka Tirupathi,2665.0,5.0,125.0,4.0
12960,other,970.0,2.0,45.0,2.0
12964,Haralur Road,1810.0,3.0,97.83,3.0
12965,other,1084.0,2.0,51.0,2.0
12966,other,1500.0,3.0,85.0,3.0
12967,Uttarahalli,1328.0,2.0,56.0,3.0
12968,Marathahalli,1485.0,2.0,90.0,3.0
12969,Pai Layout,1500.0,2.0,58.0,3.0
12970,R.T. Nagar,1100.0,2.0,85.0,2.0
12971,other,1360.0,2.0,73.0,3.0
12974,Electronic City Phase II,1031.0,2.0,54.48,2.0
12975,Whitefield,955.0,2.0,38.19,2.0
12976,Uttarahalli,1040.0,2.0,36.4,2.0
12977,KR Puram,2800.0,6.0,110.0,7.0
12978,Kothannur,1404.0,2.0,56.15,3.0
12979,Haralur Road,1200.0,2.0,46.0,2.0
12980,Yelahanka,1267.0,3.0,78.0,2.0
12981,Bannerghatta Road,1510.0,2.0,110.0,3.0
12982,Kanakpura Road,900.0,2.0,42.0,2.0
12983,Whitefield,1457.0,2.0,105.0,3.0
12984,Iblur Village,3596.0,4.0,268.0,4.0
12985,8th Phase JP Nagar,1408.0,3.0,80.0,3.0
12986,Dodda Nekkundi,1005.0,2.0,45.0,2.0
12987,other,30400.0,4.0,1824.0,6.0
12989,other,1182.0,2.0,64.0,2.0
12990,Talaghattapura,2038.5,3.0,122.0,3.0
12991,Sarjapur  Road,1367.0,2.0,80.0,2.0
12994,Sarjapur  Road,1565.0,3.0,78.0,3.0
12995,Whitefield,1720.0,3.0,128.0,3.0
12996,Doddathoguru,1107.0,2.0,44.0,2.0
12997,Yelahanka,1360.0,2.0,78.19,2.0
12998,Anekal,625.0,1.0,25.0,2.0
13000,other,1350.0,1.0,120.0,3.0
13001,Hosa Road,1016.0,2.0,39.95,2.0
13002,other,1500.0,3.0,90.0,3.0
13003,Akshaya Nagar,900.0,2.0,45.0,2.0
13004,Sanjay nagar,1500.0,3.0,150.0,3.0
13006,Kereguddadahalli,1280.0,3.0,42.0,3.0
13008,Electronic City,1500.0,2.0,70.0,3.0
13009,Electronic City,1500.0,2.0,64.5,3.0
13010,Gottigere,1245.0,2.0,59.0,2.0
13011,Yelahanka,1025.0,2.0,44.0,2.0
13012,other,1945.0,3.0,135.0,3.0
13014,Hegde Nagar,1348.0,2.0,80.5,3.0
13015,Tindlu,1100.0,2.0,55.0,2.0
13016,Kammasandra,1616.0,3.0,40.0,3.0
13017,Yeshwanthpur,1855.0,3.0,135.0,3.0
13018,Hennur,1255.0,2.0,56.5,2.0
13020,5th Phase JP Nagar,2400.0,4.0,228.0,4.0
13021,Kothanur,1195.0,2.0,59.0,2.0
13022,Bannerghatta Road,1022.0,2.0,35.0,2.0
13024,Dodda Nekkundi,1264.0,2.0,52.0,2.0
13025,Chamrajpet,1650.0,3.0,115.0,3.0
13026,Abbigere,1020.0,2.0,40.8,2.0
13027,Sarjapur  Road,4395.0,4.0,242.0,4.0
13028,Bommasandra,950.0,2.0,25.0,2.0
13029,other,2710.0,5.0,142.0,4.0
13030,Hennur Road,1936.0,3.0,131.0,3.0
13031,other,1075.0,2.0,58.0,2.0
13032,Hosur Road,1223.0,2.0,93.0,2.0
13033,Whitefield,1500.0,3.0,61.9,3.0
13034,Hennur,1050.0,2.0,42.73,2.0
13035,7th Phase JP Nagar,2100.0,3.0,190.0,3.0
13037,Uttarahalli,1650.0,2.0,130.0,3.0
13038,Whitefield,1495.0,2.0,78.0,2.0
13039,JP Nagar,1500.0,2.0,82.0,3.0
13041,Whitefield,1270.0,2.0,52.0,2.0
13042,Kumaraswami Layout,1081.0,2.0,60.0,2.0
13043,Koramangala,1600.0,2.0,140.0,3.0
13044,Kanakpura Road,1596.0,3.0,118.0,3.0
13046,Horamavu Agara,1557.0,3.0,70.0,3.0
13047,other,1410.0,3.0,68.0,3.0
13048,Sarjapur  Road,1984.0,4.0,148.0,3.0
13049,Kadugodi,1196.0,2.0,60.0,2.0
13050,Thanisandra,2259.0,3.0,112.0,4.0
13051,Kenchenahalli,1720.0,3.0,100.0,3.0
13053,other,1256.0,2.0,62.8,2.0
13054,Haralur Road,1243.0,2.0,46.0,2.0
13055,Electronic City Phase II,1310.0,2.0,37.83,3.0
13056,7th Phase JP Nagar,1140.0,2.0,57.0,2.0
13058,Kothanur,1790.0,3.0,120.0,3.0
13059,Harlur,1335.0,2.0,72.76,2.0
13060,Nehru Nagar,1674.0,3.0,81.0,3.0
13062,other,1786.0,3.0,79.99,3.0
13064,Sarjapur  Road,1035.0,2.0,47.0,2.0
13065,Whitefield,1564.0,3.0,103.0,3.0
13066,Margondanahalli,1334.0,2.0,67.76,2.0
13068,Bommasandra,1365.0,3.0,53.96,3.0
13069,Choodasandra,1115.0,2.0,50.0,2.0
13070,Jalahalli East,1020.0,2.0,42.48,2.0
13071,other,1369.0,2.0,72.0,3.0
13072,Whitefield,1240.0,2.0,41.0,2.0
13074,other,1418.0,2.0,62.0,2.0
13075,Hebbal,2250.0,3.0,219.0,3.0
13077,KR Puram,1020.0,2.0,39.0,2.0
13078,Yelahanka New Town,1290.0,2.0,70.0,2.0
13079,Attibele,1500.0,3.0,90.0,3.0
13080,Billekahalli,1290.0,3.0,62.0,3.0
13081,Jalahalli,1881.0,3.0,115.0,3.0
13082,Jigani,943.0,2.0,49.5,2.0
13083,Electronic City,1140.0,2.0,32.93,2.0
13084,other,1035.0,2.0,60.0,2.0
13085,Whitefield,1500.0,3.0,71.0,3.0
13087,other,1232.0,2.0,94.28,2.0
13088,Uttarahalli,1290.0,2.0,56.12,3.0
13090,Anandapura,1576.0,3.0,58.7,3.0
13091,other,980.0,2.0,41.0,2.0
13093,Sarjapur  Road,1346.0,2.0,74.03,2.0
13094,Hoodi,1181.0,2.0,55.0,2.0
13095,other,6652.0,6.0,660.0,4.0
13096,other,1307.0,2.0,59.0,2.0
13097,other,1215.0,2.0,49.86,3.0
13098,Sanjay nagar,1180.0,2.0,80.0,2.0
13099,Amruthahalli,600.0,1.0,55.0,1.0
13100,Sarjapur  Road,1115.0,2.0,50.0,2.0
13101,other,1025.0,2.0,43.04,2.0
13102,Ramagondanahalli,1910.0,3.0,131.0,3.0
13103,Gottigere,1200.0,2.0,50.0,2.0
13105,Hebbal,1349.0,2.0,98.0,2.0
13106,Electronics City Phase 1,1175.0,2.0,60.0,2.0
13107,2nd Phase Judicial Layout,1150.0,2.0,40.25,2.0
13108,Old Madras Road,935.0,2.0,32.72,2.0
13109,Whitefield,1404.0,2.0,59.0,3.0
13110,other,2700.0,3.0,230.0,4.0
13111,HSR Layout,1203.0,2.0,60.0,2.0
13113,Somasundara Palya,1571.0,3.0,63.0,3.0
13114,other,1125.0,2.0,46.0,2.0
13115,Kammasandra,610.0,1.0,18.5,1.0
13116,Ambalipura,1198.0,2.0,80.0,2.0
13117,Chandapura,1200.0,3.0,65.0,3.0
13118,other,1200.0,2.0,45.0,2.0
13119,other,6688.0,6.0,700.0,4.0
13120,other,1830.0,3.0,95.0,3.0
13121,Kudlu Gate,1432.0,2.0,61.11,3.0
13122,Somasundara Palya,2300.0,2.0,70.0,3.0
13123,9th Phase JP Nagar,1331.95,2.0,69.0,2.0
13124,Yeshwanthpur,1876.0,3.0,160.0,3.0
13125,Whitefield,1639.0,3.0,107.0,3.0
13126,Akshaya Nagar,1200.0,4.0,125.0,4.0
13127,Kanakpura Road,1665.0,3.0,74.9,3.0
13128,Kogilu,1140.0,2.0,50.66,2.0
13129,Electronic City,2093.0,4.0,134.0,4.0
13130,Kanakpura Road,1450.0,3.0,60.9,3.0
13131,TC Palaya,1330.0,3.0,46.56,3.0
13133,Talaghattapura,1800.0,3.0,84.0,3.0
13134,other,2872.0,4.0,183.0,4.0
13135,other,1486.0,2.0,65.0,3.0
13136,Chikkalasandra,1425.0,1.0,54.0,3.0
13137,Raja Rajeshwari Nagar,1255.0,2.0,42.54,2.0
13138,Electronic City,750.0,2.0,19.5,2.0
13139,Nagarbhavi,1225.0,2.0,58.0,2.0
13140,Badavala Nagar,1274.0,2.0,90.0,2.0
13141,other,4600.0,9.0,150.0,9.0
13142,Kathriguppe,1350.0,3.0,80.99,3.0
13143,other,1100.0,2.0,64.08,2.0
13144,Whitefield,1760.0,3.0,139.0,3.0
13145,Bommasandra,1200.0,3.0,110.0,3.0
13147,Chandapura,1095.0,2.0,28.0,3.0
13148,HSR Layout,1140.0,2.0,46.0,2.0
13149,Raja Rajeshwari Nagar,1530.0,3.0,64.86,3.0
13150,Kundalahalli,1724.0,3.0,140.0,3.0
13151,Horamavu Agara,1058.0,2.0,47.0,2.0
13152,other,1464.0,3.0,56.0,3.0
13153,other,1975.0,3.0,90.0,3.0
13154,Sarjapur  Road,1112.0,2.0,58.0,2.0
13155,other,1600.0,2.0,90.0,2.0
13156,Vittasandra,1648.0,3.0,85.0,3.0
13157,other,1100.0,2.0,32.0,2.0
13158,Hoskote,509.0,1.0,23.0,1.0
13159,Talaghattapura,2265.0,3.0,159.0,3.0
13160,Malleshpalya,1200.0,2.0,46.0,2.0
13161,other,530.0,1.0,18.0,1.0
13162,other,1010.0,2.0,41.0,2.0
13163,Kaggadasapura,1150.0,2.0,45.0,2.0
13164,Sarjapur  Road,1340.0,2.0,75.0,2.0
13165,Raja Rajeshwari Nagar,1850.0,3.0,98.0,3.0
13166,Doddathoguru,907.0,2.0,40.0,2.0
13169,Pai Layout,1600.0,2.0,65.0,3.0
13170,other,1800.0,5.0,140.0,6.0
13171,Iblur Village,3596.0,5.0,251.0,4.0
13172,Hosur Road,1464.0,3.0,56.0,3.0
13173,Hennur,1295.0,2.0,62.0,2.0
13174,other,1012.0,2.0,62.0,2.0
13175,Yelahanka New Town,1000.0,2.0,48.0,3.0
13176,Channasandra,1010.0,2.0,32.0,2.0
13177,Bharathi Nagar,1379.0,2.0,85.0,2.0
13178,Kasavanhalli,1121.0,2.0,75.0,2.0
13179,LB Shastri Nagar,1200.0,2.0,75.0,2.0
13181,Bannerghatta Road,1246.0,2.0,47.35,2.0
13182,7th Phase JP Nagar,1420.0,3.0,90.0,3.0
13184,other,1090.0,2.0,55.0,2.0
13185,Electronic City,1355.0,2.0,73.0,2.0
13186,Ambedkar Nagar,1425.0,2.0,94.0,2.0
13187,Chikkabanavar,4000.0,7.0,110.0,8.0
13188,Electronics City Phase 1,1700.0,3.0,111.0,3.0
13189,Talaghattapura,2099.0,3.0,134.0,3.0
13191,Devanahalli,1520.0,2.0,69.76,3.0
13192,other,1490.0,3.0,140.0,3.0
13193,Horamavu Banaswadi,1000.0,2.0,50.0,2.0
13194,Sahakara Nagar,1291.0,2.0,72.3,2.0
13195,Kanakpura Road,1339.0,2.0,67.0,2.0
13196,other,1330.0,2.0,56.0,2.0
13199,other,1650.0,1.0,130.0,2.0
13201,Jakkur,1125.0,2.0,44.75,2.0
13202,CV Raman Nagar,1310.0,2.0,62.0,2.0
13203,Bellandur,1096.0,2.0,40.0,2.0
13204,Dasanapura,814.0,2.0,43.7,2.0
13205,Sarjapur  Road,3500.0,3.0,275.0,3.0
13206,Raja Rajeshwari Nagar,1140.0,2.0,44.0,2.0
13207,other,1480.0,2.0,75.0,3.0
13208,Hebbal,4000.0,6.0,370.0,4.0
13209,other,1500.0,2.0,78.0,3.0
13210,Sarjapur  Road,1850.0,3.0,89.0,3.0
13211,other,745.0,2.0,36.0,2.0
13212,Whitefield,613.0,1.0,48.0,1.0
13214,Bannerghatta Road,1470.0,2.0,85.0,3.0
13218,Bannerghatta Road,1160.0,2.0,45.0,2.0
13220,Attibele,520.0,1.0,15.0,1.0
13222,Electronic City,1360.0,2.0,64.99,3.0
13223,other,1155.0,2.0,64.0,2.0
13224,Chandapura,520.0,1.0,14.04,1.0
13225,Ambalipura,1615.0,2.0,150.0,3.0
13226,Raja Rajeshwari Nagar,6000.0,8.0,215.0,8.0
13227,Raja Rajeshwari Nagar,1140.0,2.0,39.0,2.0
13228,other,1508.0,3.0,77.0,3.0
13229,Ambedkar Nagar,2395.0,4.0,150.0,3.0
13230,Uttarahalli,1590.0,3.0,57.0,3.0
13231,Thigalarapalya,2215.0,4.0,152.0,3.0
13232,R.T. Nagar,1667.0,3.0,130.0,3.0
13234,7th Phase JP Nagar,1530.0,2.0,108.0,2.0
13235,Whitefield,1730.0,3.0,125.0,3.0
13236,JP Nagar,1048.0,2.0,44.0,2.0
13237,Malleshpalya,1225.0,2.0,52.0,2.0
13238,other,1200.0,2.0,70.0,2.0
13239,Kundalahalli,1175.0,2.0,65.0,2.0
13240,Devanahalli,1075.0,2.0,52.57,1.0
13241,Electronic City Phase II,1651.0,3.0,49.53,3.0
13242,8th Phase JP Nagar,1500.0,2.0,55.0,3.0
13243,Doddathoguru,1783.0,3.0,85.0,3.0
13244,Kereguddadahalli,1015.0,2.0,35.0,2.0
13246,Sarjapur  Road,2758.0,4.0,240.0,4.0
13248,Sarjapur  Road,1132.0,2.0,70.0,2.0
13249,KR Puram,1200.0,2.0,75.0,2.0
13250,Hoodi,1490.0,3.0,85.0,3.0
13251,Thanisandra,1917.0,4.0,130.0,4.0
13252,Bhoganhalli,1703.0,3.0,120.0,3.0
13253,Old Madras Road,1211.0,2.0,45.0,2.0
13254,Kudlu Gate,1310.0,2.0,53.0,2.0
13255,Marathahalli,1146.0,2.0,69.0,2.0
13256,Kudlu,1041.0,2.0,53.0,2.0
13257,Whitefield,1453.0,2.0,58.0,3.0
13258,Whitefield,877.0,1.0,59.0,1.0
13259,Kanakapura,1477.0,2.0,69.5,3.0
13263,Sarjapur  Road,1380.0,2.0,55.0,3.0
13264,other,1095.0,2.0,57.0,2.0
13265,Hoodi,1258.5,2.0,59.135,2.0
13266,Varthur,1665.0,3.0,71.58,3.0
13267,KR Puram,1245.0,2.0,60.0,2.0
13268,EPIP Zone,3360.0,5.0,221.0,4.0
13269,Electronic City,2010.0,3.0,201.0,3.0
13270,Shivaji Nagar,1226.0,2.0,60.0,3.0
13271,Uttarahalli,1075.0,2.0,46.76,2.0
13272,Thanisandra,1226.0,2.0,65.59,2.0
13273,Raja Rajeshwari Nagar,510.0,1.0,22.0,1.0
13274,Budigere,1153.0,2.0,60.0,2.0
13275,Kothannur,1600.0,4.0,45.0,4.0
13276,LB Shastri Nagar,1000.0,2.0,49.5,2.0
13278,other,1256.0,2.0,65.0,2.0
13280,Sarjapur,1425.0,3.0,57.0,3.0
13282,Hosur Road,1919.0,3.0,117.0,3.0
13283,Neeladri Nagar,2111.0,3.0,103.0,3.0
13284,Bannerghatta Road,970.0,2.0,57.0,2.0
13285,other,1353.0,2.0,110.0,2.0
13286,Jalahalli,1405.0,2.0,85.0,3.0
13287,Gubbalala,1285.0,2.0,90.0,2.0
13288,Mahadevpura,1050.0,2.0,42.0,2.0
13289,Hebbal,1349.0,2.0,96.8,2.0
13291,other,812.0,1.0,26.0,1.0
13292,other,1440.0,2.0,63.93,3.0
13293,Sarjapur  Road,2425.0,5.0,195.0,4.0
13294,Sultan Palaya,2200.0,3.0,80.0,4.0
13295,Haralur Road,1810.0,3.0,112.0,3.0
13297,Electronic City,1060.0,2.0,52.0,2.0
13298,Kenchenahalli,1015.0,2.0,60.0,2.0
13299,Whitefield,2856.0,5.0,154.5,4.0
13300,Hosakerehalli,1500.0,6.0,145.0,5.0
13301,Kothanur,1454.0,3.0,71.5,3.0
13302,other,1075.0,2.0,48.0,2.0
13304,Raja Rajeshwari Nagar,1187.0,2.0,40.14,2.0
13307,Billekahalli,1805.0,3.0,134.0,3.0
13308,Bannerghatta Road,1527.0,3.0,142.0,3.0
13309,Yeshwanthpur,1675.0,3.0,92.13,3.0
13310,Rachenahalli,1050.0,2.0,52.71,2.0
13312,Bellandur,1262.0,2.0,47.0,2.0
13313,Uttarahalli,1345.0,2.0,57.0,3.0
13314,Green Glen Layout,1715.0,3.0,112.0,3.0
13315,Whitefield,3453.0,4.0,231.0,5.0
13317,Raja Rajeshwari Nagar,1141.0,2.0,60.0,2.0
13318,Padmanabhanagar,4689.0,4.0,488.0,4.0
13319,Doddathoguru,550.0,1.0,17.0,1.0
